Fecha de Actualización,Fecha de Carga,Lote de Actualización,Sucursal,Org ID,Organización,Alias Máquina,Serie Máquina,Modelo Máquina,Tipo Máquina,Tipo Componente,Modelo Componente,Serie Componente,Versión Software,Serie Asignada Licencia,Tipo Asignación Original,Nombre Licencia,Número Licencia,Familia Licencia,Tipo Movimiento,Fecha Inicio Licencia,Fecha Vencimiento,Días para Vencer,Estado Original,Estado Licencia,Fuente,Método Vinculación,Clave Componente,Clave Licencia
2026-09-30,2026-09-30 17:17:34.007363,20260930_171734_c8c847,CORDOBA,356035.0,VACCARIN CESAR Y VACCARINI LEANDRO,M4040 Vaccarini Hns.,1NW4040MJSF250278,M4040,Pulverizadora,Receptores de posición,SF7500,PCS75UA248694,2.70F,PCS75UA248694,Receptor de posición,SF-RTK,A-S00614515,SF7500,No informado,2026-06-24,2027-06-24,267.0,Activo,Vigente,Operations Center,Serie de receptor,PCS75UA248694,A-S00614515
2026-09-30,2026-09-30 17:17:34.007363,20260930_171734_c8c847,CORDOBA,356035.0,VACCARIN CESAR Y VACCARINI LEANDRO,M4040 Vaccarini Hns.,1NW4040MJSF250278,M4040,Pulverizadora,Monitor,G5 CommandCenter,PCG5CSC240422,26.3 (11.3.4160-52),1NW4040MJSF250278,Machine,G5 Advanced - Aplicación autopropulsada,A-S00631946,G5,No informado,2026-06-21,2027-06-21,264.0,Activo,Vigente,Operations Center,Serie de máquina,PCG5CSC240422,A-S00631946
2026-09-30,2026-09-30 17:17:34.007363,20260930_171734_c8c847,PILAR,439215.0,BARTOMAR SAS   ,VÍCTOR S770 BRUNETTI N2,1J0S770BLS0155164,S770,Cosechadora,Monitor,G5 CommandCenter,PCG5CSB204194,25.4 (10.35.3817-13),1J0S770BLS0155164,Machine,G5 Advanced - Cosechadora,A-S00614556,G5,No informado,2025-03-30,,,Activo,Vigente,Operations Center,Serie de máquina,PCG5CSB204194,A-S00614556
2026-09-30,2026-09-30 17:17:34.007363,20260930_171734_c8c847,PILAR,439215.0,BARTOMAR SAS   ,GERMAN S780 BRUNETTI N7,1J0S780BVS0155152,S780,Cosechadora,Monitor,G5 CommandCenter,PCG5CSB206786,25.4 (10.35.3817-13),1J0S780BVS0155152,Machine,G5 Advanced - Cosechadora,A-S00616914,G5,No informado,,,,Activo,Vigente,Operations Center,Serie de máquina,PCG5CSB206786,A-S00616914
2026-09-30,2026-09-30 17:17:34.007363,20260930_171734_c8c847,PILAR,439215.0,BARTOMAR SAS   ,NICO S780 BRUNETTI N6,1J0S780BHS0155169,S780,Cosechadora,Monitor,G5 CommandCenter,PCG5CSB206080,25.4 (10.35.3817-13),1J0S780BHS0155169,Machine,G5 Advanced - Cosechadora,A-S00625237,G5,No informado,2025-06-22,2028-06-24,633.0,Activo,Vigente,Operations Center,Serie de máquina,PCG5CSB206080,A-S00625237
2026-09-30,2026-09-30 17:17:34.007363,20260930_171734_c8c847,PILAR,439215.0,BARTOMAR SAS   ,NICO S780 BRUNETTI N6,1J0S780BHS0155169,S780,Cosechadora,Receptores de posición,SF7500,PCS75UA199618,2.30J,PCS75UA199618,Receptor de posición,SF-RTK,A-S00627345,SF7500,No informado,2025-06-22,2028-06-24,633.0,Activo,Vigente,Operations Center,Serie de receptor,PCS75UA199618,A-S00627345
2026-09-30,2026-09-30 17:17:34.007363,20260930_171734_c8c847,PILAR,439215.0,BARTOMAR SAS   ,GERMAN S780 BRUNETTI N7,1J0S780BVS0155152,S780,Cosechadora,Receptores de posición,SF7500,PCS75UA197347,2.30J,PCS75UA197347,Receptor de posición,SF-RTK,A-S00629209,SF7500,No informado,2026-06-09,2029-06-11,985.0,Activo,Vigente,Operations Center,Serie de receptor,PCS75UA197347,A-S00629209
2026-09-30,2026-09-30 17:17:34.007363,20260930_171734_c8c847,SINSACATE,425653.0,ADJ SRL,Tractor 7M 215,1J07215CHR3000191,7M 215,Tractor,Receptores de posición,SF7500,PCS75UA191870,2.40P,PCS75UA191870,Receptor de posición,SF-RTK,A-S00614779,SF7500,No informado,2025-09-01,2028-09-03,704.0,Activo,Vigente,Operations Center,Serie de receptor,PCS75UA191870,A-S00614779
2026-09-30,2026-09-30 17:17:34.007363,20260930_171734_c8c847,SINSACATE,425653.0,ADJ SRL,Cosechadora S7 800,1J0S780BTS0160120,S7 800,Cosechadora,Receptores de posición,SF7500 Integrated,PCG75FA239177,2.50F,PCG75FA239177,Receptor de posición,SF-RTK,A-S00619045,SF7500,No informado,2026-03-18,2029-03-20,902.0,Activo,Vigente,Operations Center,Serie de receptor,PCG75FA239177,A-S00619045
2026-09-30,2026-09-30 17:17:34.007363,20260930_171734_c8c847,SINSACATE,425653.0,ADJ SRL,Cosechadora S7 800,1J0S780BTS0160120,S7 800,Cosechadora,Monitor,G5 CommandCenter,PCG5CSB192005,26.3 (11.3.4160-40),1J0S780BTS0160120,Machine,Cosechadora S7/X9 Ultimate,A-S00622297,G5,No informado,,,,Activo,Vigente,Operations Center,Serie de máquina,PCG5CSB192005,A-S00622297
2026-09-30,2026-09-30 17:17:34.007363,20260930_171734_c8c847,SINSACATE,425653.0,ADJ SRL,Cosechadora S790,1J0S790BVS0155108,S790,Cosechadora,Monitor,G5 CommandCenter,PCG5CSB191978,26.2 (11.2.4087-59),1J0S790BVS0155108,Machine,G5 Advanced - Cosechadora,A-S00622333,G5,No informado,2025-03-27,2028-03-29,546.0,Activo,Vigente,Operations Center,Serie de máquina,PCG5CSB191978,A-S00622333
2026-09-30,2026-09-30 17:17:34.007363,20260930_171734_c8c847,ARROYITO,413552.0,GEROSA SANDRO LUIS,S7 700 CRISTIAN,1J0S770BKT0160200,S7 700,Cosechadora,Monitor,G5 CommandCenter,PCG5CSC264149,25.4 (10.35.3817-13),1J0S770BKT0160200,Machine,G5 Advanced - Cosechadora,A-S00614690,G5,No informado,,,,Activo,Vigente,Operations Center,Serie de máquina,PCG5CSC264149,A-S00614690
2026-09-30,2026-09-30 17:17:34.007363,20260930_171734_c8c847,ARROYITO,413552.0,GEROSA SANDRO LUIS,S770 Jose Druetta,1CQS770AAR0155302,S770,Cosechadora,Receptores de posición,SF7500,PCS75UA181293,2.30J,PCS75UA181293,Receptor de posición,SF-RTK,A-S00619062,SF7500,No informado,2025-03-10,2028-03-12,529.0,Activo,Vigente,Operations Center,Serie de receptor,PCS75UA181293,A-S00619062
2026-09-30,2026-09-30 17:17:34.007363,20260930_171734_c8c847,ARROYITO,413552.0,GEROSA SANDRO LUIS,S770 Jose Druetta,1CQS770AAR0155302,S770,Cosechadora,Monitor,G5 CommandCenter,PCG5CSB189394,25.2 (10.31.3676-103),1CQS770AAR0155302,Machine,G5 Advanced - Cosechadora,A-S00622853,G5,No informado,2025-03-10,2028-03-12,529.0,Activo,Vigente,Operations Center,Serie de máquina,PCG5CSB189394,A-S00622853
2026-09-30,2026-09-30 17:17:34.007363,20260930_171734_c8c847,ARROYITO,413552.0,GEROSA SANDRO LUIS,S7 700 CRISTIAN,1J0S770BKT0160200,S7 700,Cosechadora,Receptores de posición,SF7500 Integrated,PCG75FA239105,2.50F,PCG75FA239105,Receptor de posición,SF-RTK,A-S00640133,SF7500,No informado,,,,Activo,Vigente,Operations Center,Serie de receptor,PCG75FA239105,A-S00640133
2026-09-30,2026-09-30 17:17:34.007363,20260930_171734_c8c847,ARROYITO,413552.0,GEROSA SANDRO LUIS,S7 700 David,1J0S770BHT0160237,S7 700,Cosechadora,Monitor,G5 CommandCenter,PCG5CSC242843,26.3 (11.3.4160-46),1J0S770BHT0160237,Machine,G5 Advanced - Cosechadora,A-S00659528,G5,No informado,2026-07-28,2027-07-30,303.0,Activo,Vigente,Operations Center,Serie de máquina,PCG5CSC242843,A-S00659528
2026-09-30,2026-09-30 17:17:34.007363,20260930_171734_c8c847,ARROYITO,413552.0,GEROSA SANDRO LUIS,,,,,Receptor de posición,SF7500 Integrated,,,PCG75FA252020,Receptor de posición,SF-RTK,A-S00659529,Otra,No informado,2026-07-28,2027-07-30,303.0,Activo,Vigente,Operations Center,No encontrado,PCG75FA252020,A-S00659529
2026-09-30,2026-09-30 17:17:34.007363,20260930_171734_c8c847,,420917.0,Tozzi,MONA 135,1J0S780BVS0155135,S780,Cosechadora,Monitor,G5 CommandCenter,PCG5CSB194302,25.1 (10.30.3567-82),1J0S780BVS0155135,Machine,G5 Advanced - Cosechadora,A-S00616002,G5,No informado,2025-02-19,2028-02-21,509.0,Activo,Vigente,Operations Center,Serie de máquina,PCG5CSB194302,A-S00616002
2026-09-30,2026-09-30 17:17:34.007363,20260930_171734_c8c847,,420917.0,Tozzi,OCHI 125,1J0S780BVS0160125,S7 800,Cosechadora,Monitor,G5 CommandCenter,PCG5CSC248922,26.3 (11.3.4160-52),1J0S780BVS0160125,Machine,Cosechadora S7/X9 Ultimate,A-S00623367,G5,No informado,2025-10-29,2028-10-31,762.0,Activo,Vigente,Operations Center,Serie de máquina,PCG5CSC248922,A-S00623367
2026-09-30,2026-09-30 17:17:34.007363,20260930_171734_c8c847,,420917.0,Tozzi,Emi 125,1J0S780BHP0150125,S780,Cosechadora,Monitor,G5 CommandCenter,PCG5CSA108260,25.1 (10.30.3567-72),1J0S780BHP0150125,Machine,G5 Advanced - Cosechadora,A-S00625523,G5,No informado,2024-03-12,2027-03-14,165.0,Activo,Vigente,Operations Center,Serie de máquina,PCG5CSA108260,A-S00625523
2026-09-30,2026-09-30 17:17:34.007363,20260930_171734_c8c847,,420917.0,Tozzi,MONA 135,1J0S780BVS0155135,S780,Cosechadora,Receptores de posición,SF7500,PCS75UA175147,2.30J,PCS75UA175147,Receptor de posición,SF-RTK,A-S00627299,SF7500,No informado,2025-02-19,2028-02-21,509.0,Activo,Vigente,Operations Center,Serie de receptor,PCS75UA175147,A-S00627299
2026-09-30,2026-09-30 17:17:34.007363,20260930_171734_c8c847,,420917.0,Tozzi,OCHI 125,1J0S780BVS0160125,S7 800,Cosechadora,Receptores de posición,SF7500 Integrated,PCG75FA239107,2.50F,PCG75FA239107,Receptor de posición,SF-RTK,A-S00639214,SF7500,No informado,2025-10-29,2028-10-31,762.0,Activo,Vigente,Operations Center,Serie de receptor,PCG75FA239107,A-S00639214
2026-09-30,2026-09-30 17:17:34.007363,20260930_171734_c8c847,CORDOBA,406172.0,MADARO SRL,S780 - Enzo,1J0S780BEN0145134,S780,Cosechadora,Receptores de posición,SF7000,PCS17UB127479,6.80C,PCS17UB127479,Receptor de posición,SF-RTK,A-S00620208,SF7000,No informado,,,,Activo,Vigente,Operations Center,Serie de receptor,PCS17UB127479,A-S00620208
2026-09-30,2026-09-30 17:17:34.007363,20260930_171734_c8c847,CORDOBA,406172.0,MADARO SRL,,,,,Receptor de posición,SF7000,,,PCS17UB225160,Receptor de posición,SF-RTK,A-S00632085,Otra,No informado,,,,Activo,Vigente,Operations Center,No encontrado,PCS17UB225160,A-S00632085
2026-09-30,2026-09-30 17:17:34.007363,20260930_171734_c8c847,CORDOBA,406172.0,MADARO SRL,S7 900 - Nestor,1J0S790BVT0160150,S7 900,Cosechadora,Monitor,G5 CommandCenter,PCG5CSC257711,26.3 (11.3.4160-65),1J0S790BVT0160150,Machine,Cosechadora S7/X9 Ultimate,A-S00632466,G5,No informado,,,,Activo,Vigente,Operations Center,Serie de máquina,PCG5CSC257711,A-S00632466
2026-09-30,2026-09-30 17:17:34.007363,20260930_171734_c8c847,CORDOBA,406172.0,MADARO SRL,S780 - Antonio,1J0S780BEP0150112,S780,Cosechadora,Monitor,G5 CommandCenter,PCG5CSA107273,25.4 (10.35.3817-13),1J0S780BEP0150112,Machine,G5 Advanced - Cosechadora,A-S00634660,G5,No informado,2025-10-16,2026-06-16,-106.0,Cancelada,Cancelada,Operations Center,Serie de máquina,PCG5CSA107273,A-S00634660
2026-09-30,2026-09-30 17:17:34.007363,20260930_171734_c8c847,CORDOBA,406172.0,MADARO SRL,S7 900 - Nestor,1J0S790BVT0160150,S7 900,Cosechadora,Receptores de posición,SF7500 Integrated,PCG75FA243047,2.70F,PCG75FA243047,Receptor de posición,SF-RTK,A-S00640267,SF7500,No informado,,,,Activo,Vigente,Operations Center,Serie de receptor,PCG75FA243047,A-S00640267
2026-09-30,2026-09-30 17:17:34.007363,20260930_171734_c8c847,CORDOBA,406172.0,MADARO SRL,MADARO 6190J,1J06190JLRD600298,6190J,Tractor,Receptores de posición,SF7000,PCS17UB172853,6.80C,PCS17UB172853,Receptor de posición,SF-RTK,A-S00642621,SF7000,No informado,,,,Activo,Vigente,Operations Center,Serie de receptor,PCS17UB172853,A-S00642621
2026-09-30,2026-09-30 17:17:34.007363,20260930_171734_c8c847,CORDOBA,308408.0,H&H Outfitters SA,4030M N2,1NW4030MKSF250564,M4030,Pulverizadora,Monitor,G5 CommandCenter,PCG5CSC227209,26.3 (11.3.4160-52),1NW4030MKSF250564,Machine,G5 Advanced - Aplicación autopropulsada,A-S00615156,G5,No informado,,,,Activo,Vigente,Operations Center,Serie de máquina,PCG5CSC227209,A-S00615156
2026-09-30,2026-09-30 17:17:34.007363,20260930_171734_c8c847,CORDOBA,308408.0,H&H Outfitters SA,8400R,1BM8400RVSS102717,8400R,Tractor,Receptores de posición,SF7500,PCS75UA248277,2.30J,PCS75UA248277,Receptor de posición,RTK universal permanente,A-S00615260,SF7500,No informado,,,,Activo,Vigente,Operations Center,Serie de receptor,PCS75UA248277,A-S00615260
2026-09-30,2026-09-30 17:17:34.007363,20260930_171734_c8c847,CORDOBA,308408.0,H&H Outfitters SA,8345R,1RW8345REGS109775,8345R,Tractor,Monitor,G5Plus Universal,PCG5PUB246686,25.4 (10.35.3817-13),PCG5PUB246686,Monitor,Renovable avanzada,A-S00615712,G5,No informado,,,,Activo,Vigente,Operations Center,Serie de monitor,PCG5PUB246686,A-S00615712
2026-09-30,2026-09-30 17:17:34.007363,20260930_171734_c8c847,CORDOBA,308408.0,H&H Outfitters SA,,,,,Receptor de posición,SF7500,,,PCS75UA247608,Receptor de posición,SF-RTK,A-S00616237,Otra,No informado,2026-05-26,2027-05-27,239.0,Activo,Vigente,Operations Center,No encontrado,PCS75UA247608,A-S00616237
2026-09-30,2026-09-30 17:17:34.007363,20260930_171734_c8c847,CORDOBA,308408.0,H&H Outfitters SA,S7 800,1J0S780BHS0160159,S7 800,Cosechadora,Receptores de posición,SF7500 Integrated,PCG75FA256186,2.50F,PCG75FA256186,Receptor de posición,RTK integrado permanente,A-S00617158,SF7500,No informado,2026-05-04,,,Activo,Vigente,Operations Center,Serie de receptor,PCG75FA256186,A-S00617158
2026-09-30,2026-09-30 17:17:34.007363,20260930_171734_c8c847,CORDOBA,308408.0,H&H Outfitters SA,,,,,Receptor de posición,SF7500,,,PCS75UA311236,Receptor de posición,RTK universal permanente,A-S00617388,Otra,No informado,,,,Activo,Vigente,Operations Center,No encontrado,PCS75UA311236,A-S00617388
2026-09-30,2026-09-30 17:17:34.007363,20260930_171734_c8c847,CORDOBA,308408.0,H&H Outfitters SA,8330,RW8330P027935,8330,Tractor,Monitor,G5Plus Universal,PCG5PUB246677,26.3 (11.3.4160-52),PCG5PUB246677,Monitor,Renovable avanzada,A-S00618208,G5,No informado,,,,Activo,Vigente,Operations Center,Serie de monitor,PCG5PUB246677,A-S00618208
2026-09-30,2026-09-30 17:17:34.007363,20260930_171734_c8c847,CORDOBA,308408.0,H&H Outfitters SA,6190J CBA,1J06190JTSD600460,6190J,Tractor,Receptores de posición,SF7500,PCS75UA203477,2.30J,PCS75UA203477,Receptor de posición,SF-RTK,A-S00618262,SF7500,No informado,2025-10-02,2026-10-04,4.0,Activo,Vence en 30 días,Operations Center,Serie de receptor,PCS75UA203477,A-S00618262
2026-09-30,2026-09-30 17:17:34.007363,20260930_171734_c8c847,CORDOBA,308408.0,H&H Outfitters SA,,,,,Monitor,G5Plus Universal,,,PCG5PUB247050,Monitor,Renovable avanzada,A-S00620130,Otra,No informado,,,,Activo,Vigente,Operations Center,No encontrado,PCG5PUB247050,A-S00620130
2026-09-30,2026-09-30 17:17:34.007363,20260930_171734_c8c847,CORDOBA,308408.0,H&H Outfitters SA,,,,,Receptor de posición,SF7500,,,PCS75UA248869,Receptor de posición,RTK universal permanente,A-S00623934,Otra,No informado,,,,Activo,Vigente,Operations Center,No encontrado,PCS75UA248869,A-S00623934
2026-09-30,2026-09-30 17:17:34.007363,20260930_171734_c8c847,CORDOBA,308408.0,H&H Outfitters SA,,,,,Receptor de posición,SF7500,,,PCS75UA247616,Receptor de posición,RTK universal permanente,A-S00624409,Otra,No informado,,,,Activo,Vigente,Operations Center,No encontrado,PCS75UA247616,A-S00624409
2026-09-30,2026-09-30 17:17:34.007363,20260930_171734_c8c847,CORDOBA,308408.0,H&H Outfitters SA,4030M N°1,1NW4030MVKF190208,M4030,Pulverizadora,Receptores de posición,SF7000,PCS17UB168563,6.80C,PCS17UB168563,Receptor de posición,SF-RTK,A-S00625356,SF7000,No informado,,,,Activo,Vigente,Operations Center,Serie de receptor,PCS17UB168563,A-S00625356
2026-09-30,2026-09-30 17:17:34.007363,20260930_171734_c8c847,CORDOBA,308408.0,H&H Outfitters SA,,,,,Receptor de posición,SF7500,,,PCS75UA249034,Receptor de posición,RTK universal permanente,A-S00627883,Otra,No informado,,,,Activo,Vigente,Operations Center,No encontrado,PCS75UA249034,A-S00627883
2026-09-30,2026-09-30 17:17:34.007363,20260930_171734_c8c847,CORDOBA,308408.0,H&H Outfitters SA,8400R,1BM8400RVSS102717,8400R,Tractor,Receptores de posición,SF7500,PCS75UA248277,2.30J,PCS75UA248277,Receptor de posición,SF-RTK,A-S00628215,SF7500,No informado,,,,Activo,Vigente,Operations Center,Serie de receptor,PCS75UA248277,A-S00628215
2026-09-30,2026-09-30 17:17:34.007363,20260930_171734_c8c847,CORDOBA,308408.0,H&H Outfitters SA,9410R,1RW9410RJDP010449,9410R,Tractor,Receptores de posición,SF7500,PCS75UA243160,2.40P,PCS75UA243160,Receptor de posición,SF-RTK,A-S00628800,SF7500,No informado,2025-11-30,,,Activo,Vigente,Operations Center,Serie de receptor,PCS75UA243160,A-S00628800
2026-09-30,2026-09-30 17:17:34.007363,20260930_171734_c8c847,CORDOBA,308408.0,H&H Outfitters SA,,,,,Monitor,G5Plus Universal,,,PCG5PUB186432,Monitor,Renovable esencial,A-S00629648,Otra,No informado,2025-11-30,,,Activo,Vigente,Operations Center,No encontrado,PCG5PUB186432,A-S00629648
2026-09-30,2026-09-30 17:17:34.007363,20260930_171734_c8c847,CORDOBA,308408.0,H&H Outfitters SA,S780 N°2,1J0S780BVN0145113,S780,Cosechadora,Receptores de posición,SF7000,PCS17UB171566,6.80C,PCS17UB171566,Receptor de posición,SF-RTK,A-S00630146,SF7000,No informado,2026-05-05,2027-05-07,219.0,Activo,Vigente,Operations Center,Serie de receptor,PCS17UB171566,A-S00630146
2026-09-30,2026-09-30 17:17:34.007363,20260930_171734_c8c847,CORDOBA,308408.0,H&H Outfitters SA,6115J CBA,1J06115JLND600175,6115J,Tractor,Monitor,G5Plus Universal,PCG5PUB246774,25.4 (10.35.3817-13),PCG5PUB246774,Monitor,Renovable esencial,A-S00631095,G5,No informado,2026-05-14,2027-05-16,228.0,Activo,Vigente,Operations Center,Serie de monitor,PCG5PUB246774,A-S00631095
2026-09-30,2026-09-30 17:17:34.007363,20260930_171734_c8c847,CORDOBA,308408.0,H&H Outfitters SA,S690,1CQS690ATH0120103,S690,Cosechadora,Monitor,G5 Universal,PCG5MUB169433,26.3 (11.3.4160-40),PCG5MUB169433,Monitor,Renovable avanzada,A-S00634885,G5,No informado,2025-10-08,2026-10-10,10.0,Activo,Vence en 30 días,Operations Center,Serie de monitor,PCG5MUB169433,A-S00634885
2026-09-30,2026-09-30 17:17:34.007363,20260930_171734_c8c847,CORDOBA,308408.0,H&H Outfitters SA,9420R,1RW9420RLKP062835,9420R,Tractor,Monitor,G5Plus Universal,PCG5PUB247102,26.3 (11.3.4160-52),PCG5PUB247102,Monitor,Renovable avanzada,A-S00635896,G5,No informado,,,,Activo,Vigente,Operations Center,Serie de monitor,PCG5PUB247102,A-S00635896
2026-09-30,2026-09-30 17:17:34.007363,20260930_171734_c8c847,CORDOBA,308408.0,H&H Outfitters SA,S680,1J0S680BKH0120103,S680,Cosechadora,Receptores de posición,SF7000,PCS17UB171554,6.60T,PCS17UB171554,Receptor de posición,SF-RTK,A-S00635954,SF7000,No informado,2026-05-05,2027-05-07,219.0,Activo,Vigente,Operations Center,Serie de receptor,PCS17UB171554,A-S00635954
2026-09-30,2026-09-30 17:17:34.007363,20260930_171734_c8c847,CORDOBA,308408.0,H&H Outfitters SA,4030M N2,1NW4030MKSF250564,M4030,Pulverizadora,Receptores de posición,SF7500,PCS75UA246127,2.30J,PCS75UA246127,Receptor de posición,RTK universal permanente,A-S00635962,SF7500,No informado,,,,Activo,Vigente,Operations Center,Serie de receptor,PCS75UA246127,A-S00635962
2026-09-30,2026-09-30 17:17:34.007363,20260930_171734_c8c847,CORDOBA,308408.0,H&H Outfitters SA,8400R,1BM8400RVSS102717,8400R,Tractor,Monitor,G5 CommandCenter,PCG5CSC244975,25.4 (10.35.3817-13),1BM8400RVSS102717,Machine,G5 Advanced - Tractor de la serie 7/8/9,A-S00637184,G5,No informado,,,,Activo,Vigente,Operations Center,Serie de máquina,PCG5CSC244975,A-S00637184
2026-09-30,2026-09-30 17:17:34.007363,20260930_171734_c8c847,CORDOBA,308408.0,H&H Outfitters SA,8270R,1BM8270RPHP100020,8270R,Tractor,Monitor,G5 Universal,PCG5MUB113884,25.3 (10.32.3817-138),PCG5MUB113884,Monitor,G5 Advanced - Universal,A-S00638116,G5,No informado,2025-10-27,2026-10-29,29.0,Activo,Vence en 30 días,Operations Center,Serie de monitor,PCG5MUB113884,A-S00638116
2026-09-30,2026-09-30 17:17:34.007363,20260930_171734_c8c847,CORDOBA,308408.0,H&H Outfitters SA,S7 800,1J0S780BHS0160159,S7 800,Cosechadora,Monitor,G5 CommandCenter,PCG5CSC258360,26.3 (11.3.4160-52),1J0S780BHS0160159,Machine,Cosechadora S7/X9 Ultimate,A-S00641546,G5,No informado,,,,Activo,Vigente,Operations Center,Serie de máquina,PCG5CSC258360,A-S00641546
2026-09-30,2026-09-30 17:17:34.007363,20260930_171734_c8c847,CORDOBA,308408.0,H&H Outfitters SA,S680,1J0S680BKH0120103,S680,Cosechadora,Monitor,G5 Universal,PCG5MUB177010,26.3 (11.3.4160-40),PCG5MUB177010,Monitor,Renovable avanzada,A-S00643100,G5,No informado,2026-10-10,2027-10-10,375.0,Activo,Vigente,Operations Center,Serie de monitor,PCG5MUB177010,A-S00643100
2026-09-30,2026-09-30 17:17:34.007363,20260930_171734_c8c847,CORDOBA,308408.0,H&H Outfitters SA,,,,,Receptor de posición,SF7500,,,PCS75UA217961,Receptor de posición,SF-RTK,A-S00643673,Otra,No informado,,,,Vencido,Vencida,Operations Center,No encontrado,PCS75UA217961,A-S00643673
2026-09-30,2026-09-30 17:17:34.007363,20260930_171734_c8c847,CORDOBA,308408.0,H&H Outfitters SA,770P,1BZ770PALTCE00067,770 P,Motoniveladora,Receptores de posición,SF7500,PCS75UA257870,2.30J,PCS75UA257870,Receptor de posición,RTK universal permanente,A-S00645784,SF7500,No informado,2026-06-16,,,Activo,Vigente,Operations Center,Serie de receptor,PCS75UA257870,A-S00645784
2026-09-30,2026-09-30 17:17:34.007363,20260930_171734_c8c847,CORDOBA,308408.0,H&H Outfitters SA,6190J CHACO,1J06190JLRD600334,6190J,Tractor,Receptores de posición,SF7000,PCS17UB168206,6.80C,PCS17UB168206,Receptor de posición,SF-RTK,A-S00654441,SF7000,No informado,2026-06-29,2027-06-30,273.0,Activo,Vigente,Operations Center,Serie de receptor,PCS17UB168206,A-S00654441
2026-09-30,2026-09-30 17:17:34.007363,20260930_171734_c8c847,CORDOBA,308408.0,H&H Outfitters SA,4730 N°1,1NW4730XJH0055387,4730,Pulverizadora,Monitor,G5Plus Universal,PCG5PUB191287,26.3 (11.3.4160-52),PCG5PUB191287,Monitor,Renovable avanzada,A-S00690613,G5,No informado,,,,Activo,Vigente,Operations Center,Serie de monitor,PCG5PUB191287,A-S00690613
2026-09-30,2026-09-30 17:17:34.007363,20260930_171734_c8c847,CORDOBA,308408.0,H&H Outfitters SA,4730 N°2,1NW4730XHJ0055998,4730,Pulverizadora,Monitor,G5Plus Universal,PCG5PUB190520,26.3 (11.3.4160-52),PCG5PUB190520,Monitor,Renovable avanzada,A-S00690736,G5,No informado,,,,Activo,Vigente,Operations Center,Serie de monitor,PCG5PUB190520,A-S00690736
2026-09-30,2026-09-30 17:17:34.007363,20260930_171734_c8c847,ARROYITO,419718.0,OMAR PONSO,Dario Merlini(3563-405699),1J0S790BES0160122,S7 900,Cosechadora,Receptores de posición,SF7500 Integrated,PCG75FA249193,2.50F,PCG75FA249193,Receptor de posición,SF-RTK,A-S00614777,SF7500,No informado,,,,Activo,Vigente,Operations Center,Serie de receptor,PCG75FA249193,A-S00614777
2026-09-30,2026-09-30 17:17:34.007363,20260930_171734_c8c847,ARROYITO,419718.0,OMAR PONSO,Dario Merlini(3563-405699),1J0S790BES0160122,S7 900,Cosechadora,Monitor,G5 CommandCenter,PCG5CSC255633,26.3 (11.3.4160-40),1J0S790BES0160122,Machine,Cosechadora S7/X9 Ultimate,A-S00624262,G5,No informado,,,,Activo,Vigente,Operations Center,Serie de máquina,PCG5CSC255633,A-S00624262
2026-09-30,2026-09-30 17:17:34.007363,20260930_171734_c8c847,ARROYITO,419718.0,OMAR PONSO,Antonio Caglieris(3563-409024),1J0S780BKR0155108,S780,Cosechadora,Monitor,G5 CommandCenter,PCG5CSA115381,25.4 (10.35.3817-9),1J0S780BKR0155108,Machine,G5 Advanced - Cosechadora,A-S00641303,G5,No informado,,,,Activo,Vigente,Operations Center,Serie de máquina,PCG5CSA115381,A-S00641303
2026-09-30,2026-09-30 17:17:34.007363,20260930_171734_c8c847,ARROYITO,419718.0,OMAR PONSO,Antonio Caglieris(3563-409024),1J0S780BKR0155108,S780,Cosechadora,Receptores de posición,SF7500,PCS75UA190607,2.30J,PCS75UA190607,Receptor de posición,SF-RTK,A-S00643032,SF7500,No informado,,,,Activo,Vigente,Operations Center,Serie de receptor,PCS75UA190607,A-S00643032
2026-09-30,2026-09-30 17:17:34.007363,20260930_171734_c8c847,CORDOBA,271361.0,CONCI SA,1BM8320RASS100952,1BM8320RASS100952,8320R,Tractor,Receptores de posición,SF7500,PCS75UA164832,2.50F,PCS75UA164832,Receptor de posición,SF-RTK,A-S00614907,SF7500,No informado,,,,Activo,Vigente,Operations Center,Serie de receptor,PCS75UA164832,A-S00614907
2026-09-30,2026-09-30 17:17:34.007363,20260930_171734_c8c847,CORDOBA,271361.0,CONCI SA,cosechadora,1CQ9670ATB0091244,9670 STS,Cosechadora,Monitor,G5 Universal,PCG5MUB192134,26.3 (11.3.4160-40),PCG5MUB192134,Monitor,Renovable esencial,A-S00615629,G5,No informado,2026-07-13,2027-07-13,286.0,Activo,Vigente,Operations Center,Serie de monitor,PCG5MUB192134,A-S00615629
2026-09-30,2026-09-30 17:17:34.007363,20260930_171734_c8c847,CORDOBA,271361.0,CONCI SA,,,,,,,,,,,SF-RTK,A-S00615896,Otra,No informado,,,,No activado,No activada,Operations Center,Sin serie asignada,,A-S00615896
2026-09-30,2026-09-30 17:17:34.007363,20260930_171734_c8c847,CORDOBA,271361.0,CONCI SA,,,,,,,,,,,SF-RTK,A-S00615918,Otra,No informado,,,,No activado,No activada,Operations Center,Sin serie asignada,,A-S00615918
2026-09-30,2026-09-30 17:17:34.007363,20260930_171734_c8c847,CORDOBA,271361.0,CONCI SA,,,,,,,,,,,SF-RTK,A-S00615925,Otra,No informado,,,,Cancelada,Cancelada,Operations Center,Sin serie asignada,,A-S00615925
2026-09-30,2026-09-30 17:17:34.007363,20260930_171734_c8c847,CORDOBA,271361.0,CONCI SA,,,,,Monitor,G5 Universal,,,PCG5MUB192365,Monitor,Renovable esencial,A-S00617460,Otra,No informado,,,,No activado,No activada,Operations Center,No encontrado,PCG5MUB192365,A-S00617460
2026-09-30,2026-09-30 17:17:34.007363,20260930_171734_c8c847,CORDOBA,271361.0,CONCI SA,,,,,Receptor de posición,SF7000,,,PCS17UB235988,Receptor de posición,SF-RTK,A-S00617600,Otra,No informado,,,,Activo,Vigente,Operations Center,No encontrado,PCS17UB235988,A-S00617600
2026-09-30,2026-09-30 17:17:34.007363,20260930_171734_c8c847,CORDOBA,271361.0,CONCI SA,,,,,,,,,,,SF-RTK,A-S00618300,Otra,No informado,2025-10-29,2026-06-16,-106.0,Cancelada,Cancelada,Operations Center,Sin serie asignada,,A-S00618300
2026-09-30,2026-09-30 17:17:34.007363,20260930_171734_c8c847,CORDOBA,271361.0,CONCI SA,4730 N°2,1NW4730XHJ0055998,4730,Pulverizadora,Monitor,G5Plus Universal,PCG5PUB190520,26.3 (11.3.4160-52),PCG5PUB190520,Monitor,Renovable avanzada,A-S00618598,G5,No informado,2025-07-31,,,Vencido,Vencida,Operations Center,Serie de monitor,PCG5PUB190520,A-S00618598
2026-09-30,2026-09-30 17:17:34.007363,20260930_171734_c8c847,CORDOBA,271361.0,CONCI SA,,,,,,,,,,,SF-RTK,A-S00619280,Otra,No informado,,,,No activado,No activada,Operations Center,Sin serie asignada,,A-S00619280
2026-09-30,2026-09-30 17:17:34.007363,20260930_171734_c8c847,CORDOBA,271361.0,CONCI SA,,,,,,,,,,,SF-RTK,A-S00620827,Otra,No informado,2026-09-10,2026-09-11,-19.0,Cancelada,Cancelada,Operations Center,Sin serie asignada,,A-S00620827
2026-09-30,2026-09-30 17:17:34.007363,20260930_171734_c8c847,CORDOBA,271361.0,CONCI SA,,,,,,,,,,,SF-RTK,A-S00621771,Otra,No informado,2025-10-29,2026-06-16,-106.0,Cancelada,Cancelada,Operations Center,Sin serie asignada,,A-S00621771
2026-09-30,2026-09-30 17:17:34.007363,20260930_171734_c8c847,CORDOBA,271361.0,CONCI SA,,,,,,,,,,,SF-RTK,A-S00621835,Otra,No informado,,,,No activado,No activada,Operations Center,Sin serie asignada,,A-S00621835
2026-09-30,2026-09-30 17:17:34.007363,20260930_171734_c8c847,CORDOBA,271361.0,CONCI SA,,,,,Monitor,G5 Universal,,,PCG5MUB186623,Monitor,Renovable esencial,A-S00623532,Otra,No informado,,,,No activado,No activada,Operations Center,No encontrado,PCG5MUB186623,A-S00623532
2026-09-30,2026-09-30 17:17:34.007363,20260930_171734_c8c847,CORDOBA,271361.0,CONCI SA,1BM8250RJTS000240,1BM8250RJTS000240,8250R,Tractor,Receptores de posición,SF7500,PCS75UA261473,2.50F,PCS75UA261473,Receptor de posición,SF-RTK,A-S00623904,SF7500,No informado,2026-07-12,2027-07-12,285.0,Activo,Vigente,Operations Center,Serie de receptor,PCS75UA261473,A-S00623904
2026-09-30,2026-09-30 17:17:34.007363,20260930_171734_c8c847,CORDOBA,271361.0,CONCI SA,,,,,,,,,,,SF-RTK,A-S00624026,Otra,No informado,2026-05-14,2026-06-16,-106.0,Cancelada,Cancelada,Operations Center,Sin serie asignada,,A-S00624026
2026-09-30,2026-09-30 17:17:34.007363,20260930_171734_c8c847,CORDOBA,271361.0,CONCI SA,,,,,Monitor,G5 Universal,,,PCG5MUB189594,Monitor,Renovable esencial,A-S00624443,Otra,No informado,,,,No activado,No activada,Operations Center,No encontrado,PCG5MUB189594,A-S00624443
2026-09-30,2026-09-30 17:17:34.007363,20260930_171734_c8c847,CORDOBA,271361.0,CONCI SA,,,,,Monitor,G5 Universal,,,PCG5MUB189334,Monitor,Renovable esencial,A-S00624722,Otra,No informado,2026-09-21,2027-09-21,356.0,Activo,Vigente,Operations Center,No encontrado,PCG5MUB189334,A-S00624722
2026-09-30,2026-09-30 17:17:34.007363,20260930_171734_c8c847,CORDOBA,271361.0,CONCI SA,,,,,Monitor,G5 Universal,,,PCG5MUB170369,Monitor,Renovable esencial,A-S00626169,Otra,No informado,2025-07-15,2026-07-17,-75.0,Vencido,Vencida,Operations Center,No encontrado,PCG5MUB170369,A-S00626169
2026-09-30,2026-09-30 17:17:34.007363,20260930_171734_c8c847,CORDOBA,271361.0,CONCI SA,Tractor 7205J RAMOS,1BM7205JAAH000092,7205J,Tractor,Monitor,G5 Universal,PCG5MUB192485,26.3 (11.3.4160-40),PCG5MUB192485,Monitor,Renovable esencial,A-S00626320,G5,No informado,2026-09-27,2027-09-27,362.0,Activo,Vigente,Operations Center,Serie de monitor,PCG5MUB192485,A-S00626320
2026-09-30,2026-09-30 17:17:34.007363,20260930_171734_c8c847,CORDOBA,271361.0,CONCI SA,,,,,,,,,,,SF-RTK,A-S00626547,Otra,No informado,2025-10-08,2026-06-16,-106.0,Cancelada,Cancelada,Operations Center,Sin serie asignada,,A-S00626547
2026-09-30,2026-09-30 17:17:34.007363,20260930_171734_c8c847,CORDOBA,271361.0,CONCI SA,6170J,1J06170JEHD000113,6170J,Tractor,Monitor,G5 Universal,PCG5MUB169755,25.2 (10.31.3676-103),PCG5MUB169755,Monitor,Renovable avanzada,A-S00626767,G5,No informado,2025-07-14,2026-07-16,-76.0,Vencido,Vencida,Operations Center,Serie de monitor,PCG5MUB169755,A-S00626767
2026-09-30,2026-09-30 17:17:34.007363,20260930_171734_c8c847,CORDOBA,271361.0,CONCI SA,,,,,Monitor,G5Plus Universal,,,PCG5PUB190146,Monitor,Renovable esencial,A-S00626801,Otra,No informado,,,,No activado,No activada,Operations Center,No encontrado,PCG5PUB190146,A-S00626801
2026-09-30,2026-09-30 17:17:34.007363,20260930_171734_c8c847,CORDOBA,271361.0,CONCI SA,Marcelo Cisaro- 9650 STS,CQ9650A070005,9650 STS,Cosechadora,Monitor,G5 Universal,PCG5MUB186884,26.3 (11.3.4160-52),PCG5MUB186884,Monitor,Renovable esencial,A-S00626852,G5,No informado,,,,No activado,No activada,Operations Center,Serie de monitor,PCG5MUB186884,A-S00626852
2026-09-30,2026-09-30 17:17:34.007363,20260930_171734_c8c847,CORDOBA,271361.0,CONCI SA,,,,,,,,,,,SF-RTK,A-S00627900,Otra,No informado,2026-02-19,2026-06-16,-106.0,Cancelada,Cancelada,Operations Center,Sin serie asignada,,A-S00627900
2026-09-30,2026-09-30 17:17:34.007363,20260930_171734_c8c847,CORDOBA,271361.0,CONCI SA,1J06190JJSD600463,1J06190JJSD600463,6190J,Tractor,Receptores de posición,SF7500,PCS75UA210445,2.50F,PCS75UA210445,Receptor de posición,SF-RTK,A-S00629385,SF7500,No informado,2026-09-07,2027-09-07,342.0,Activo,Vigente,Operations Center,Serie de receptor,PCS75UA210445,A-S00629385
2026-09-30,2026-09-30 17:17:34.007363,20260930_171734_c8c847,CORDOBA,271361.0,CONCI SA,,,,,,,,,,,SF-RTK,A-S00629818,Otra,No informado,2026-03-25,2026-06-16,-106.0,Cancelada,Cancelada,Operations Center,Sin serie asignada,,A-S00629818
2026-09-30,2026-09-30 17:17:34.007363,20260930_171734_c8c847,CORDOBA,271361.0,CONCI SA,,,,,Monitor,G5Plus Universal,,,PCG5PUB192461,Monitor,Renovable esencial,A-S00630143,Otra,No informado,,,,No activado,No activada,Operations Center,No encontrado,PCG5PUB192461,A-S00630143
2026-09-30,2026-09-30 17:17:34.007363,20260930_171734_c8c847,CORDOBA,271361.0,CONCI SA,,,,,,,,,,,SF-RTK,A-S00630282,Otra,No informado,2026-03-13,2026-06-16,-106.0,Cancelada,Cancelada,Operations Center,Sin serie asignada,,A-S00630282
2026-09-30,2026-09-30 17:17:34.007363,20260930_171734_c8c847,CORDOBA,271361.0,CONCI SA,,,,,,,,,,,SF-RTK,A-S00630323,Otra,No informado,2026-09-10,2026-09-11,-19.0,Cancelada,Cancelada,Operations Center,Sin serie asignada,,A-S00630323
2026-09-30,2026-09-30 17:17:34.007363,20260930_171734_c8c847,CORDOBA,271361.0,CONCI SA,9470 STS VOTTERO,1CQ9470ACB0000338,9470 STS,Cosechadora,Monitor,G5 Universal,PCG5MUB176390,26.3 (11.3.4160-40),PCG5MUB176390,Monitor,Renovable esencial,A-S00630526,G5,No informado,2025-07-16,2026-07-18,-74.0,Vencido,Vencida,Operations Center,Serie de monitor,PCG5MUB176390,A-S00630526
2026-09-30,2026-09-30 17:17:34.007363,20260930_171734_c8c847,CORDOBA,271361.0,CONCI SA,,,,,,,,,,,SF-RTK,A-S00632709,Otra,No informado,2025-10-08,2026-06-16,-106.0,Cancelada,Cancelada,Operations Center,Sin serie asignada,,A-S00632709
2026-09-30,2026-09-30 17:17:34.007363,20260930_171734_c8c847,CORDOBA,271361.0,CONCI SA,,,,,Receptor de posición,SF7500,,,PCS75UA178915,Receptor de posición,SF-RTK,A-S00633016,Otra,No informado,2025-11-05,2026-11-07,38.0,Activo,Vence en 60 días,Operations Center,No encontrado,PCS75UA178915,A-S00633016
2026-09-30,2026-09-30 17:17:34.007363,20260930_171734_c8c847,CORDOBA,271361.0,CONCI SA,,,,,Receptor de posición,SF7500,,,PCS75UA145286,Receptor de posición,SF-RTK,A-S00633042,Otra,No informado,2025-09-14,2026-09-16,-14.0,Vencido,Vencida,Operations Center,No encontrado,PCS75UA145286,A-S00633042
2026-09-30,2026-09-30 17:17:34.007363,20260930_171734_c8c847,CORDOBA,271361.0,CONCI SA,,,,,Receptor de posición,SF7000,,,PCS17UB209950,Receptor de posición,SF-RTK,A-S00633093,Otra,No informado,2025-11-05,2026-11-07,38.0,Activo,Vence en 60 días,Operations Center,No encontrado,PCS17UB209950,A-S00633093
2026-09-30,2026-09-30 17:17:34.007363,20260930_171734_c8c847,CORDOBA,271361.0,CONCI SA,CQ1550A047731,CQ1550A047731,1550,Cosechadora,Monitor,G5 Universal,PCG5MUB192311,24-2 (10.29.3422-101),PCG5MUB192311,Monitor,Renovable esencial,A-S00634069,G5,No informado,,,,Activo,Vigente,Operations Center,Serie de monitor,PCG5MUB192311,A-S00634069
2026-09-30,2026-09-30 17:17:34.007363,20260930_171734_c8c847,CORDOBA,271361.0,CONCI SA,,,,,Monitor,G5 Universal,,,PCG5MUB192280,Monitor,Renovable esencial,A-S00635031,Otra,No informado,,,,No activado,No activada,Operations Center,No encontrado,PCG5MUB192280,A-S00635031
2026-09-30,2026-09-30 17:17:34.007363,20260930_171734_c8c847,CORDOBA,271361.0,CONCI SA,Rosendo Stefanello 6165J,1BM6165JCAD000308,6165J,Tractor,Monitor,G5 Universal,PCG5MUB176865,26.3 (11.3.4160-52),PCG5MUB176865,Monitor,Renovable esencial,A-S00635270,G5,No informado,,,,Vencido,Vencida,Operations Center,Serie de monitor,PCG5MUB176865,A-S00635270
2026-09-30,2026-09-30 17:17:34.007363,20260930_171734_c8c847,CORDOBA,271361.0,CONCI SA,,,,,,,,,,,SF-RTK,A-S00636543,Otra,No informado,2025-10-23,2026-06-16,-106.0,Cancelada,Cancelada,Operations Center,Sin serie asignada,,A-S00636543
2026-09-30,2026-09-30 17:17:34.007363,20260930_171734_c8c847,CORDOBA,271361.0,CONCI SA,,,,,Receptor de posición,SF7500,,,PCS75UA124990,Receptor de posición,SF-RTK,A-S00638229,Otra,No informado,2025-10-06,2026-10-08,8.0,Activo,Vence en 30 días,Operations Center,No encontrado,PCS75UA124990,A-S00638229
2026-09-30,2026-09-30 17:17:34.007363,20260930_171734_c8c847,CORDOBA,271361.0,CONCI SA,,,,,,,,,,,SF-RTK,A-S00638377,Otra,No informado,,,,No activado,No activada,Operations Center,Sin serie asignada,,A-S00638377
2026-09-30,2026-09-30 17:17:34.007363,20260930_171734_c8c847,CORDOBA,271361.0,CONCI SA,,,,,Monitor,G5Plus Universal,,,PCG5PUB192073,Monitor,Renovable esencial,A-S00638744,Otra,No informado,,,,No activado,No activada,Operations Center,No encontrado,PCG5PUB192073,A-S00638744
2026-09-30,2026-09-30 17:17:34.007363,20260930_171734_c8c847,CORDOBA,271361.0,CONCI SA,,,,,Receptor de posición,SF7000,,,PCS17UB238844,Receptor de posición,SF-RTK,A-S00638768,Otra,No informado,2026-02-03,2027-02-05,128.0,Activo,Vigente,Operations Center,No encontrado,PCS17UB238844,A-S00638768
2026-09-30,2026-09-30 17:17:34.007363,20260930_171734_c8c847,CORDOBA,271361.0,CONCI SA,1J07200CPR3000179,1J07200CPR3000179,7M 200,Tractor,Monitor,G5 CommandCenter,PCG5CSB158657,26.3 (11.3.4160-40),1J07200CPR3000179,Machine,G5 Advanced - Tractor de la serie 7/8/9,A-S00639430,G5,No informado,2026-06-23,2027-06-23,266.0,Activo,Vigente,Operations Center,Serie de máquina,PCG5CSB158657,A-S00639430
2026-09-30,2026-09-30 17:17:34.007363,20260930_171734_c8c847,CORDOBA,271361.0,CONCI SA,BM7815X080119,BM7815X080119,7815,Tractor,Monitor,G5Plus Universal,PCG5PUB182474,26.3 (11.3.4160-52),PCG5PUB182474,Monitor,Renovable esencial,A-S00640155,G5,No informado,,,,No activado,No activada,Operations Center,Serie de monitor,PCG5PUB182474,A-S00640155
2026-09-30,2026-09-30 17:17:34.007363,20260930_171734_c8c847,CORDOBA,271361.0,CONCI SA,,,,,,,,,,,SF-RTK,A-S00640336,Otra,No informado,2026-02-19,2026-06-16,-106.0,Cancelada,Cancelada,Operations Center,Sin serie asignada,,A-S00640336
2026-09-30,2026-09-30 17:17:34.007363,20260930_171734_c8c847,CORDOBA,271361.0,CONCI SA,4730 N°1,1NW4730XJH0055387,4730,Pulverizadora,Monitor,G5Plus Universal,PCG5PUB191287,26.3 (11.3.4160-52),PCG5PUB191287,Monitor,Renovable avanzada,A-S00641117,G5,No informado,2025-07-31,,,Vencido,Vencida,Operations Center,Serie de monitor,PCG5PUB191287,A-S00641117
2026-09-30,2026-09-30 17:17:34.007363,20260930_171734_c8c847,CORDOBA,271361.0,CONCI SA,,,,,,,,,,,SF-RTK,A-S00641723,Otra,No informado,2026-02-25,2026-06-16,-106.0,Cancelada,Cancelada,Operations Center,Sin serie asignada,,A-S00641723
2026-09-30,2026-09-30 17:17:34.007363,20260930_171734_c8c847,CORDOBA,271361.0,CONCI SA,,,,,,,,,,,SF-RTK,A-S00641775,Otra,No informado,,,,No activado,No activada,Operations Center,Sin serie asignada,,A-S00641775
2026-09-30,2026-09-30 17:17:34.007363,20260930_171734_c8c847,CORDOBA,271361.0,CONCI SA,7815,BM7815X070087,7815,Tractor,Monitor,G5 Universal,PCG5MUB199131,26.3 (11.3.4160-40),PCG5MUB199131,Monitor,Renovable esencial,A-S00642574,G5,No informado,,,,Activo,Vigente,Operations Center,Serie de monitor,PCG5MUB199131,A-S00642574
2026-09-30,2026-09-30 17:17:34.007363,20260930_171734_c8c847,CORDOBA,271361.0,CONCI SA,,,,,Receptor de posición,SF7000,,,PCS17UB239628,Receptor de posición,SF-RTK,A-S00643184,Otra,No informado,,,,Activo,Vigente,Operations Center,No encontrado,PCS17UB239628,A-S00643184
2026-09-30,2026-09-30 17:17:34.007363,20260930_171734_c8c847,CORDOBA,271361.0,CONCI SA,,,,,Receptor de posición,SF7000,,,PCS17UB225476,Receptor de posición,SF-RTK,A-S00643191,Otra,No informado,2025-11-03,2026-11-05,36.0,Activo,Vence en 60 días,Operations Center,No encontrado,PCS17UB225476,A-S00643191
2026-09-30,2026-09-30 17:17:34.007363,20260930_171734_c8c847,CORDOBA,271361.0,CONCI SA,,,,,Receptor de posición,SF7500,,,PCS75UA251470,Receptor de posición,SF-RTK,A-S00643637,Otra,No informado,,,,No activado,No activada,Operations Center,No encontrado,PCS75UA251470,A-S00643637
2026-09-30,2026-09-30 17:17:34.007363,20260930_171734_c8c847,CORDOBA,271361.0,CONCI SA,7M 230 Alfredo Mansilla,1J07230CJS3000662,7M 230,Tractor,Receptores de posición,SF7500,PCS75UA251431,2.50F,PCS75UA251431,Receptor de posición,SF-RTK,A-S00644127,SF7500,No informado,,,,Activo,Vigente,Operations Center,Serie de receptor,PCS75UA251431,A-S00644127
2026-09-30,2026-09-30 17:17:34.007363,20260930_171734_c8c847,CORDOBA,271361.0,CONCI SA,,,,,,,,,,,SF-RTK,A-S00644218,Otra,No informado,2026-05-14,2026-06-16,-106.0,Cancelada,Cancelada,Operations Center,Sin serie asignada,,A-S00644218
2026-09-30,2026-09-30 17:17:34.007363,20260930_171734_c8c847,CORDOBA,271361.0,CONCI SA,1BM8250RJTS000240,1BM8250RJTS000240,8250R,Tractor,Monitor,G5 CommandCenter,PCG5CSC265770,26.3 (11.3.4160-40),1BM8250RJTS000240,Machine,G5 Advanced - Tractor de la serie 7/8/9,A-S00644926,G5,No informado,2026-07-12,2027-07-12,285.0,Activo,Vigente,Operations Center,Serie de máquina,PCG5CSC265770,A-S00644926
2026-09-30,2026-09-30 17:17:34.007363,20260930_171734_c8c847,CORDOBA,271361.0,CONCI SA,,,,,Receptor de posición,SF7500,,,PCS75UA248617,Receptor de posición,SF-RTK,A-S00652338,Otra,No informado,,2027-09-01,336.0,Activo,Vigente,Operations Center,No encontrado,PCS75UA248617,A-S00652338
2026-09-30,2026-09-30 17:17:34.007363,20260930_171734_c8c847,CORDOBA,271361.0,CONCI SA,1BM8270RLTS101781,1BM8270RLTS101781,8270R,Tractor,Monitor,G5 CommandCenter,PCG5CSC279479,26.3 (11.3.4160-40),1BM8270RLTS101781,Machine,G5 Advanced - Tractor de la serie 7/8/9,A-S00668709,G5,No informado,,,,No activado,No activada,Operations Center,Serie de máquina,PCG5CSC279479,A-S00668709
2026-09-30,2026-09-30 17:17:34.007363,20260930_171734_c8c847,CORDOBA,271361.0,CONCI SA,,,,,Receptor de posición,SF7500,,,PCS75UA301727,Receptor de posición,SF-RTK,A-S00668710,Otra,No informado,,,,No activado,No activada,Operations Center,No encontrado,PCS75UA301727,A-S00668710
2026-09-30,2026-09-30 17:17:34.007363,20260930_171734_c8c847,CORDOBA,271361.0,CONCI SA,,,,,,,,,,,SF-RTK,A-S00670411,Otra,No informado,,,,No activado,No activada,Operations Center,Sin serie asignada,,A-S00670411
2026-09-30,2026-09-30 17:17:34.007363,20260930_171734_c8c847,CORDOBA,271361.0,CONCI SA,,,,,,,,,,,G5 Advanced - Tractor de la serie 7/8/9,A-S00670413,G5,No informado,,,,No activado,No activada,Operations Center,Sin serie asignada,,A-S00670413
2026-09-30,2026-09-30 17:17:34.007363,20260930_171734_c8c847,CORDOBA,271361.0,CONCI SA,8320R - MONTE SECO,1BM8320RETS101119,8320R,Tractor,Receptores de posición,SF7500,PCS75UA292211,2.50F,PCS75UA292211,Receptor de posición,SF-RTK,A-S00679465,SF7500,No informado,,,,Activo,Vigente,Operations Center,Serie de receptor,PCS75UA292211,A-S00679465
2026-09-30,2026-09-30 17:17:34.007363,20260930_171734_c8c847,CORDOBA,271361.0,CONCI SA,1J07230CET3000719,1J07230CET3000719,7M 230,Tractor,Monitor,G5 CommandCenter,PCG5CSC248769,26.3 (11.3.4160-52),1J07230CET3000719,Machine,G5 Advanced - Tractor de la serie 7/8/9 - Demostración,A-S00681929,G5,No informado,,2026-09-11,-19.0,Vencido,Vencida,Operations Center,Serie de máquina,PCG5CSC248769,A-S00681929
2026-09-30,2026-09-30 17:17:34.007363,20260930_171734_c8c847,CORDOBA,271361.0,CONCI SA,1J07230CET3000719,1J07230CET3000719,7M 230,Tractor,Receptores de posición,SF7500,PCS75UA268765,2.50F,PCS75UA268765,Receptor de posición,SF-RTK - Demostración,A-S00681941,SF7500,No informado,,2026-09-11,-19.0,Vencido,Vencida,Operations Center,Serie de receptor,PCS75UA268765,A-S00681941
2026-09-30,2026-09-30 17:17:34.007363,20260930_171734_c8c847,CORDOBA,271361.0,CONCI SA,1NW4030MJTF251104,1NW4030MJTF251104,M4030,Pulverizadora,Monitor,G5 CommandCenter,PCG5CSC255719,26.3 (11.3.4160-52),1NW4030MJTF251104,Machine,G5 Advanced - Aplicación autopropulsada,A-S00686712,G5,No informado,,,,No activado,No activada,Operations Center,Serie de máquina,PCG5CSC255719,A-S00686712
2026-09-30,2026-09-30 17:17:34.007363,20260930_171734_c8c847,CORDOBA,271361.0,CONCI SA,1J07230CJT3000775,1J07230CJT3000775,7M 230,Tractor,Receptores de posición,SF7500,PCS75UA273481,2.70F,PCS75UA273481,Receptor de posición,SF-RTK,A-S00694422,SF7500,No informado,,,,No activado,No activada,Operations Center,Serie de receptor,PCS75UA273481,A-S00694422
2026-09-30,2026-09-30 17:17:34.007363,20260930_171734_c8c847,CORDOBA,271361.0,CONCI SA,1J07230CJT3000775,1J07230CJT3000775,7M 230,Tractor,Monitor,G5 CommandCenter,PCG5CSC263139,26.3 (11.3.4160-52),1J07230CJT3000775,Machine,G5 Advanced - Tractor de la serie 7/8/9,A-S00694425,G5,No informado,,,,No activado,No activada,Operations Center,Serie de máquina,PCG5CSC263139,A-S00694425
2026-09-30,2026-09-30 17:17:34.007363,20260930_171734_c8c847,CORDOBA,271361.0,CONCI SA,1J0S770BAT0160218,1J0S770BAT0160218,S7 700,Cosechadora,Receptores de posición,SF7500 Integrated,PCG75FA260333,2.30J,PCG75FA260333,Receptor de posición,SF-RTK,A-S00696951,SF7500,No informado,,,,No activado,No activada,Operations Center,Serie de receptor,PCG75FA260333,A-S00696951
2026-09-30,2026-09-30 17:17:34.007363,20260930_171734_c8c847,CORDOBA,271361.0,CONCI SA,1J0S770BAT0160218,1J0S770BAT0160218,S7 700,Cosechadora,Monitor,G5 CommandCenter,PCG5CSC264203,26.3 (11.3.4160-65),1J0S770BAT0160218,Machine,Cosechadora S7/X9 Ultimate,A-S00696956,G5,No informado,,,,No activado,No activada,Operations Center,Serie de máquina,PCG5CSC264203,A-S00696956
2026-09-30,2026-09-30 17:17:34.007363,20260930_171734_c8c847,CORDOBA,271361.0,CONCI SA,1BM6190MLT3001426,1BM6190MLT3001426,6190M,Tractor,Receptores de posición,SF7500,PCS75UA248479,2.30J,PCS75UA248479,Receptor de posición,SF-RTK,A-S00700614,SF7500,No informado,,,,No activado,No activada,Operations Center,Serie de receptor,PCS75UA248479,A-S00700614
2026-09-30,2026-09-30 17:17:34.007363,20260930_171734_c8c847,CORDOBA,271361.0,CONCI SA,1BM8250RKTS000270,1BM8250RKTS000270,8250R,Tractor,Receptores de posición,SF7500,PCS75UA307587,2.70F,PCS75UA307587,Receptor de posición,SF-RTK,A-S00705726,SF7500,No informado,2026-09-23,2027-09-24,359.0,Activo,Vigente,Operations Center,Serie de receptor,PCS75UA307587,A-S00705726
2026-09-30,2026-09-30 17:17:34.007363,20260930_171734_c8c847,CORDOBA,271361.0,CONCI SA,1J0S790BCT0165100,1J0S790BCT0165100,S7 900,Cosechadora,Receptores de posición,SF7500 Integrated,PCG75FA255906,2.50F,PCG75FA255906,Receptor de posición,SF-RTK,A-S00709373,SF7500,No informado,,,,No activado,No activada,Operations Center,Serie de receptor,PCG75FA255906,A-S00709373
2026-09-30,2026-09-30 17:17:34.007363,20260930_171734_c8c847,CORDOBA,271361.0,CONCI SA,1J0S790BCT0165100,1J0S790BCT0165100,S7 900,Cosechadora,Monitor,G5 CommandCenter,PCG5CSC259460,26.3 (11.3.4160-65),1J0S790BCT0165100,Machine,Cosechadora S7/X9 Ultimate,A-S00709378,G5,No informado,,,,No activado,No activada,Operations Center,Serie de máquina,PCG5CSC259460,A-S00709378
2026-09-30,2026-09-30 17:17:34.007363,20260930_171734_c8c847,CORDOBA,271361.0,CONCI SA,1NW4040MHTF250371,1NW4040MHTF250371,M4040,Pulverizadora,Monitor,G5 CommandCenter,PCG5CSC245326,25.2 (10.31.3676-103),1NW4040MHTF250371,Machine,G5 Advanced - Aplicación autopropulsada,A-S00716918,G5,No informado,,,,No activado,No activada,Operations Center,Serie de máquina,PCG5CSC245326,A-S00716918
2026-09-30,2026-09-30 17:17:34.007363,20260930_171734_c8c847,CORDOBA,271361.0,CONCI SA,,,,,Receptor de posición,SF7500,,,PCS75UA281179,Receptor de posición,SF-RTK,A-S00716919,Otra,No informado,,,,No activado,No activada,Operations Center,No encontrado,PCS75UA281179,A-S00716919
2026-09-30,2026-09-30 17:17:34.007363,20260930_171734_c8c847,SINSACATE,408834.0,DEFRANCISCO BUTELER MARCELO,7230J Gonzalo,1J07230JVPD000745,7230J,Tractor,Receptores de posición,SF7000,PCS17UB204854,6.80C,PCS17UB204854,Receptor de posición,SF-RTK,A-S00617138,SF7000,No informado,2025-06-10,2028-06-12,621.0,Activo,Vigente,Operations Center,Serie de receptor,PCS17UB204854,A-S00617138
2026-09-30,2026-09-30 17:17:34.007363,20260930_171734_c8c847,SINSACATE,408834.0,DEFRANCISCO BUTELER MARCELO,S7 900 Maxi,1J0S790BVT0160147,S7 900,Cosechadora,Monitor,G5 CommandCenter,PCG5CSC266239,26.2 (11.2.4087-59),1J0S790BVT0160147,Machine,Cosechadora S7/X9 Ultimate,A-S00619536,G5,No informado,,,,Activo,Vigente,Operations Center,Serie de máquina,PCG5CSC266239,A-S00619536
2026-09-30,2026-09-30 17:17:34.007363,20260930_171734_c8c847,SINSACATE,408834.0,DEFRANCISCO BUTELER MARCELO,S7 900 Maxi,1J0S790BVT0160147,S7 900,Cosechadora,Receptores de posición,SF7500 Integrated,PCG75FA244606,2.50F,PCG75FA244606,Receptor de posición,SF-RTK,A-S00631571,SF7500,No informado,,,,Activo,Vigente,Operations Center,Serie de receptor,PCG75FA244606,A-S00631571
2026-09-30,2026-09-30 17:17:34.007363,20260930_171734_c8c847,SINSACATE,408834.0,DEFRANCISCO BUTELER MARCELO,7230R ERCA 28,1RW7230RPJS101333,7230R,Tractor,Receptores de posición,SF7000,PCS17UB179204,6.80C,PCS17UB179204,Receptor de posición,SF-RTK,A-S00632566,SF7000,No informado,2025-10-10,2026-10-12,12.0,Activo,Vence en 30 días,Operations Center,Serie de receptor,PCS17UB179204,A-S00632566
2026-09-30,2026-09-30 17:17:34.007363,20260930_171734_c8c847,SINSACATE,408834.0,DEFRANCISCO BUTELER MARCELO,8270R Erca de 30,1BM8270RPSS101625,8270R,Tractor,Monitor,G5 CommandCenter,PCG5CSC247560,26.3 (11.3.4160-40),1BM8270RPSS101625,Machine,G5 Advanced - Tractor de la serie 7/8/9,A-S00632810,G5,No informado,2025-10-29,2026-10-31,31.0,Activo,Vence en 60 días,Operations Center,Serie de máquina,PCG5CSC247560,A-S00632810
2026-09-30,2026-09-30 17:17:34.007363,20260930_171734_c8c847,SINSACATE,408834.0,DEFRANCISCO BUTELER MARCELO,8270R Erca de 30,1BM8270RPSS101625,8270R,Tractor,Receptores de posición,SF7500,PCS75UA235846,2.50F,PCS75UA235846,Receptor de posición,SF-RTK,A-S00635437,SF7500,No informado,2025-10-29,2026-10-31,31.0,Activo,Vence en 60 días,Operations Center,Serie de receptor,PCS75UA235846,A-S00635437
2026-09-30,2026-09-30 17:17:34.007363,20260930_171734_c8c847,SINSACATE,408834.0,DEFRANCISCO BUTELER MARCELO,7230R Erca 24,1RW7230RAKS105391,7230R,Tractor,Receptores de posición,SF7000,PCS17UB126790,6.80C,PCS17UB126790,Receptor de posición,SF-RTK,A-S00707080,SF7000,No informado,2026-09-14,2027-09-15,350.0,Activo,Vigente,Operations Center,Serie de receptor,PCS17UB126790,A-S00707080
2026-09-30,2026-09-30 17:17:34.007363,20260930_171734_c8c847,ARROYITO,330434.0,SILAJES CORDES ,TRACTOR 8R- N°2,1BM8270RJSS101675,8270R,Tractor,Receptores de posición,SF7500,PCS75UA249362,2.40P,PCS75UA249362,Receptor de posición,SF-RTK,A-S00623040,SF7500,No informado,,,,Activo,Vigente,Operations Center,Serie de receptor,PCS75UA249362,A-S00623040
2026-09-30,2026-09-30 17:17:34.007363,20260930_171734_c8c847,ARROYITO,330434.0,SILAJES CORDES ,TRACTOR 8R- N°2,1BM8270RJSS101675,8270R,Tractor,Monitor,G5 CommandCenter,PCG5CSC248779,25.3 (10.32.3817-138),1BM8270RJSS101675,Machine,G5 Advanced - Tractor de la serie 7/8/9,A-S00626337,G5,No informado,,,,Activo,Vigente,Operations Center,Serie de máquina,PCG5CSC248779,A-S00626337
2026-09-30,2026-09-30 17:17:34.007363,20260930_171734_c8c847,ARROYITO,330434.0,SILAJES CORDES ,TRACTOR 8R- N°1,1BM8270RKSS101657,8270R,Tractor,Monitor,G5 CommandCenter,PCG5CSC243973,25.3 (10.32.3817-138),1BM8270RKSS101657,Machine,G5 Advanced - Tractor de la serie 7/8/9,A-S00629967,G5,No informado,,,,Activo,Vigente,Operations Center,Serie de máquina,PCG5CSC243973,A-S00629967
2026-09-30,2026-09-30 17:17:34.007363,20260930_171734_c8c847,ARROYITO,330434.0,SILAJES CORDES ,Picadora 3,1Z08500YCSF627259,8500,Cosechadora de forraje,Monitor,G5Plus Universal,PCG5PUB190419,26.3 (11.3.4160-40),PCG5PUB190419,Monitor,G5 Advanced - Universal,A-S00635510,G5,No informado,,,,Vencido,Vencida,Operations Center,Serie de monitor,PCG5PUB190419,A-S00635510
2026-09-30,2026-09-30 17:17:34.007363,20260930_171734_c8c847,ARROYITO,330434.0,SILAJES CORDES ,TRACTOR 8R- N°1,1BM8270RKSS101657,8270R,Tractor,Receptores de posición,SF7500,PCS75UA247882,2.40P,PCS75UA247882,Receptor de posición,SF-RTK,A-S00635921,SF7500,No informado,,,,Activo,Vigente,Operations Center,Serie de receptor,PCS75UA247882,A-S00635921
2026-09-30,2026-09-30 17:17:34.007363,20260930_171734_c8c847,SINSACATE,277958.0,Maifer,PULVERIZADORA 4730 t,1NW4730XCE0001844,4730,Pulverizadora,Receptores de posición,SF7500,PCS75UA246054,---,PCS75UA246054,Receptor de posición,SF-RTK,A-S00616243,SF7500,No informado,,,,Activo,Vigente,Operations Center,Serie de receptor,PCS75UA246054,A-S00616243
2026-09-30,2026-09-30 17:17:34.007363,20260930_171734_c8c847,SINSACATE,277958.0,Maifer,,,,,Receptor de posición,SF7500,,,PCS75UA146520,Receptor de posición,SF-RTK,A-S00616797,Otra,No informado,2026-05-26,2027-05-28,240.0,Activo,Vigente,Operations Center,No encontrado,PCS75UA146520,A-S00616797
2026-09-30,2026-09-30 17:17:34.007363,20260930_171734_c8c847,SINSACATE,277958.0,Maifer,,,,,Receptor de posición,SF7500,,,PCS75UA145946,Receptor de posición,SF-RTK,A-S00619203,Otra,No informado,2026-05-26,2027-05-28,240.0,Activo,Vigente,Operations Center,No encontrado,PCS75UA145946,A-S00619203
2026-09-30,2026-09-30 17:17:34.007363,20260930_171734_c8c847,SINSACATE,277958.0,Maifer,PULVERIZADORA 4730 t,1NW4730XCE0001844,4730,Pulverizadora,Monitor,G5Plus Universal,PCG5PUB186323,25.3 (10.32.3817-138),PCG5PUB186323,Monitor,Renovable esencial,A-S00619717,G5,No informado,,,,Activo,Vigente,Operations Center,Serie de monitor,PCG5PUB186323,A-S00619717
2026-09-30,2026-09-30 17:17:34.007363,20260930_171734_c8c847,SINSACATE,277958.0,Maifer,Tractor 5090e maifer,1J05090ELF0010381,5090E,Tractor,Monitor,G5Plus Universal,PCG5PUB125565,25.3 (10.32.3817-138),PCG5PUB125565,Monitor,G5 Advanced - Universal,A-S00621960,G5,No informado,2025-10-08,2026-10-10,10.0,Activo,Vence en 30 días,Operations Center,Serie de monitor,PCG5PUB125565,A-S00621960
2026-09-30,2026-09-30 17:17:34.007363,20260930_171734_c8c847,SINSACATE,277958.0,Maifer,,,,,Receptor de posición,SF7000,,,PCS17UB208875,Receptor de posición,SF-RTK,A-S00622446,Otra,No informado,2025-11-11,2026-11-13,44.0,Activo,Vence en 60 días,Operations Center,No encontrado,PCS17UB208875,A-S00622446
2026-09-30,2026-09-30 17:17:34.007363,20260930_171734_c8c847,SINSACATE,277958.0,Maifer,,,,,,,,,,,G5 Advanced - Tractor de la serie 7/8/9,A-S00623633,G5,No informado,,,,Cancelada,Cancelada,Operations Center,Sin serie asignada,,A-S00623633
2026-09-30,2026-09-30 17:17:34.007363,20260930_171734_c8c847,SINSACATE,277958.0,Maifer,Tractor 8300 maifer,RW8300P022046,8300,Tractor,Monitor,G5Plus Universal,PCG5PUB186503,25.2 (10.31.3676-98),PCG5PUB186503,Monitor,Renovable esencial,A-S00632905,G5,No informado,2026-05-25,2027-05-28,240.0,Activo,Vigente,Operations Center,Serie de monitor,PCG5PUB186503,A-S00632905
2026-09-30,2026-09-30 17:17:34.007363,20260930_171734_c8c847,SINSACATE,277958.0,Maifer,9r 390,1RW9390DVSA090344,9R 390,Tractor,Monitor,G5 CommandCenter,PCG5CSB197543,25.3 (10.32.3817-138),1RW9390DVSA090344,Machine,G5 Advanced - Tractor de la serie 7/8/9,A-S00634208,G5,No informado,2025-09-29,2026-10-01,1.0,Activo,Vence en 30 días,Operations Center,Serie de máquina,PCG5CSB197543,A-S00634208
2026-09-30,2026-09-30 17:17:34.007363,20260930_171734_c8c847,SINSACATE,277958.0,Maifer,PULVERIZADORA 4730  tirolesa,1NW4730XTH0055384,4730,Pulverizadora,Receptores de posición,SF7000,PCS17UB234480,6.80C,PCS17UB234480,Receptor de posición,SF-RTK,A-S00635383,SF7000,No informado,,,,Activo,Vigente,Operations Center,Serie de receptor,PCS17UB234480,A-S00635383
2026-09-30,2026-09-30 17:17:34.007363,20260930_171734_c8c847,SINSACATE,277958.0,Maifer,9r 390,1RW9390DVSA090344,9R 390,Tractor,Receptores de posición,SF7500 Integrated,PCG75FA163720,2.50F,PCG75FA163720,Receptor de posición,SF-RTK,A-S00637851,SF7500,No informado,2025-09-29,2026-10-01,1.0,Activo,Vence en 30 días,Operations Center,Serie de receptor,PCG75FA163720,A-S00637851
2026-09-30,2026-09-30 17:17:34.007363,20260930_171734_c8c847,SINSACATE,277958.0,Maifer,PULVERIZADORA 4730  tirolesa,1NW4730XTH0055384,4730,Pulverizadora,Monitor,G5Plus Universal,PCG5PUB188003,26.3 (11.3.4160-40),PCG5PUB188003,Monitor,Renovable avanzada,A-S00639177,G5,No informado,2026-05-26,2027-05-28,240.0,Activo,Vigente,Operations Center,Serie de monitor,PCG5PUB188003,A-S00639177
2026-09-30,2026-09-30 17:17:34.007363,20260930_171734_c8c847,PILAR,327694.0,Gioagro sa ,M4040 Gioagro,1NW4040MHRF250010,M4040,Pulverizadora,Monitor,G5 CommandCenter,PCG5CSB159134,26.3 (11.3.4160-52),1NW4040MHRF250010,Machine,G5 Advanced - Aplicación autopropulsada,A-S00615510,G5,No informado,,,,Activo,Vigente,Operations Center,Serie de máquina,PCG5CSB159134,A-S00615510
2026-09-30,2026-09-30 17:17:34.007363,20260930_171734_c8c847,PILAR,327694.0,Gioagro sa ,S7 700 - 1,1J0S770BKT0160214,S7 700,Cosechadora,Monitor,G5 CommandCenter,PCG5CSC264241,26.3 (11.3.4160-52),1J0S770BKT0160214,Machine,Cosechadora S7/X9 Ultimate,A-S00658339,G5,No informado,,,,Activo,Vigente,Operations Center,Serie de máquina,PCG5CSC264241,A-S00658339
2026-09-30,2026-09-30 17:17:34.007363,20260930_171734_c8c847,PILAR,327694.0,Gioagro sa ,S7 700 - 1,1J0S770BKT0160214,S7 700,Cosechadora,Receptores de posición,SF7500 Integrated,PCG75FA261451,2.50F,PCG75FA261451,Receptor de posición,SF-RTK,A-S00658340,SF7500,No informado,,,,Activo,Vigente,Operations Center,Serie de receptor,PCG75FA261451,A-S00658340
2026-09-30,2026-09-30 17:17:34.007363,20260930_171734_c8c847,PILAR,327694.0,Gioagro sa ,S7 700 - 2,1J0S770BVT0160217,S7 700,Cosechadora,Receptores de posición,SF7500 Integrated,PCG75FA261562,2.50F,PCG75FA261562,Receptor de posición,SF-RTK,A-S00658359,SF7500,No informado,,,,Activo,Vigente,Operations Center,Serie de receptor,PCG75FA261562,A-S00658359
2026-09-30,2026-09-30 17:17:34.007363,20260930_171734_c8c847,PILAR,327694.0,Gioagro sa ,S7 700 - 2,1J0S770BVT0160217,S7 700,Cosechadora,Monitor,G5 CommandCenter,PCG5CSC264725,26.3 (11.3.4160-52),1J0S770BVT0160217,Machine,Cosechadora S7/X9 Ultimate,A-S00658364,G5,No informado,,,,Activo,Vigente,Operations Center,Serie de máquina,PCG5CSC264725,A-S00658364
2026-09-30,2026-09-30 17:17:34.007363,20260930_171734_c8c847,CORDOBA,444911.0,GRUPO MEISTER SA,S760.,1J0S760BAR0155121,S760,Cosechadora,Monitor,G5 CommandCenter,PCG5CSB187244,26.3 (11.3.4160-40),1J0S760BAR0155121,Machine,G5 Advanced - Cosechadora,A-S00640417,G5,No informado,2025-03-12,2028-03-14,531.0,Activo,Vigente,Operations Center,Serie de máquina,PCG5CSB187244,A-S00640417
2026-09-30,2026-09-30 17:17:34.007363,20260930_171734_c8c847,SANTA ROSA,358632.0,LAMATILDESRL,1J0S770BCS0160148-PANTERA,1J0S770BCS0160148,S7 700,Cosechadora,Receptores de posición,SF7500 Integrated,PCG75FA249718,2.50F,PCG75FA249718,Receptor de posición,SF-RTK,A-S00616318,SF7500,No informado,2026-02-11,2029-02-13,867.0,Activo,Vigente,Operations Center,Serie de receptor,PCG75FA249718,A-S00616318
2026-09-30,2026-09-30 17:17:34.007363,20260930_171734_c8c847,SANTA ROSA,358632.0,LAMATILDESRL,1J0S770BCS0160148-PANTERA,1J0S770BCS0160148,S7 700,Cosechadora,Monitor,G5 CommandCenter,PCG5CSC249199,26.2 (11.2.4087-59),1J0S770BCS0160148,Machine,Cosechadora S7/X9 Ultimate,A-S00618066,G5,No informado,2026-02-11,2029-02-13,867.0,Activo,Vigente,Operations Center,Serie de máquina,PCG5CSC249199,A-S00618066
2026-09-30,2026-09-30 17:17:34.007363,20260930_171734_c8c847,SANTA ROSA,358632.0,LAMATILDESRL,S7 700-SILVINO,1J0S770BCS0160112,S7 700,Cosechadora,Receptores de posición,SF7500 Integrated,PCG75FA234986,2.50F,PCG75FA234986,Receptor de posición,SF-RTK,A-S00618656,SF7500,No informado,2025-10-21,2028-10-23,754.0,Activo,Vigente,Operations Center,Serie de receptor,PCG75FA234986,A-S00618656
2026-09-30,2026-09-30 17:17:34.007363,20260930_171734_c8c847,SANTA ROSA,358632.0,LAMATILDESRL,S7 700-SILVINO,1J0S770BCS0160112,S7 700,Cosechadora,Monitor,G5 CommandCenter,PCG5CSC243872,26.3 (11.3.4160-40),1J0S770BCS0160112,Machine,Cosechadora S7/X9 Ultimate,A-S00642439,G5,No informado,2025-10-21,2028-10-23,754.0,Activo,Vigente,Operations Center,Serie de máquina,PCG5CSC243872,A-S00642439
2026-09-30,2026-09-30 17:17:34.007363,20260930_171734_c8c847,SINSACATE,369276.0,LUCAS DOMINGUEZ,S7 700,1J0S770BPS0160128,S7 700,Cosechadora,Receptores de posición,SF7500 Integrated,PCG75FA246182,2.50F,PCG75FA246182,Receptor de posición,SF-RTK,A-S00616782,SF7500,No informado,2025-11-16,2028-11-18,780.0,Activo,Vigente,Operations Center,Serie de receptor,PCG75FA246182,A-S00616782
2026-09-30,2026-09-30 17:17:34.007363,20260930_171734_c8c847,SINSACATE,369276.0,LUCAS DOMINGUEZ,S7 700,1J0S770BPS0160128,S7 700,Cosechadora,Monitor,G5 CommandCenter,PCG5CSC245082,26.2 (11.2.4087-59),1J0S770BPS0160128,Machine,Cosechadora S7/X9 Ultimate,A-S00625264,G5,No informado,2025-11-16,2028-11-18,780.0,Activo,Vigente,Operations Center,Serie de máquina,PCG5CSC245082,A-S00625264
2026-09-30,2026-09-30 17:17:34.007363,20260930_171734_c8c847,PILAR,385734.0,COLETTA,1J0S770BHT0160223,1J0S770BHT0160223,S7 700,Cosechadora,Receptores de posición,SF7500 Integrated,PCG75FA244485,2.30J,PCG75FA244485,Receptor de posición,SF-RTK,A-S00628255,SF7500,No informado,,,,Activo,Vigente,Operations Center,Serie de receptor,PCG75FA244485,A-S00628255
2026-09-30,2026-09-30 17:17:34.007363,20260930_171734_c8c847,PILAR,385734.0,COLETTA,1J0S770BHT0160223,1J0S770BHT0160223,S7 700,Cosechadora,Monitor,G5 CommandCenter,PCG5CSC265568,25.4 (10.35.3817-13),1J0S770BHT0160223,Machine,G5 Advanced - Cosechadora,A-S00644963,G5,No informado,,,,Activo,Vigente,Operations Center,Serie de máquina,PCG5CSC265568,A-S00644963
2026-09-30,2026-09-30 17:17:34.007363,20260930_171734_c8c847,CORDOBA,428130.0,RUFFINO ALDO ESTEBAN JOSE,1BM8270RVSS101680,1BM8270RVSS101680,8270R,Tractor,Receptores de posición,SF7500,PCS75UA249869,2.50F,PCS75UA249869,Receptor de posición,SF-RTK,A-S00623030,SF7500,No informado,2026-05-19,2027-05-21,233.0,Activo,Vigente,Operations Center,Serie de receptor,PCS75UA249869,A-S00623030
2026-09-30,2026-09-30 17:17:34.007363,20260930_171734_c8c847,CORDOBA,428130.0,RUFFINO ALDO ESTEBAN JOSE,1J0S670BTH0120190,1J0S670BTH0120190,S670,Cosechadora,Monitor,G5Plus Universal,PCG5PUB186930,25.3 (10.32.3817-138),PCG5PUB186930,Monitor,Renovable esencial,A-S00624421,G5,No informado,2025-11-24,2026-11-26,57.0,Activo,Vence en 60 días,Operations Center,Serie de monitor,PCG5PUB186930,A-S00624421
2026-09-30,2026-09-30 17:17:34.007363,20260930_171734_c8c847,CORDOBA,428130.0,RUFFINO ALDO ESTEBAN JOSE,1BM8270RVSS101680,1BM8270RVSS101680,8270R,Tractor,Monitor,G5 CommandCenter,PCG5CSC248894,26.3 (11.3.4160-52),1BM8270RVSS101680,Machine,G5 Advanced - Tractor de la serie 7/8/9,A-S00640923,G5,No informado,2026-05-19,2027-05-21,233.0,Activo,Vigente,Operations Center,Serie de máquina,PCG5CSC248894,A-S00640923
2026-09-30,2026-09-30 17:17:34.007363,20260930_171734_c8c847,CORDOBA,277819.0,CAMPETELLA,,,,,Receptor de posición,SF7000,,,PCS17UB236673,Receptor de posición,SF-RTK,A-S00625337,Otra,No informado,2025-10-05,2026-10-07,7.0,Activo,Vence en 30 días,Operations Center,No encontrado,PCS17UB236673,A-S00625337
2026-09-30,2026-09-30 17:17:34.007363,20260930_171734_c8c847,PILAR,423559.0,CRAVERO MIGUEL ANGEL,Cravero 7230M,1J07230CPS3000416,7M 230,Tractor,Monitor,G5 CommandCenter,PCG5CSC228713,26.3 (11.3.4160-52),1J07230CPS3000416,Machine,G5 Advanced - Tractor de la serie 7/8/9,A-S00616136,G5,No informado,2025-09-09,2026-09-11,-19.0,Vencido,Vencida,Operations Center,Serie de máquina,PCG5CSC228713,A-S00616136
2026-09-30,2026-09-30 17:17:34.007363,20260930_171734_c8c847,PILAR,423559.0,CRAVERO MIGUEL ANGEL,Cravero 7230M,1J07230CPS3000416,7M 230,Tractor,Receptores de posición,SF7500,PCS75UA200571,2.50F,PCS75UA200571,Receptor de posición,SF-RTK,A-S00619589,SF7500,No informado,2025-09-09,2026-09-11,-19.0,Vencido,Vencida,Operations Center,Serie de receptor,PCS75UA200571,A-S00619589
2026-09-30,2026-09-30 17:17:34.007363,20260930_171734_c8c847,PILAR,423559.0,CRAVERO MIGUEL ANGEL,1J07230CCT3000776,1J07230CCT3000776,7M 230,Tractor,Receptores de posición,SF7500,PCS75UA273046,2.70F,PCS75UA273046,Receptor de posición,SF-RTK,A-S00719403,SF7500,No informado,2026-09-27,2027-09-28,363.0,Activo,Vigente,Operations Center,Serie de receptor,PCS75UA273046,A-S00719403
2026-09-30,2026-09-30 17:17:34.007363,20260930_171734_c8c847,PILAR,423559.0,CRAVERO MIGUEL ANGEL,1J07230CCT3000776,1J07230CCT3000776,7M 230,Tractor,Monitor,G5 CommandCenter,PCG5CSC263338,26.3 (11.3.4160-52),1J07230CCT3000776,Machine,G5 Advanced - Tractor de la serie 7/8/9,A-S00719406,G5,No informado,2026-09-27,2027-09-28,363.0,Activo,Vigente,Operations Center,Serie de máquina,PCG5CSC263338,A-S00719406
2026-09-30,2026-09-30 17:17:34.007363,20260930_171734_c8c847,PILAR,423559.0,CRAVERO MIGUEL ANGEL,Cravero 7230M,1J07230CPS3000416,7M 230,Tractor,Receptores de posición,SF7500,PCS75UA200571,2.50F,PCS75UA200571,Receptor de posición,SF-RTK,A-S00721539,SF7500,No informado,2026-09-29,2027-09-30,365.0,Activo,Vigente,Operations Center,Serie de receptor,PCS75UA200571,A-S00721539
2026-09-30,2026-09-30 17:17:34.007363,20260930_171734_c8c847,CORDOBA,358686.0,ARGAN SA,S780 N1- Ruben,1J0S780BPP0150101,S780,Cosechadora,Receptores de posición,SF7000,PCS17UB172492,6.80C,PCS17UB172492,Receptor de posición,SF-RTK,A-S00616153,SF7000,No informado,,,,Activo,Vigente,Operations Center,Serie de receptor,PCS17UB172492,A-S00616153
2026-09-30,2026-09-30 17:17:34.007363,20260930_171734_c8c847,CORDOBA,358686.0,ARGAN SA,S780 N1- Ruben,1J0S780BPP0150101,S780,Cosechadora,Monitor,G5 CommandCenter,PCG5CSA107415,25.4 (10.35.3817-13),1J0S780BPP0150101,Machine,G5 Advanced - Cosechadora,A-S00622168,G5,No informado,2023-11-23,2026-11-25,56.0,Activo,Vence en 60 días,Operations Center,Serie de máquina,PCG5CSA107415,A-S00622168
2026-09-30,2026-09-30 17:17:34.007363,20260930_171734_c8c847,CORDOBA,358686.0,ARGAN SA,1J07230CCR3000222,1J07230CCR3000222,7M 230,Tractor,Receptores de posición,SF7500,PCS75UA124569,2.40P,PCS75UA124569,Receptor de posición,SF-RTK,A-S00639675,SF7500,No informado,2025-11-05,2026-11-07,38.0,Activo,Vence en 60 días,Operations Center,Serie de receptor,PCS75UA124569,A-S00639675
2026-09-30,2026-09-30 17:17:34.007363,20260930_171734_c8c847,CORDOBA,358686.0,ARGAN SA,1J07230CAR3000210,1J07230CAR3000210,7M 230,Tractor,Receptores de posición,SF7500,PCS75UA154350,2.30J,PCS75UA154350,Receptor de posición,SF-RTK,A-S00639725,SF7500,No informado,,,,Activo,Vigente,Operations Center,Serie de receptor,PCS75UA154350,A-S00639725
2026-09-30,2026-09-30 17:17:34.007363,20260930_171734_c8c847,CORDOBA,358686.0,ARGAN SA,1J07230CKS3000482,1J07230CKS3000482,7M 230,Tractor,Monitor,G5 CommandCenter,PCG5CSC224421,26.3 (11.3.4160-40),1J07230CKS3000482,Machine,G5 Advanced - Tractor de la serie 7/8/9,A-S00653570,G5,No informado,2026-07-13,2027-07-14,287.0,Activo,Vigente,Operations Center,Serie de máquina,PCG5CSC224421,A-S00653570
2026-09-30,2026-09-30 17:17:34.007363,20260930_171734_c8c847,CORDOBA,358686.0,ARGAN SA,1J07230CKS3000482,1J07230CKS3000482,7M 230,Tractor,Receptores de posición,SF7500,PCS75UA203022,2.50F,PCS75UA203022,Receptor de posición,SF-RTK,A-S00653571,SF7500,No informado,2026-09-10,2027-09-11,346.0,Activo,Vigente,Operations Center,Serie de receptor,PCS75UA203022,A-S00653571
2026-09-30,2026-09-30 17:17:34.007363,20260930_171734_c8c847,CORDOBA,358686.0,ARGAN SA,,,,,Receptor de posición,SF7500,,,PCS75UA243768,Receptor de posición,SF-RTK,A-S00661501,Otra,No informado,2026-09-10,2027-09-11,346.0,Activo,Vigente,Operations Center,No encontrado,PCS75UA243768,A-S00661501
2026-09-30,2026-09-30 17:17:34.007363,20260930_171734_c8c847,CORDOBA,358686.0,ARGAN SA,1J07230CJS3000595,1J07230CJS3000595,7M 230,Tractor,Monitor,G5 CommandCenter,PCG5CSC247906,26.3 (11.3.4160-52),1J07230CJS3000595,Machine,G5 Advanced - Tractor de la serie 7/8/9,A-S00661503,G5,No informado,2026-07-13,2027-07-14,287.0,Activo,Vigente,Operations Center,Serie de máquina,PCG5CSC247906,A-S00661503
2026-09-30,2026-09-30 17:17:34.007363,20260930_171734_c8c847,SINSACATE,445623.0,TESSINO PEDRO JUAN,S 770,1J0S770BVP0145237,S770,Cosechadora,Receptores de posición,SF7000,PCS17UB173767,6.80C,PCS17UB173767,Receptor de posición,SF-RTK,A-S00616253,SF7000,No informado,2025-11-27,2026-11-29,60.0,Activo,Vence en 60 días,Operations Center,Serie de receptor,PCS17UB173767,A-S00616253
2026-09-30,2026-09-30 17:17:34.007363,20260930_171734_c8c847,PILAR,443951.0,LAHERS SA,,,,,Monitor,G5 Universal,,,PCG5MUB192018,Monitor,Renovable esencial,A-S00619164,Otra,No informado,2026-09-17,2027-09-17,352.0,Activo,Vigente,Operations Center,No encontrado,PCG5MUB192018,A-S00619164
2026-09-30,2026-09-30 17:17:34.007363,20260930_171734_c8c847,PILAR,443951.0,LAHERS SA,Lahers SA-Tractor 8270R,1BM8270REHP100059,8270R,Tractor,Monitor,G5Plus Universal,PCG5PUB186197,26.3 (11.3.4160-52),PCG5PUB186197,Monitor,Renovable avanzada,A-S00640040,G5,No informado,2026-09-17,2027-09-17,352.0,Activo,Vigente,Operations Center,Serie de monitor,PCG5PUB186197,A-S00640040
2026-09-30,2026-09-30 17:17:34.007363,20260930_171734_c8c847,PILAR,443951.0,LAHERS SA,,,,,Receptor de posición,SF7500,,,PCS75UA246019,Receptor de posición,SF-RTK,A-S00711068,Otra,No informado,2026-09-17,2027-09-18,353.0,Activo,Vigente,Operations Center,No encontrado,PCS75UA246019,A-S00711068
2026-09-30,2026-09-30 17:17:34.007363,20260930_171734_c8c847,CORDOBA,275960.0,MARCHESE ANGEL ADOLFO,S780 MARCHESE 8,1J0S780BEP0150143,S780,Cosechadora,Monitor,G5 CommandCenter,PCG5CSA117242,26.3 (11.3.4160-52),1J0S780BEP0150143,Machine,G5 Advanced - Cosechadora,A-S00625571,G5,No informado,2024-10-08,2027-10-10,375.0,Activo,Vigente,Operations Center,Serie de máquina,PCG5CSA117242,A-S00625571
2026-09-30,2026-09-30 17:17:34.007363,20260930_171734_c8c847,CORDOBA,275960.0,MARCHESE ANGEL ADOLFO,7230J - REMONDA CASTRO Y CIA,1J07230JTLD000196,7230J,Tractor,Receptores de posición,SF7000,PCS17UB213261,6.80C,PCS17UB213261,Receptor de posición,SF-RTK,A-S00642550,SF7000,No informado,2024-10-08,2027-10-10,375.0,Activo,Vigente,Operations Center,Serie de receptor,PCS17UB213261,A-S00642550
2026-09-30,2026-09-30 17:17:34.007363,20260930_171734_c8c847,CORDOBA,275960.0,MARCHESE ANGEL ADOLFO,8250r,1BM8250RJTS000268,8250R,Tractor,Receptores de posición,SF7500,PCS75UA299534,2.70F,PCS75UA299534,Receptor de posición,SF-RTK,A-S00696980,SF7500,No informado,2026-09-08,2027-09-09,344.0,Activo,Vigente,Operations Center,Serie de receptor,PCS75UA299534,A-S00696980
2026-09-30,2026-09-30 17:17:34.007363,20260930_171734_c8c847,CORDOBA,275960.0,MARCHESE ANGEL ADOLFO,8250r,1BM8250RJTS000268,8250R,Tractor,Máquina,8250R,,,1BM8250RJTS000268,Machine,G5 Advanced - Tractor de la serie 7/8/9,A-S00696982,G5,No informado,2026-09-08,2027-09-09,344.0,Activo,Vigente,Operations Center,Serie de máquina,1BM8250RJTS000268,A-S00696982
2026-09-30,2026-09-30 17:17:34.007363,20260930_171734_c8c847,PILAR,445544.0,OSVALDO FABRO,S770 Osvaldo Fabbro,1J0S770BTS0160161,S7 700,Cosechadora,Monitor,G5 CommandCenter,PCG5CSC257965,26.3 (11.3.4160-40),1J0S770BTS0160161,Machine,Cosechadora S7/X9 Ultimate,A-S00627659,G5,No informado,2026-03-01,2029-03-03,885.0,Activo,Vigente,Operations Center,Serie de máquina,PCG5CSC257965,A-S00627659
2026-09-30,2026-09-30 17:17:34.007363,20260930_171734_c8c847,PILAR,445544.0,OSVALDO FABRO,S770 Osvaldo Fabbro,1J0S770BTS0160161,S7 700,Cosechadora,Receptores de posición,SF7500 Integrated,PCG75FA250615,2.50F,PCG75FA250615,Receptor de posición,SF-RTK,A-S00633069,SF7500,No informado,2026-03-02,2029-03-04,886.0,Activo,Vigente,Operations Center,Serie de receptor,PCG75FA250615,A-S00633069
2026-09-30,2026-09-30 17:17:34.007363,20260930_171734_c8c847,PILAR,422576.0,"BELTRAMO RICARDO, LUIS, JESUS Y JOSE SH",S780,1J0S780BVR0150155,S780,Cosechadora,Monitor,G5 CommandCenter,PCG5CSA120354,25.1 (10.30.3567-82),1J0S780BVR0150155,Machine,G5 Advanced - Cosechadora,A-S00616886,G5,No informado,2024-10-21,2027-10-23,388.0,Activo,Vigente,Operations Center,Serie de máquina,PCG5CSA120354,A-S00616886
2026-09-30,2026-09-30 17:17:34.007363,20260930_171734_c8c847,CORDOBA,277858.0,TEREPINO SA,8370R,1BM8370RCRS100969,8370R,Tractor,Receptores de posición,SF7500,PCS75UA154847,2.50F,PCS75UA154847,Receptor de posición,SF-RTK,A-S00627807,SF7500,No informado,2026-10-30,2027-10-30,395.0,Activo,Vigente,Operations Center,Serie de receptor,PCS75UA154847,A-S00627807
2026-09-30,2026-09-30 17:17:34.007363,20260930_171734_c8c847,CORDOBA,277858.0,TEREPINO SA,OSCAR TORTI M4040,1NW4040MASF250186,M4040,Pulverizadora,Monitor,G5 CommandCenter,PCG5CSC224450,25.4 (10.35.3817-13),1NW4040MASF250186,Machine,G5 Advanced - Aplicación autopropulsada,A-S00629493,G5,No informado,2025-11-09,2026-11-11,42.0,Activo,Vence en 60 días,Operations Center,Serie de máquina,PCG5CSC224450,A-S00629493
2026-09-30,2026-09-30 17:17:34.007363,20260930_171734_c8c847,CORDOBA,277858.0,TEREPINO SA,Terepino 7M200,1J07200CTS3000364,7M 200,Tractor,Receptores de posición,SF7500,PCS75UA245876,2.50F,PCS75UA245876,Receptor de posición,SF-RTK,A-S00642126,SF7500,No informado,2026-05-06,2027-05-08,220.0,Activo,Vigente,Operations Center,Serie de receptor,PCS75UA245876,A-S00642126
2026-09-30,2026-09-30 17:17:34.007363,20260930_171734_c8c847,CORDOBA,277858.0,TEREPINO SA,Terepino 7M200,1J07200CTS3000364,7M 200,Tractor,Monitor,G5 CommandCenter,PCG5CSC240391,25.4 (10.35.3817-13),1J07200CTS3000364,Machine,G5 Advanced - Tractor de la serie 7/8/9,A-S00642464,G5,No informado,2026-05-06,2027-05-08,220.0,Activo,Vigente,Operations Center,Serie de máquina,PCG5CSC240391,A-S00642464
2026-09-30,2026-09-30 17:17:34.007363,20260930_171734_c8c847,CORDOBA,277858.0,TEREPINO SA,OSCAR TORTI M4040,1NW4040MASF250186,M4040,Pulverizadora,Receptores de posición,SF7500,PCS75UA216194,2.40P,PCS75UA216194,Receptor de posición,SF-RTK,A-S00644679,SF7500,No informado,2025-11-09,2026-11-11,42.0,Activo,Vence en 60 días,Operations Center,Serie de receptor,PCS75UA216194,A-S00644679
2026-09-30,2026-09-30 17:17:34.007363,20260930_171734_c8c847,CORDOBA,277858.0,TEREPINO SA,8370R,1BM8370RCRS100969,8370R,Tractor,Monitor,G5 CommandCenter,PCG5CSB180833,26.3 (11.3.4160-40),1BM8370RCRS100969,Machine,G5 Advanced - Tractor de la serie 7/8/9,A-S00705654,G5,No informado,2026-09-13,2027-09-14,349.0,Activo,Vigente,Operations Center,Serie de máquina,PCG5CSB180833,A-S00705654
2026-09-30,2026-09-30 17:17:34.007363,20260930_171734_c8c847,SINSACATE,277699.0,La Soledad,1J0S780BCS0160150,1J0S780BCS0160150,S7 800,Cosechadora,Receptores de posición,SF7500 Integrated,PCG75FA252161,2.50F,PCG75FA252161,Receptor de posición,SF-RTK,A-S00620736,SF7500,No informado,,,,Activo,Vigente,Operations Center,Serie de receptor,PCG75FA252161,A-S00620736
2026-09-30,2026-09-30 17:17:34.007363,20260930_171734_c8c847,SINSACATE,277699.0,La Soledad,1NW4030MARF250337,1NW4030MARF250337,M4030,Pulverizadora,Monitor,G5 CommandCenter,PCG5CSB181448,25.4 (10.35.3817-13),1NW4030MARF250337,Machine,G5 Advanced - Aplicación autopropulsada,A-S00632881,G5,No informado,2025-07-21,2026-07-23,-69.0,Vencido,Vencida,Operations Center,Serie de máquina,PCG5CSB181448,A-S00632881
2026-09-30,2026-09-30 17:17:34.007363,20260930_171734_c8c847,SINSACATE,277699.0,La Soledad,1NW4030MARF250337,1NW4030MARF250337,M4030,Pulverizadora,Receptores de posición,SF7500,PCS75UA249494,2.50F,PCS75UA249494,Receptor de posición,SF-RTK,A-S00633059,SF7500,No informado,2025-11-20,2026-11-22,53.0,Activo,Vence en 60 días,Operations Center,Serie de receptor,PCS75UA249494,A-S00633059
2026-09-30,2026-09-30 17:17:34.007363,20260930_171734_c8c847,SINSACATE,277699.0,La Soledad,1J0S780BCS0160150,1J0S780BCS0160150,S7 800,Cosechadora,Monitor,G5 CommandCenter,PCG5CSC245618,26.3 (11.3.4160-46),1J0S780BCS0160150,Machine,Cosechadora S7/X9 Ultimate,A-S00639041,G5,No informado,,,,Activo,Vigente,Operations Center,Serie de máquina,PCG5CSC245618,A-S00639041
2026-09-30,2026-09-30 17:17:34.007363,20260930_171734_c8c847,ARROYITO,425124.0,ALTUNA,1BM6190MTS3001219,1BM6190MTS3001219,6190M,Tractor,Receptores de posición,SF7500,PCS75UA241188,2.50F,PCS75UA241188,Receptor de posición,SF-RTK,A-S00621623,SF7500,No informado,,,,Activo,Vigente,Operations Center,Serie de receptor,PCS75UA241188,A-S00621623
2026-09-30,2026-09-30 17:17:34.007363,20260930_171734_c8c847,CORDOBA,277829.0,JOS DAN HERMANOS SRL,Jos-Dan Hermanos SRL - 7M230,1J07230CHS3000524,7M 230,Tractor,Receptores de posición,SF7500,PCS75UA208077,2.30J,PCS75UA208077,Receptor de posición,SF-RTK,A-S00638836,SF7500,No informado,2025-10-07,2026-10-09,9.0,Activo,Vence en 30 días,Operations Center,Serie de receptor,PCS75UA208077,A-S00638836
2026-09-30,2026-09-30 17:17:34.007363,20260930_171734_c8c847,CORDOBA,277829.0,JOS DAN HERMANOS SRL,Jos-Dan Hermanos SRL - 7M230,1J07230CHS3000524,7M 230,Tractor,Monitor,G5 CommandCenter,PCG5CSC234824,25.3 (10.32.3817-138),1J07230CHS3000524,Machine,G5 Advanced - Tractor de la serie 7/8/9,A-S00642453,G5,No informado,2025-10-07,2026-10-09,9.0,Activo,Vence en 30 días,Operations Center,Serie de máquina,PCG5CSC234824,A-S00642453
2026-09-30,2026-09-30 17:17:34.007363,20260930_171734_c8c847,PILAR,280723.0,BONETTO OSVALDO DOMINGO,8270R Bonetto Osvaldo,1BM8270RKSS101660,8270R,Tractor,Monitor,G5 CommandCenter,PCG5CSC244422,26.3 (11.3.4160-52),1BM8270RKSS101660,Machine,G5 Advanced - Tractor de la serie 7/8/9,A-S00618485,G5,No informado,,,,Activo,Vigente,Operations Center,Serie de máquina,PCG5CSC244422,A-S00618485
2026-09-30,2026-09-30 17:17:34.007363,20260930_171734_c8c847,PILAR,280723.0,BONETTO OSVALDO DOMINGO,8270R Bonetto Osvaldo,1BM8270RKSS101660,8270R,Tractor,Receptores de posición,SF7500,PCS75UA249378,2.40P,PCS75UA249378,Receptor de posición,SF-RTK,A-S00624396,SF7500,No informado,,,,Activo,Vigente,Operations Center,Serie de receptor,PCS75UA249378,A-S00624396
2026-09-30,2026-09-30 17:17:34.007363,20260930_171734_c8c847,SINSACATE,307424.0,ESTEBAN AMBROSINO E HIJOS SA,S7 700 Mario Gutiérrez,1J0S770BCS0160160,S7 700,Cosechadora,Monitor,G5 CommandCenter,PCG5CSC247686,26.2 (11.2.4087-59),1J0S770BCS0160160,Machine,Cosechadora S7/X9 Ultimate,A-S00621495,G5,No informado,2026-05-05,2029-05-07,950.0,Activo,Vigente,Operations Center,Serie de máquina,PCG5CSC247686,A-S00621495
2026-09-30,2026-09-30 17:17:34.007363,20260930_171734_c8c847,SINSACATE,307424.0,ESTEBAN AMBROSINO E HIJOS SA,S7 700 Mario Gutiérrez,1J0S770BCS0160160,S7 700,Cosechadora,Receptores de posición,SF7500 Integrated,PCG75FA252900,2.50F,PCG75FA252900,Receptor de posición,SF-RTK,A-S00644614,SF7500,No informado,2026-05-05,2029-05-07,950.0,Activo,Vigente,Operations Center,Serie de receptor,PCG75FA252900,A-S00644614
2026-09-30,2026-09-30 17:17:34.007363,20260930_171734_c8c847,,429330.0,Hawreluk Nestor,S780,1J0S780BEP0150109,S780,Cosechadora,Monitor,G5 CommandCenter,PCG5CSA106042,25.4 (10.35.3817-13),1J0S780BEP0150109,Machine,G5 Advanced - Cosechadora,A-S00618734,G5,No informado,,,,Activo,Vigente,Operations Center,Serie de máquina,PCG5CSA106042,A-S00618734
2026-09-30,2026-09-30 17:17:34.007363,20260930_171734_c8c847,SANTA ROSA,445526.0,ALLOA ROBERTO,S780,1J0S780BTS0155144,S780,Cosechadora,Receptores de posición,SF7500,PCS75UA182156,2.30J,PCS75UA182156,Receptor de posición,SF-RTK,A-S00621133,SF7500,No informado,,,,Activo,Vigente,Operations Center,Serie de receptor,PCS75UA182156,A-S00621133
2026-09-30,2026-09-30 17:17:34.007363,20260930_171734_c8c847,SANTA ROSA,445526.0,ALLOA ROBERTO,S780,1J0S780BTS0155144,S780,Cosechadora,Monitor,G5 CommandCenter,PCG5CSB191085,25.1 (10.30.3567-82),1J0S780BTS0155144,Machine,G5 Advanced - Cosechadora,A-S00637051,G5,No informado,,,,Activo,Vigente,Operations Center,Serie de máquina,PCG5CSB191085,A-S00637051
2026-09-30,2026-09-30 17:17:34.007363,20260930_171734_c8c847,PILAR,356534.0,DON REINALDO S.A.,8270R Don Reinaldo,1BM8270RKSS101674,8270R,Tractor,Receptores de posición,SF7500,PCS75UA247271,2.50F,PCS75UA247271,Receptor de posición,SF-RTK,A-S00621736,SF7500,No informado,2026-09-08,2027-09-08,343.0,Activo,Vigente,Operations Center,Serie de receptor,PCS75UA247271,A-S00621736
2026-09-30,2026-09-30 17:17:34.007363,20260930_171734_c8c847,PILAR,356534.0,DON REINALDO S.A.,8345R Don Reinaldo,1BM8345RJLS100631,8345R,Tractor,Receptores de posición,SF7500,PCS75UA200731,2.30J,PCS75UA200731,Receptor de posición,SF-RTK,A-S00633158,SF7500,No informado,2025-09-15,2028-09-17,718.0,Activo,Vigente,Operations Center,Serie de receptor,PCS75UA200731,A-S00633158
2026-09-30,2026-09-30 17:17:34.007363,20260930_171734_c8c847,PILAR,356534.0,DON REINALDO S.A.,8270R Don Reinaldo,1BM8270RKSS101674,8270R,Tractor,Monitor,G5 CommandCenter,PCG5CSC245957,25.4 (10.35.3817-13),1BM8270RKSS101674,Machine,G5 Advanced - Tractor de la serie 7/8/9,A-S00639910,G5,No informado,2026-09-08,2027-09-08,343.0,Activo,Vigente,Operations Center,Serie de máquina,PCG5CSC245957,A-S00639910
2026-09-30,2026-09-30 17:17:34.007363,20260930_171734_c8c847,PILAR,356534.0,DON REINALDO S.A.,S770 Don Reinaldo,1J0S770BCS0155175,S770,Cosechadora,Monitor,G5 CommandCenter,PCG5CSB206981,25.2 (10.31.3676-103),1J0S770BCS0155175,Machine,G5 Advanced - Cosechadora,A-S00641421,G5,No informado,2025-09-09,2028-09-11,712.0,Activo,Vigente,Operations Center,Serie de máquina,PCG5CSB206981,A-S00641421
2026-09-30,2026-09-30 17:17:34.007363,20260930_171734_c8c847,ARROYITO,425003.0,SILAJES SACANTA,silaje sacanta sa,1Z08600YVSF627342,8600,Cosechadora de forraje,Monitor,G5Plus Universal,PCG5PUB246760,24-2 (10.29.3422-101),PCG5PUB246760,Monitor,G5 Advanced - Universal,A-S00624266,G5,No informado,2025-11-11,2026-11-13,44.0,Activo,Vence en 60 días,Operations Center,Serie de monitor,PCG5PUB246760,A-S00624266
2026-09-30,2026-09-30 17:17:34.007363,20260930_171734_c8c847,PILAR,419507.0,Las Margas,7200J Las Margas,1J07200JVPD000582,7200J,Tractor,Receptores de posición,SF7000,PCS17UB169662,6.60T,PCS17UB169662,Receptor de posición,SF-RTK,A-S00619194,SF7000,No informado,,,,Activo,Vigente,Operations Center,Serie de receptor,PCS17UB169662,A-S00619194
2026-09-30,2026-09-30 17:17:34.007363,20260930_171734_c8c847,SINSACATE,405100.0,SALVUCCI ALBERTO L Y SALVUCCI RAUL A SOC SIMPLE,6150J,1J06150JKRD600447,6150J,Tractor,Receptores de posición,SF7000,PCS17UB224599,6.80C,PCS17UB224599,Receptor de posición,SF-RTK,A-S00619613,SF7000,No informado,2026-05-04,2027-05-06,218.0,Activo,Vigente,Operations Center,Serie de receptor,PCS17UB224599,A-S00619613
2026-09-30,2026-09-30 17:17:34.007363,20260930_171734_c8c847,SINSACATE,405100.0,SALVUCCI ALBERTO L Y SALVUCCI RAUL A SOC SIMPLE,Tractor 7230R Salvucci,1RW7230REJS101571,7230R,Tractor,Receptores de posición,SF7000,PCS17UB202958,6.80C,PCS17UB202958,Receptor de posición,SF-RTK,A-S00638829,SF7000,No informado,2026-05-24,2027-05-26,238.0,Activo,Vigente,Operations Center,Serie de receptor,PCS17UB202958,A-S00638829
2026-09-30,2026-09-30 17:17:34.007363,20260930_171734_c8c847,SINSACATE,324409.0,DE GIORGIO SA,1J0S790BHS0160121,1J0S790BHS0160121,S7 900,Cosechadora,Monitor,G5 CommandCenter,PCG5CSC246707,26.3 (11.3.4160-46),1J0S790BHS0160121,Machine,Cosechadora S7/X9 Ultimate,A-S00622363,G5,No informado,,,,Activo,Vigente,Operations Center,Serie de máquina,PCG5CSC246707,A-S00622363
2026-09-30,2026-09-30 17:17:34.007363,20260930_171734_c8c847,SINSACATE,324409.0,DE GIORGIO SA,4730 DEGIORGIO NUEVA,1NW4730XKJ0055992,4730,Pulverizadora,Receptores de posición,SF7000,PCS17UB238683,6.80C,PCS17UB238683,Receptor de posición,SF-RTK,A-S00631203,SF7000,No informado,2026-03-29,2027-03-31,182.0,Activo,Vigente,Operations Center,Serie de receptor,PCS17UB238683,A-S00631203
2026-09-30,2026-09-30 17:17:34.007363,20260930_171734_c8c847,SINSACATE,324409.0,DE GIORGIO SA,1J0S790BHS0160121,1J0S790BHS0160121,S7 900,Cosechadora,Receptores de posición,SF7500 Integrated,PCG75FA253478,2.50F,PCG75FA253478,Receptor de posición,SF-RTK,A-S00644165,SF7500,No informado,,,,Activo,Vigente,Operations Center,Serie de receptor,PCG75FA253478,A-S00644165
2026-09-30,2026-09-30 17:17:34.007363,20260930_171734_c8c847,SINSACATE,324409.0,DE GIORGIO SA,,,,,Receptor de posición,SF7000,,,PCS17UB126739,Receptor de posición,SF-RTK,A-S00645152,Otra,No informado,2025-11-09,2026-11-11,42.0,Activo,Vence en 60 días,Operations Center,No encontrado,PCS17UB126739,A-S00645152
2026-09-30,2026-09-30 17:17:34.007363,20260930_171734_c8c847,SINSACATE,324409.0,DE GIORGIO SA,8320 DeGiorgio,1RW8320RLGP112400,8320R,Tractor,Receptores de posición,SF7000,PCS17UB238509,6.80C,PCS17UB238509,Receptor de posición,SF-RTK,A-S00700923,SF7000,No informado,2026-09-07,2027-09-08,343.0,Activo,Vigente,Operations Center,Serie de receptor,PCS17UB238509,A-S00700923
2026-09-30,2026-09-30 17:17:34.007363,20260930_171734_c8c847,CORDOBA,423574.0,Fraresso Guillermo,8270R Fraresso S.R.L,1BM8270RCRS101431,8270R,Tractor,Receptores de posición,SF7500,PCS75UA164120,2.30J,PCS75UA164120,Receptor de posición,SF-RTK,A-S00638282,SF7500,No informado,2026-05-20,2027-05-22,234.0,Activo,Vigente,Operations Center,Serie de receptor,PCS75UA164120,A-S00638282
2026-09-30,2026-09-30 17:17:34.007363,20260930_171734_c8c847,CORDOBA,423574.0,Fraresso Guillermo,8270R Fraresso S.R.L,1BM8270RCRS101431,8270R,Tractor,Monitor,G5 CommandCenter,PCG5CSB187711,25.2 (10.31.3676-103),1BM8270RCRS101431,Machine,G5 Advanced - Tractor de la serie 7/8/9,A-S00640439,G5,No informado,2026-05-20,2027-05-22,234.0,Activo,Vigente,Operations Center,Serie de máquina,PCG5CSB187711,A-S00640439
2026-09-30,2026-09-30 17:17:34.007363,20260930_171734_c8c847,SINSACATE,228477.0,DRUSIAN RUBEN EDUARDO,,,,,Monitor,G5 Universal,,,PCG5MUB186936,Monitor,Renovable esencial,A-S00620988,Otra,No informado,2026-03-22,2027-03-24,175.0,Activo,Vigente,Operations Center,No encontrado,PCG5MUB186936,A-S00620988
2026-09-30,2026-09-30 17:17:34.007363,20260930_171734_c8c847,SINSACATE,228477.0,DRUSIAN RUBEN EDUARDO,7230j,1J07230JJPD000936,7230J,Tractor,Receptores de posición,SF7000,PCS17UB184632,6.80C,PCS17UB184632,Receptor de posición,SF-RTK,A-S00640662,SF7000,No informado,,,,Activo,Vigente,Operations Center,Serie de receptor,PCS17UB184632,A-S00640662
2026-09-30,2026-09-30 17:17:34.007363,20260930_171734_c8c847,SINSACATE,440733.0,ROSTIROLLA HECTOR RAUL,S7 600,1J0S760BLS0160147,S7 600,Cosechadora,Receptores de posición,SF7500 Integrated,PCG75FA260241,2.50F,PCG75FA260241,Receptor de posición,SF-RTK,A-S00633664,SF7500,No informado,2026-03-31,,,Activo,Vigente,Operations Center,Serie de receptor,PCG75FA260241,A-S00633664
2026-09-30,2026-09-30 17:17:34.007363,20260930_171734_c8c847,SINSACATE,440733.0,ROSTIROLLA HECTOR RAUL,S7 600,1J0S760BLS0160147,S7 600,Cosechadora,Monitor,G5 CommandCenter,PCG5CSC258492,26.3 (11.3.4160-52),1J0S760BLS0160147,Machine,Cosechadora S7/X9 Ultimate,A-S00635352,G5,No informado,2026-03-31,,,Activo,Vigente,Operations Center,Serie de máquina,PCG5CSC258492,A-S00635352
2026-09-30,2026-09-30 17:17:34.007363,20260930_171734_c8c847,PILAR,432966.0,Casale Hugo ,7200M Casale Hugo,1J07200CKR3000197,7M 200,Tractor,Monitor,G5 CommandCenter,PCG5CSB179489,25.2 (10.31.3676-103),1J07200CKR3000197,Machine,G5 Advanced - Tractor de la serie 7/8/9,A-S00628412,G5,No informado,2025-09-07,2026-09-09,-21.0,Vencido,Vencida,Operations Center,Serie de máquina,PCG5CSB179489,A-S00628412
2026-09-30,2026-09-30 17:17:34.007363,20260930_171734_c8c847,PILAR,432966.0,Casale Hugo ,7200M Casale Hugo,1J07200CKR3000197,7M 200,Tractor,Receptores de posición,SF7500,PCS75UA158303,2.22C,PCS75UA158303,Receptor de posición,SF-RTK,A-S00630730,SF7500,No informado,2025-09-08,2026-09-10,-20.0,Vencido,Vencida,Operations Center,Serie de receptor,PCS75UA158303,A-S00630730
2026-09-30,2026-09-30 17:17:34.007363,20260930_171734_c8c847,SINSACATE,410201.0,AGROPECUARIA LAS MARIAS SA,PLA 3600,1YE3600FCPA008338,3600,Pulverizadora,Receptores de posición,SF7500,PCS75UA161272,2.30J,PCS75UA161272,Receptor de posición,SF-RTK,A-S00638772,SF7500,No informado,2026-11-23,2027-11-23,419.0,Activo,Vigente,Operations Center,Serie de receptor,PCS75UA161272,A-S00638772
2026-09-30,2026-09-30 17:17:34.007363,20260930_171734_c8c847,SINSACATE,410201.0,AGROPECUARIA LAS MARIAS SA,8320R (2),1BM8320RTSS101087,8320R,Tractor,Receptores de posición,SF7500,PCS75UA249282,2.50F,PCS75UA249282,Receptor de posición,SF-RTK,A-S00661443,SF7500,No informado,2026-09-08,2027-09-09,344.0,Activo,Vigente,Operations Center,Serie de receptor,PCS75UA249282,A-S00661443
2026-09-30,2026-09-30 17:17:34.007363,20260930_171734_c8c847,SINSACATE,410201.0,AGROPECUARIA LAS MARIAS SA,8320R (2),1BM8320RTSS101087,8320R,Tractor,Monitor,G5 CommandCenter,PCG5CSC256082,26.3 (11.3.4160-52),1BM8320RTSS101087,Machine,G5 Advanced - Tractor de la serie 7/8/9,A-S00661446,G5,No informado,2026-09-08,2027-09-09,344.0,Activo,Vigente,Operations Center,Serie de máquina,PCG5CSC256082,A-S00661446
2026-09-30,2026-09-30 17:17:34.007363,20260930_171734_c8c847,ARROYITO,419962.0,AMADEO BADINO,S7 700,1J0S770BJS0160181,S7 700,Cosechadora,Receptores de posición,SF7500 Integrated,PCG75FA256075,2.50F,PCG75FA256075,Receptor de posición,SF-RTK,A-S00622538,SF7500,No informado,,,,Activo,Vigente,Operations Center,Serie de receptor,PCG75FA256075,A-S00622538
2026-09-30,2026-09-30 17:17:34.007363,20260930_171734_c8c847,ARROYITO,419962.0,AMADEO BADINO,S7 700,1J0S770BJS0160181,S7 700,Cosechadora,Monitor,G5 CommandCenter,PCG5CSC255928,26.3 (11.3.4160-46),1J0S770BJS0160181,Machine,Cosechadora S7/X9 Ultimate,A-S00633935,G5,No informado,,,,Activo,Vigente,Operations Center,Serie de máquina,PCG5CSC255928,A-S00633935
2026-09-30,2026-09-30 17:17:34.007363,20260930_171734_c8c847,,355244.0,ELORZA MARCELO Y JOSE MARIA SRL,7M230,1J07230CLR3000189,7M 230,Tractor,Receptores de posición,SF7000,PCS17UB254594,6.60T,PCS17UB254594,Receptor de posición,SF-RTK,A-S00628783,SF7000,No informado,2025-11-08,2026-11-10,41.0,Activo,Vence en 60 días,Operations Center,Serie de receptor,PCS17UB254594,A-S00628783
2026-09-30,2026-09-30 17:17:34.007363,20260930_171734_c8c847,SINSACATE,307486.0,PAGLIALUNGA GUSTAVO ANTONIO,,,,,Receptor de posición,SF7500,,,PCS75UA252412,Receptor de posición,SF-RTK,A-S00637344,Otra,No informado,,,,Activo,Vigente,Operations Center,No encontrado,PCS75UA252412,A-S00637344
2026-09-30,2026-09-30 17:17:34.007363,20260930_171734_c8c847,SINSACATE,307486.0,PAGLIALUNGA GUSTAVO ANTONIO,Tractor 8245R Paglialunga,1BM8245RCKS100065,8245R,Tractor,Receptores de posición,SF7500,PCS75UA244289,2.40P,PCS75UA244289,Receptor de posición,SF-RTK,A-S00643195,SF7500,No informado,2025-10-21,2026-10-22,22.0,Activo,Vence en 30 días,Operations Center,Serie de receptor,PCS75UA244289,A-S00643195
2026-09-30,2026-09-30 17:17:34.007363,20260930_171734_c8c847,SINSACATE,307486.0,PAGLIALUNGA GUSTAVO ANTONIO,1BM7210JCB0000046,1BM7210JCB0000046,7210J,Tractor,Monitor,G5 Universal,PCG5MUB186807,25.3 (10.32.3817-138),PCG5MUB186807,Monitor,Renovable esencial,A-S00644119,G5,No informado,2025-11-17,2026-11-19,50.0,Activo,Vence en 60 días,Operations Center,Serie de monitor,PCG5MUB186807,A-S00644119
2026-09-30,2026-09-30 17:17:34.007363,20260930_171734_c8c847,SINSACATE,276591.0,RIZZI ALBANO CESAR,s770,1J0S770BPR0155117,S770,Cosechadora,Monitor,G5 CommandCenter,PCG5CSB180876,25.3 (10.32.3817-94),1J0S770BPR0155117,Machine,G5 Advanced - Cosechadora,A-S00631400,G5,No informado,,,,Activo,Vigente,Operations Center,Serie de máquina,PCG5CSB180876,A-S00631400
2026-09-30,2026-09-30 17:17:34.007363,20260930_171734_c8c847,SINSACATE,276591.0,RIZZI ALBANO CESAR,s770,1J0S770BPR0155117,S770,Cosechadora,Receptores de posición,SF7500,PCS75UA158887,2.30J,PCS75UA158887,Receptor de posición,SF-RTK,A-S00632095,SF7500,No informado,,,,Activo,Vigente,Operations Center,Serie de receptor,PCS75UA158887,A-S00632095
2026-09-30,2026-09-30 17:17:34.007363,20260930_171734_c8c847,SINSACATE,413239.0,DE GIORGIO VICTOR HUGO,1BM8270RARS101352,1BM8270RARS101352,8270R,Tractor,Receptores de posición,SF7500,PCS75UA128287,2.40P,PCS75UA128287,Receptor de posición,SF-RTK,A-S00624846,SF7500,No informado,2025-10-17,2026-10-19,19.0,Activo,Vence en 30 días,Operations Center,Serie de receptor,PCS75UA128287,A-S00624846
2026-09-30,2026-09-30 17:17:34.007363,20260930_171734_c8c847,SINSACATE,413239.0,DE GIORGIO VICTOR HUGO,1BM8270RARS101352,1BM8270RARS101352,8270R,Tractor,Monitor,G5 CommandCenter,PCG5CSB160397,26.3 (11.3.4160-40),1BM8270RARS101352,Machine,G5 Advanced - Tractor de la serie 7/8/9,A-S00629452,G5,No informado,2025-10-17,2026-10-19,19.0,Activo,Vence en 30 días,Operations Center,Serie de máquina,PCG5CSB160397,A-S00629452
2026-09-30,2026-09-30 17:17:34.007363,20260930_171734_c8c847,SINSACATE,413239.0,DE GIORGIO VICTOR HUGO,CQ7500A015474,CQ7500A015474,7500,Tractor,Monitor,G5Plus Universal,PCG5PUB186180,24-2 (10.29.3422-90),PCG5PUB186180,Monitor,Renovable avanzada,A-S00629745,G5,No informado,,2026-11-18,49.0,Activo,Vence en 60 días,Operations Center,Serie de monitor,PCG5PUB186180,A-S00629745
2026-09-30,2026-09-30 17:17:34.007363,20260930_171734_c8c847,SINSACATE,413239.0,DE GIORGIO VICTOR HUGO,1NW4030MTTF251101,1NW4030MTTF251101,M4030,Pulverizadora,Monitor,G5 CommandCenter,PCG5CSC245162,26.3 (11.3.4160-40),1NW4030MTTF251101,Machine,G5 Advanced - Aplicación autopropulsada,A-S00661989,G5,No informado,,,,Activo,Vigente,Operations Center,Serie de máquina,PCG5CSC245162,A-S00661989
2026-09-30,2026-09-30 17:17:34.007363,20260930_171734_c8c847,SINSACATE,413239.0,DE GIORGIO VICTOR HUGO,1NW4030MTTF251101,1NW4030MTTF251101,M4030,Pulverizadora,Receptores de posición,SF7500,PCS75UA281018,2.50F,PCS75UA281018,Receptor de posición,SF-RTK,A-S00690677,SF7500,No informado,,,,Activo,Vigente,Operations Center,Serie de receptor,PCS75UA281018,A-S00690677
2026-09-30,2026-09-30 17:17:34.007363,20260930_171734_c8c847,CORDOBA,428415.0,Martin Harte,1BM6135MHS3000590,1BM6135MHS3000590,6135M MONTENEGRO,Tractor,Receptores de posición,SF7500,PCS75UA244594,2.40P,PCS75UA244594,Receptor de posición,SF-RTK,A-S00625457,SF7500,No informado,2026-03-26,2027-03-28,179.0,Activo,Vigente,Operations Center,Serie de receptor,PCS75UA244594,A-S00625457
2026-09-30,2026-09-30 17:17:34.007363,20260930_171734_c8c847,CORDOBA,428415.0,Martin Harte,1BM6135MHS3000590,1BM6135MHS3000590,6135M MONTENEGRO,Tractor,Monitor,G5 Universal,PCG5MUB187784,25.2 (10.31.3676-103),PCG5MUB187784,Monitor,Renovable esencial,A-S00632927,G5,No informado,2025-10-29,2026-10-31,31.0,Activo,Vence en 60 días,Operations Center,Serie de monitor,PCG5MUB187784,A-S00632927
2026-09-30,2026-09-30 17:17:34.007363,20260930_171734_c8c847,CORDOBA,444715.0,MARINOZZI LUCAS MARTIN,1J07230JKND000625,1J07230JKND000625,7230J,Tractor,Monitor,G5 Universal,PCG5MUB169951,25.2 (10.31.3676-103),PCG5MUB169951,Monitor,Renovable avanzada,A-S00626882,G5,No informado,2025-07-06,2026-07-08,-84.0,Vencido,Vencida,Operations Center,Serie de monitor,PCG5MUB169951,A-S00626882
2026-09-30,2026-09-30 17:17:34.007363,20260930_171734_c8c847,CORDOBA,444715.0,MARINOZZI LUCAS MARTIN,,,,,Receptor de posición,SF7500,,,PCS75UA120277,Receptor de posición,SF-RTK,A-S00644089,Otra,No informado,2025-09-25,2026-09-27,-3.0,Vencido,Vencida,Operations Center,No encontrado,PCS75UA120277,A-S00644089
2026-09-30,2026-09-30 17:17:34.007363,20260930_171734_c8c847,CORDOBA,444715.0,MARINOZZI LUCAS MARTIN,1J0S780BVS0160156,1J0S780BVS0160156,S7 800,Cosechadora,Monitor,G5 CommandCenter,PCG5CSC261374,26.3 (11.3.4160-52),1J0S780BVS0160156,Machine,Cosechadora S7/X9 Ultimate,A-S00689033,G5,No informado,2026-09-01,2029-09-01,1067.0,Activo,Vigente,Operations Center,Serie de máquina,PCG5CSC261374,A-S00689033
2026-09-30,2026-09-30 17:17:34.007363,20260930_171734_c8c847,CORDOBA,444715.0,MARINOZZI LUCAS MARTIN,1J0S780BVS0160156,1J0S780BVS0160156,S7 800,Cosechadora,Receptores de posición,SF7500 Integrated,PCG75FA251863,2.50F,PCG75FA251863,Receptor de posición,SF-RTK,A-S00689034,SF7500,No informado,2026-09-01,2029-09-01,1067.0,Activo,Vigente,Operations Center,Serie de receptor,PCG75FA251863,A-S00689034
2026-09-30,2026-09-30 17:17:34.007363,20260930_171734_c8c847,ARROYITO,418068.0,visconti,Visconti,1Z08500YKHF516569,8500,Cosechadora de forraje,Monitor,G5Plus Universal,PCG5PUB190590,25.2 (10.31.3676-103),PCG5PUB190590,Monitor,Renovable avanzada,A-S00629232,G5,No informado,,,,Vencido,Vencida,Operations Center,Serie de monitor,PCG5PUB190590,A-S00629232
2026-09-30,2026-09-30 17:17:34.007363,20260930_171734_c8c847,ARROYITO,418068.0,visconti,Visconti,1Z08500YKHF516569,8500,Cosechadora de forraje,Monitor,G5Plus Universal,PCG5PUB190590,25.2 (10.31.3676-103),PCG5PUB190590,Monitor,Renovable esencial,A-S00689187,G5,No informado,,,,Activo,Vigente,Operations Center,Serie de monitor,PCG5PUB190590,A-S00689187
2026-09-30,2026-09-30 17:17:34.007363,20260930_171734_c8c847,PILAR,445522.0,Don Nardo SA,7230M,1J07230CHR3000128,7M 230,Tractor,Receptores de posición,SF7000,PCS17UB234023,6.80C,PCS17UB234023,Receptor de posición,SF-RTK,A-S00635461,SF7000,No informado,2025-09-11,2026-09-13,-17.0,Vencido,Vencida,Operations Center,Serie de receptor,PCS17UB234023,A-S00635461
2026-09-30,2026-09-30 17:17:34.007363,20260930_171734_c8c847,ARROYITO,283803.0,EL CRICHO S.R.L,,,,,Receptor de posición,SF7500,,,PCS75UA143498,Receptor de posición,SF-RTK,A-S00631177,Otra,No informado,2026-09-10,2027-09-10,345.0,Activo,Vigente,Operations Center,No encontrado,PCS75UA143498,A-S00631177
2026-09-30,2026-09-30 17:17:34.007363,20260930_171734_c8c847,ARROYITO,283803.0,EL CRICHO S.R.L,7J 215 | 1,1BM7215JCHH000218,7215J,Tractor,Monitor,G5 Universal,PCG5MUB168352,25.2 (10.31.3676-98),PCG5MUB168352,Monitor,Renovable avanzada,A-S00637146,G5,No informado,2025-06-18,2026-06-20,-102.0,Vencido,Vencida,Operations Center,Serie de monitor,PCG5MUB168352,A-S00637146
2026-09-30,2026-09-30 17:17:34.007363,20260930_171734_c8c847,ARROYITO,283803.0,EL CRICHO S.R.L,7J 215 | 1,1BM7215JCHH000218,7215J,Tractor,Monitor,G5 Universal,PCG5MUB168352,25.2 (10.31.3676-98),PCG5MUB168352,Monitor,Renovable esencial,A-S00658593,G5,No informado,2026-07-07,2027-07-08,281.0,Activo,Vigente,Operations Center,Serie de monitor,PCG5MUB168352,A-S00658593
2026-09-30,2026-09-30 17:17:34.007363,20260930_171734_c8c847,PILAR,426894.0,LOSANO LUIS NICOLAS ,6170J LOSANO,1J06170JCRD600298,6170J,Tractor,Receptores de posición,SF7000,PCS17UB212736,6.75B,PCS17UB212736,Receptor de posición,SF-RTK,A-S00632202,SF7000,No informado,2025-09-15,2027-09-18,353.0,Activo,Vigente,Operations Center,Serie de receptor,PCS17UB212736,A-S00632202
2026-09-30,2026-09-30 17:17:34.007363,20260930_171734_c8c847,PILAR,426894.0,LOSANO LUIS NICOLAS ,1J0S770BHT0165101,1J0S770BHT0165101,S7 700,Cosechadora,Receptores de posición,SF7500 Integrated,PCG75FA255463,2.50F,PCG75FA255463,Receptor de posición,SF-RTK,A-S00706855,SF7500,No informado,,,,No activado,No activada,Operations Center,Serie de receptor,PCG75FA255463,A-S00706855
2026-09-30,2026-09-30 17:17:34.007363,20260930_171734_c8c847,PILAR,426894.0,LOSANO LUIS NICOLAS ,1J0S770BHT0165101,1J0S770BHT0165101,S7 700,Cosechadora,Monitor,G5 CommandCenter,PCG5CSC296093,26.3 (11.3.4160-65),1J0S770BHT0165101,Machine,G5 Advanced - Cosechadora,A-S00706860,G5,No informado,,,,No activado,No activada,Operations Center,Serie de máquina,PCG5CSC296093,A-S00706860
2026-09-30,2026-09-30 17:17:34.007363,20260930_171734_c8c847,PILAR,426894.0,LOSANO LUIS NICOLAS ,,,,,Receptor de posición,SF7500,,,PCS75UA266627,Receptor de posición,SF-RTK,A-S00721086,Otra,No informado,2026-09-28,2027-09-29,364.0,Activo,Vigente,Operations Center,No encontrado,PCS75UA266627,A-S00721086
2026-09-30,2026-09-30 17:17:34.007363,20260930_171734_c8c847,ARROYITO,359558.0,DOGLIANI ALEJANDRO JOSE,PLA 3600MD BT,1YE3600FPNA008297,3600,Pulverizadora,Receptores de posición,SF7500,PCS75UA274547,2.50F,PCS75UA274547,Receptor de posición,SF-RTK,A-S00633687,SF7500,No informado,2026-03-26,2027-03-28,179.0,Activo,Vigente,Operations Center,Serie de receptor,PCS75UA274547,A-S00633687
2026-09-30,2026-09-30 17:17:34.007363,20260930_171734_c8c847,,415329.0,ADECO AGROPECUARIA,,,,,Receptor de posición,SF7500,,,PCS75UA180200,Receptor de posición,SF-RTK,A-S00637737,Otra,No informado,,,,Vencido,Vencida,Operations Center,No encontrado,PCS75UA180200,A-S00637737
2026-09-30,2026-09-30 17:17:34.007363,20260930_171734_c8c847,,415329.0,ADECO AGROPECUARIA,,,,,Receptor de posición,SF7500,,,PCS75UA180200,Receptor de posición,SF-RTK,A-S00685824,Otra,No informado,,,,Activo,Vigente,Operations Center,No encontrado,PCS75UA180200,A-S00685824
2026-09-30,2026-09-30 17:17:34.007363,20260930_171734_c8c847,ARROYITO,358684.0,PAIRETTI ROBERTO PABLO,1J07200JJPD000692,1J07200JJPD000692,7200J,Tractor,Receptores de posición,SF7000,PCS17UB203933,6.75B,PCS17UB203933,Receptor de posición,SF-RTK,A-S00638796,SF7000,No informado,,,,Vencido,Vencida,Operations Center,Serie de receptor,PCS17UB203933,A-S00638796
2026-09-30,2026-09-30 17:17:34.007363,20260930_171734_c8c847,ARROYITO,358684.0,PAIRETTI ROBERTO PABLO,1J07200JJPD000692,1J07200JJPD000692,7200J,Tractor,Receptores de posición,SF7000,PCS17UB203933,6.75B,PCS17UB203933,Receptor de posición,SF-RTK,A-S00700982,SF7000,No informado,2026-09-07,2027-09-08,343.0,Activo,Vigente,Operations Center,Serie de receptor,PCS17UB203933,A-S00700982
2026-09-30,2026-09-30 17:17:34.007363,20260930_171734_c8c847,SINSACATE,357319.0,AGROVERAZ,AGROVERAZ 8R  3471 57-6659,1BM8295RJHP100025,8295R,Tractor,Receptores de posición,SF7500,PCS75UA257405,2.50F,PCS75UA257405,Receptor de posición,SF-RTK,A-S00679266,SF7500,No informado,,,,Activo,Vigente,Operations Center,Serie de receptor,PCS75UA257405,A-S00679266
2026-09-30,2026-09-30 17:17:34.007363,20260930_171734_c8c847,PILAR,358682.0,Monte Seco SA,8320R - MONTE SECO,1BM8320RETS101119,8320R,Tractor,Monitor,G5 CommandCenter,PCG5CSC275470,26.3 (11.3.4160-52),1BM8320RETS101119,Machine,G5 Advanced - Tractor de la serie 7/8/9,A-S00679464,G5,No informado,,,,Activo,Vigente,Operations Center,Serie de máquina,PCG5CSC275470,A-S00679464
2026-09-30,2026-09-30 17:17:34.007363,20260930_171734_c8c847,,470501.0,ENTRE RIOS S.A.,1J07230JCPD000767,1J07230JCPD000767,7230J,Tractor,Receptores de posición,SF7000,PCS17UB211534,6.80C,PCS17UB211534,Receptor de posición,SF-RTK,A-S00614479,SF7000,No informado,2026-06-30,2027-06-30,273.0,Activo,Vigente,Operations Center,Serie de receptor,PCS17UB211534,A-S00614479
2026-09-30,2026-09-30 17:17:34.007363,20260930_171734_c8c847,,470501.0,ENTRE RIOS S.A.,1NW4030MCRF250061,1NW4030MCRF250061,M4030,Pulverizadora,Monitor,G5 CommandCenter,PCG5CSB151152,26.3 (11.3.4160-52),1NW4030MCRF250061,Machine,G5 Advanced - Aplicación autopropulsada,A-S00615947,G5,No informado,2025-11-27,2026-06-30,-92.0,Cancelada,Cancelada,Operations Center,Serie de máquina,PCG5CSB151152,A-S00615947
2026-09-30,2026-09-30 17:17:34.007363,20260930_171734_c8c847,,470501.0,ENTRE RIOS S.A.,,,,,,,,,,,Renovable esencial,A-S00622954,Otra,No informado,,,,Cancelada,Cancelada,Operations Center,Sin serie asignada,,A-S00622954
2026-09-30,2026-09-30 17:17:34.007363,20260930_171734_c8c847,,470501.0,ENTRE RIOS S.A.,CQ6615A060061,CQ6615A060061,6615,Tractor,Monitor,G5 Universal,PCG5MUB176857,26.3 (11.3.4160-52),PCG5MUB176857,Monitor,Renovable esencial,A-S00640528,G5,No informado,,2026-06-30,-92.0,Cancelada,Cancelada,Operations Center,Serie de monitor,PCG5MUB176857,A-S00640528
2026-09-30,2026-09-30 17:17:34.007363,20260930_171734_c8c847,,470501.0,ENTRE RIOS S.A.,,,,,Receptor de posición,SF7500,,,PCS75UA145687,Receptor de posición,SF-RTK,A-S00655105,Otra,No informado,2026-06-30,2027-07-01,274.0,Activo,Vigente,Operations Center,No encontrado,PCS75UA145687,A-S00655105
2026-09-30,2026-09-30 17:17:34.007363,20260930_171734_c8c847,,470501.0,ENTRE RIOS S.A.,CQ6615A060061,CQ6615A060061,6615,Tractor,Monitor,G5 Universal,PCG5MUB176857,26.3 (11.3.4160-52),PCG5MUB176857,Monitor,Renovable esencial,A-S00655289,G5,No informado,2026-06-30,2027-07-01,274.0,Activo,Vigente,Operations Center,Serie de monitor,PCG5MUB176857,A-S00655289
2026-09-30,2026-09-30 17:17:34.007363,20260930_171734_c8c847,,470501.0,ENTRE RIOS S.A.,1NW4030MCRF250061,1NW4030MCRF250061,M4030,Pulverizadora,Monitor,G5 CommandCenter,PCG5CSB151152,26.3 (11.3.4160-52),1NW4030MCRF250061,Machine,G5 Advanced - Aplicación autopropulsada,A-S00655505,G5,No informado,2026-06-30,2027-07-01,274.0,Activo,Vigente,Operations Center,Serie de máquina,PCG5CSB151152,A-S00655505
2026-09-30,2026-09-30 17:17:34.007363,20260930_171734_c8c847,,470501.0,ENTRE RIOS S.A.,,,,,Receptor de posición,SF7500,,,PCS75UA250255,Receptor de posición,SF-RTK,A-S00680650,Otra,No informado,,,,Activo,Vigente,Operations Center,No encontrado,PCS75UA250255,A-S00680650
2026-09-30,2026-09-30 17:17:34.007363,20260930_171734_c8c847,,470501.0,ENTRE RIOS S.A.,1J06145JCHD000153,1J06145JCHD000153,6145J,Tractor,Receptores de posición,SF7500,PCS75UA309969,2.50F,PCS75UA309969,Receptor de posición,SF-RTK,A-S00682343,SF7500,No informado,,,,Activo,Vigente,Operations Center,Serie de receptor,PCS75UA309969,A-S00682343
2026-09-30,2026-09-30 17:17:34.007363,20260930_171734_c8c847,,470501.0,ENTRE RIOS S.A.,1J06145JCHD000153,1J06145JCHD000153,6145J,Tractor,Monitor,G5 Universal,PCG5MUB277408,26.3 (11.3.4160-52),PCG5MUB277408,Monitor,Renovable esencial,A-S00683861,G5,No informado,,,,Activo,Vigente,Operations Center,Serie de monitor,PCG5MUB277408,A-S00683861
2026-09-30,2026-09-30 17:17:34.007363,20260930_171734_c8c847,CORDOBA,472229.0,GIACARDI GONZALO,Tractor 8345R,1BM8345RJRS101335,8345R,Tractor,Receptores de posición,SF7500,PCS75UA131685,2.22C,PCS75UA131685,Receptor de posición,SF-RTK,A-S00639629,SF7500,No informado,2025-11-19,2026-11-21,52.0,Activo,Vence en 60 días,Operations Center,Serie de receptor,PCS75UA131685,A-S00639629
2026-09-30,2026-09-30 17:17:34.007363,20260930_171734_c8c847,PILAR,528873.0,Cravero Pedro ,S5 500 Pedro Cravero,1J0S550BCT0160140,S5 500,Cosechadora,Monitor,G5 CommandCenter,PCG5CSC258101,26.2 (11.2.4087-59),1J0S550BCT0160140,Machine,G5 Advanced - Cosechadora,A-S00614635,G5,No informado,,,,Activo,Vigente,Operations Center,Serie de máquina,PCG5CSC258101,A-S00614635
2026-09-30,2026-09-30 17:17:34.007363,20260930_171734_c8c847,PILAR,528873.0,Cravero Pedro ,7M 230 Cravero Pedro,1J07230CAS3000486,7M 230,Tractor,Receptores de posición,SF7500,PCS75UA211048,2.30J,PCS75UA211048,Receptor de posición,SF-RTK,A-S00615696,SF7500,No informado,2025-09-08,2026-09-10,-20.0,Vencido,Vencida,Operations Center,Serie de receptor,PCS75UA211048,A-S00615696
2026-09-30,2026-09-30 17:17:34.007363,20260930_171734_c8c847,PILAR,528873.0,Cravero Pedro ,7M 230 Cravero Pedro,1J07230CAS3000486,7M 230,Tractor,Monitor,G5 CommandCenter,PCG5CSC222554,25.4 (10.35.3817-13),1J07230CAS3000486,Machine,G5 Advanced - Tractor de la serie 7/8/9,A-S00639923,G5,No informado,2025-09-08,2026-09-10,-20.0,Vencido,Vencida,Operations Center,Serie de máquina,PCG5CSC222554,A-S00639923
2026-09-30,2026-09-30 17:17:34.007363,20260930_171734_c8c847,PILAR,528873.0,Cravero Pedro ,7M 230 Cravero Pedro,1J07230CAS3000486,7M 230,Tractor,Receptores de posición,SF7500,PCS75UA211048,2.30J,PCS75UA211048,Receptor de posición,SF-RTK,A-S00713747,SF7500,No informado,2026-09-21,2027-09-22,357.0,Activo,Vigente,Operations Center,Serie de receptor,PCS75UA211048,A-S00713747
2026-09-30,2026-09-30 17:17:34.007363,20260930_171734_c8c847,PILAR,528873.0,Cravero Pedro ,7M 230 Cravero Pedro,1J07230CAS3000486,7M 230,Tractor,Monitor,G5 CommandCenter,PCG5CSC222554,25.4 (10.35.3817-13),1J07230CAS3000486,Machine,G5 Advanced - Tractor de la serie 7/8/9,A-S00713760,G5,No informado,2026-09-21,2027-09-22,357.0,Activo,Vigente,Operations Center,Serie de máquina,PCG5CSC222554,A-S00713760
2026-09-30,2026-09-30 17:17:34.007363,20260930_171734_c8c847,CORDOBA,509737.0,Mahuen SA,8345R Nva Esperanza,1BM8345RCRS101353,8345R,Tractor,Receptores de posición,SF7500,PCS75UA156553,2.40P,PCS75UA156553,Receptor de posición,SF-RTK,A-S00614821,SF7500,No informado,2025-11-30,,,Activo,Vigente,Operations Center,Serie de receptor,PCS75UA156553,A-S00614821
2026-09-30,2026-09-30 17:17:34.007363,20260930_171734_c8c847,CORDOBA,509737.0,Mahuen SA,S7 900 Mahuen SA,1J0S790BCS0160140,S7 900,Cosechadora,Receptores de posición,SF7500 Integrated,PCG75FA262070,2.50F,PCG75FA262070,Receptor de posición,SF-RTK,A-S00615772,SF7500,No informado,2026-03-26,2029-03-28,910.0,Activo,Vigente,Operations Center,Serie de receptor,PCG75FA262070,A-S00615772
2026-09-30,2026-09-30 17:17:34.007363,20260930_171734_c8c847,CORDOBA,509737.0,Mahuen SA,7M230 Mahuen y C&M,1J07230CLR3000287,7M 230,Tractor,Receptores de posición,SF7500,PCS75UA172423,2.30J,PCS75UA172423,Receptor de posición,SF-RTK,A-S00625952,SF7500,No informado,,2027-05-01,213.0,Activo,Vigente,Operations Center,Serie de receptor,PCS75UA172423,A-S00625952
2026-09-30,2026-09-30 17:17:34.007363,20260930_171734_c8c847,CORDOBA,509737.0,Mahuen SA,S7 900 Mahuen SA,1J0S790BCS0160140,S7 900,Cosechadora,Monitor,G5 CommandCenter,PCG5CSC258445,26.3 (11.3.4160-52),1J0S790BCS0160140,Machine,Cosechadora S7/X9 Ultimate,A-S00638089,G5,No informado,2026-03-26,2029-03-28,910.0,Activo,Vigente,Operations Center,Serie de máquina,PCG5CSC258445,A-S00638089
2026-09-30,2026-09-30 17:17:34.007363,20260930_171734_c8c847,CORDOBA,509737.0,Mahuen SA,7M230 Mahuen y C&M,1J07230CLR3000287,7M 230,Tractor,Monitor,G5 CommandCenter,PCG5CSB179768,25.2 (10.31.3676-98),1J07230CLR3000287,Machine,G5 Advanced - Tractor de la serie 7/8/9,A-S00673071,G5,No informado,2026-07-29,2027-07-30,303.0,Activo,Vigente,Operations Center,Serie de máquina,PCG5CSB179768,A-S00673071
2026-09-30,2026-09-30 17:17:34.007363,20260930_171734_c8c847,SINSACATE,521300.0,SBIGLIO SA,1J0S790BCR0155103,1J0S790BCR0155103,S790,Cosechadora,Receptores de posición,SF7500,PCS75UA158877,2.50F,PCS75UA158877,Receptor de posición,SF-RTK,A-S00630684,SF7500,No informado,,2028-05-01,579.0,Activo,Vigente,Operations Center,Serie de receptor,PCS75UA158877,A-S00630684
2026-09-30,2026-09-30 17:17:34.007363,20260930_171734_c8c847,SINSACATE,521300.0,SBIGLIO SA,1J0S790BCR0155103,1J0S790BCR0155103,S790,Cosechadora,Monitor,G5 CommandCenter,PCG5CSB182813,25.4 (10.35.3817-13),1J0S790BCR0155103,Machine,G5 Advanced - Cosechadora,A-S00642832,G5,No informado,,,,Activo,Vigente,Operations Center,Serie de máquina,PCG5CSB182813,A-S00642832
2026-09-30,2026-09-30 17:17:34.007363,20260930_171734_c8c847,ARROYITO,449524.0,SILAJES SAS,1Z08600YCRF625485,1Z08600YCRF625485,8600,Cosechadora de forraje,Receptores de posición,SF7000,PCS17UB228268,6.80C,PCS17UB228268,Receptor de posición,SF-RTK,A-S00637794,SF7000,No informado,,,,Activo,Vigente,Operations Center,Serie de receptor,PCS17UB228268,A-S00637794
2026-09-30,2026-09-30 17:17:34.007363,20260930_171734_c8c847,SANTA ROSA,446623.0,ESTABLECIMIENTO LEON COLGADO S.A.,Tractor 7M 230,1J07230CKR3000167,7M 230,Tractor,Receptores de posición,SF7000,PCS17UB245011,6.80C,PCS17UB245011,Receptor de posición,SF-RTK,A-S00635082,SF7000,No informado,2025-11-30,,,Activo,Vigente,Operations Center,Serie de receptor,PCS17UB245011,A-S00635082
2026-09-30,2026-09-30 17:17:34.007363,20260930_171734_c8c847,SANTA ROSA,446623.0,ESTABLECIMIENTO LEON COLGADO S.A.,Tractor 7M 230,1J07230CKR3000167,7M 230,Tractor,Monitor,G5 CommandCenter,PCG5CSA110328,25.1 (10.30.3567-82),1J07230CKR3000167,Machine,G5 Advanced - Tractor de la serie 7/8/9,A-S00637035,G5,No informado,2025-11-30,,,Activo,Vigente,Operations Center,Serie de máquina,PCG5CSA110328,A-S00637035
2026-09-30,2026-09-30 17:17:34.007363,20260930_171734_c8c847,,481101.0,Bonzi Claudio,S770,1J0S770BCR0155129,S770,Cosechadora,Monitor,G5 CommandCenter,PCG5CSB189724,25.1 (10.30.3567-82),1J0S770BCR0155129,Machine,G5 Advanced - Cosechadora,A-S00615571,G5,No informado,2025-02-19,2028-02-21,509.0,Activo,Vigente,Operations Center,Serie de máquina,PCG5CSB189724,A-S00615571
2026-09-30,2026-09-30 17:17:34.007363,20260930_171734_c8c847,,481101.0,Bonzi Claudio,,,,,Receptor de posición,SF7500,,,PCS75UA158074,Receptor de posición,SF-RTK,A-S00636948,Otra,No informado,2025-02-19,2028-02-21,509.0,Activo,Vigente,Operations Center,No encontrado,PCS75UA158074,A-S00636948
2026-09-30,2026-09-30 17:17:34.007363,20260930_171734_c8c847,,481101.0,Bonzi Claudio,8295R,1BM8295RKPS100567,8295R,Tractor,Receptores de posición,SF7000,PCS17UB172137,6.60T,PCS17UB172137,Receptor de posición,SF-RTK,A-S00641616,SF7000,No informado,,,,Activo,Vigente,Operations Center,Serie de receptor,PCS17UB172137,A-S00641616
2026-09-30,2026-09-30 17:17:34.007363,20260930_171734_c8c847,,481101.0,Bonzi Claudio,,,,,Monitor,G5 Universal,,,PCG5MUB205570,Monitor,Renovable esencial,A-S00685897,Otra,No informado,2026-09-09,2027-09-10,345.0,Activo,Vigente,Operations Center,No encontrado,PCG5MUB205570,A-S00685897
2026-09-30,2026-09-30 17:17:34.007363,20260930_171734_c8c847,CORDOBA,499663.0,LA TAJADA,6M 190,1BM6190MPS3001285,6190M,Tractor,Receptores de posición,SF7500,PCS75UA242693,2.50F,PCS75UA242693,Receptor de posición,SF-RTK,A-S00620674,SF7500,No informado,2026-05-11,2027-05-13,225.0,Activo,Vigente,Operations Center,Serie de receptor,PCS75UA242693,A-S00620674
2026-09-30,2026-09-30 17:17:34.007363,20260930_171734_c8c847,CORDOBA,499663.0,LA TAJADA,7M 230,1J07230CTR3000134,7M 230,Tractor,Monitor,G5 CommandCenter,PCG5CSA121700,25.3 (10.32.3817-94),1J07230CTR3000134,Machine,G5 Advanced - Tractor de la serie 7/8/9,A-S00624631,G5,No informado,2025-07-30,,,Vencido,Vencida,Operations Center,Serie de máquina,PCG5CSA121700,A-S00624631
2026-09-30,2026-09-30 17:17:34.007363,20260930_171734_c8c847,CORDOBA,499663.0,LA TAJADA,,,,,Monitor,G5 Universal,,,PCG5MUB199299,Monitor,Renovable esencial,A-S00635927,Otra,No informado,2026-05-31,2027-06-02,245.0,Activo,Vigente,Operations Center,No encontrado,PCG5MUB199299,A-S00635927
2026-09-30,2026-09-30 17:17:34.007363,20260930_171734_c8c847,CORDOBA,499663.0,LA TAJADA,7M 230,1J07230CTR3000134,7M 230,Tractor,Receptores de posición,SF7000,PCS17UB235550,6.80C,PCS17UB235550,Receptor de posición,SF-RTK,A-S00640750,SF7000,No informado,2025-07-18,2026-07-20,-72.0,Vencido,Vencida,Operations Center,Serie de receptor,PCS17UB235550,A-S00640750
2026-09-30,2026-09-30 17:17:34.007363,20260930_171734_c8c847,CORDOBA,499663.0,LA TAJADA,7M 230,1J07230CTR3000134,7M 230,Tractor,Receptores de posición,SF7000,PCS17UB235550,6.80C,PCS17UB235550,Receptor de posición,SF-RTK,A-S00694361,SF7000,No informado,,,,Activo,Vigente,Operations Center,Serie de receptor,PCS17UB235550,A-S00694361
2026-09-30,2026-09-30 17:17:34.007363,20260930_171734_c8c847,CORDOBA,499663.0,LA TAJADA,7225J,1BM7225JKC0000746,7225J,Tractor,Receptores de posición,SF7500,PCS75UA282324,2.40P,PCS75UA282324,Receptor de posición,SF-RTK,A-S00694362,SF7500,No informado,,,,Activo,Vigente,Operations Center,Serie de receptor,PCS75UA282324,A-S00694362
2026-09-30,2026-09-30 17:17:34.007363,20260930_171734_c8c847,PILAR,461298.0,DIANE LAWRENCE NICOLAS,1BM8400RETS102773,1BM8400RETS102773,8400R,Tractor,Receptores de posición,SF7500,PCS75UA242688,2.50F,PCS75UA242688,Receptor de posición,SF-RTK,A-S00619120,SF7500,No informado,2026-05-28,2027-05-30,242.0,Activo,Vigente,Operations Center,Serie de receptor,PCS75UA242688,A-S00619120
2026-09-30,2026-09-30 17:17:34.007363,20260930_171734_c8c847,PILAR,461298.0,DIANE LAWRENCE NICOLAS,1BM8400RETS102773,1BM8400RETS102773,8400R,Tractor,Monitor,G5 CommandCenter,PCG5CSC263126,25.4 (10.35.3817-13),1BM8400RETS102773,Machine,G5 Advanced - Tractor de la serie 7/8/9,A-S00631501,G5,No informado,2026-05-28,2027-05-30,242.0,Activo,Vigente,Operations Center,Serie de máquina,PCG5CSC263126,A-S00631501
2026-09-30,2026-09-30 17:17:34.007363,20260930_171734_c8c847,PILAR,461298.0,DIANE LAWRENCE NICOLAS,8400R Diane Lawrence,1BM8400RERS102359,8400R,Tractor,Receptores de posición,SF7500,PCS75UA174801,2.30J,PCS75UA174801,Receptor de posición,SF-RTK,A-S00710242,SF7500,No informado,2026-09-16,2027-09-17,352.0,Activo,Vigente,Operations Center,Serie de receptor,PCS75UA174801,A-S00710242
2026-09-30,2026-09-30 17:17:34.007363,20260930_171734_c8c847,SINSACATE,473615.0,Rosatti Agropecuaria s.r.l ,John deere 8370R.,1BM8370RARS100957,8370R,Tractor,Monitor,G5 CommandCenter,PCG5CSB162167,26.3 (11.3.4160-52),1BM8370RARS100957,Machine,G5 Advanced - Tractor de la serie 7/8/9,A-S00623666,G5,No informado,2026-09-09,2027-09-09,344.0,Activo,Vigente,Operations Center,Serie de máquina,PCG5CSB162167,A-S00623666
2026-09-30,2026-09-30 17:17:34.007363,20260930_171734_c8c847,SINSACATE,473615.0,Rosatti Agropecuaria s.r.l ,,,,,Receptor de posición,SF7500,,,PCS75UA156656,Receptor de posición,SF-RTK,A-S00628315,Otra,No informado,,,,Activo,Vigente,Operations Center,No encontrado,PCS75UA156656,A-S00628315
2026-09-30,2026-09-30 17:17:34.007363,20260930_171734_c8c847,SINSACATE,473615.0,Rosatti Agropecuaria s.r.l ,,,,,Receptor de posición,SF7500,,,PCS75UA127047,Receptor de posición,SF-RTK,A-S00633542,Otra,No informado,2026-09-12,2027-09-12,347.0,Activo,Vigente,Operations Center,No encontrado,PCS75UA127047,A-S00633542
2026-09-30,2026-09-30 17:17:34.007363,20260930_171734_c8c847,SINSACATE,473615.0,Rosatti Agropecuaria s.r.l ,John Deere 8320R.,1BM8320RKRS100924,8320R,Tractor,Monitor,G5 CommandCenter,PCG5CSA108542,26.3 (11.3.4160-52),1BM8320RKRS100924,Machine,G5 Advanced - Tractor de la serie 7/8/9,A-S00714127,G5,No informado,2026-09-21,2027-09-22,357.0,Activo,Vigente,Operations Center,Serie de máquina,PCG5CSA108542,A-S00714127
2026-09-30,2026-09-30 17:17:34.007363,20260930_171734_c8c847,ARROYITO,458447.0,PICADO EL ARBOLITO ,JD 7M,1J07200CKS3000299,7M 200,Tractor,Monitor,G5 CommandCenter,PCG5CSC222236,25.2 (10.31.3676-103),1J07200CKS3000299,Machine,G5 Advanced - Tractor de la serie 7/8/9,A-S00627537,G5,No informado,,,,Vencido,Vencida,Operations Center,Serie de máquina,PCG5CSC222236,A-S00627537
2026-09-30,2026-09-30 17:17:34.007363,20260930_171734_c8c847,ARROYITO,458447.0,PICADO EL ARBOLITO ,JD 7M,1J07200CKS3000299,7M 200,Tractor,Receptores de posición,SF7500,PCS75UA198938,2.30J,PCS75UA198938,Receptor de posición,SF-RTK,A-S00630705,SF7500,No informado,,,,Vencido,Vencida,Operations Center,Serie de receptor,PCS75UA198938,A-S00630705
2026-09-30,2026-09-30 17:17:34.007363,20260930_171734_c8c847,ARROYITO,446922.0,Nea,1J0S780BES0155142,1J0S780BES0155142,S780,Cosechadora,Monitor,G5 CommandCenter,PCG5CSB191984,25.2 (10.31.3676-103),1J0S780BES0155142,Machine,G5 Advanced - Cosechadora,A-S00637560,G5,No informado,,,,Activo,Vigente,Operations Center,Serie de máquina,PCG5CSB191984,A-S00637560
2026-09-30,2026-09-30 17:17:34.007363,20260930_171734_c8c847,ARROYITO,473699.0,GIACONE DANIEL HUMBERTO,1NW4030MVSF250519,1NW4030MVSF250519,M4030,Pulverizadora,Monitor,G5 CommandCenter,PCG5CSB181315,25.4 (10.35.3817-13),1NW4030MVSF250519,Machine,G5 Advanced - Aplicación autopropulsada,A-S00623175,G5,No informado,2025-07-07,2028-07-09,648.0,Activo,Vigente,Operations Center,Serie de máquina,PCG5CSB181315,A-S00623175
2026-09-30,2026-09-30 17:17:34.007363,20260930_171734_c8c847,ARROYITO,473699.0,GIACONE DANIEL HUMBERTO,1NW4030MVSF250519,1NW4030MVSF250519,M4030,Pulverizadora,Receptores de posición,SF7500,PCS75UA203196,2.50F,PCS75UA203196,Receptor de posición,SF-RTK,A-S00634487,SF7500,No informado,2026-07-09,2027-07-09,282.0,Activo,Vigente,Operations Center,Serie de receptor,PCS75UA203196,A-S00634487
2026-09-30,2026-09-30 17:17:34.007363,20260930_171734_c8c847,ARROYITO,473699.0,GIACONE DANIEL HUMBERTO,1BM7195JCEH001270 2,1BM7195JCEH001270,7195J,Tractor,Monitor,G5 Universal,PCG5MUB276927,26.3 (11.3.4160-40),PCG5MUB276927,Monitor,Renovable esencial,A-S00684221,G5,No informado,,,,Activo,Vigente,Operations Center,Serie de monitor,PCG5MUB276927,A-S00684221
2026-09-30,2026-09-30 17:17:34.007363,20260930_171734_c8c847,ARROYITO,473699.0,GIACONE DANIEL HUMBERTO,1BM7195JHC0000055 1,1BM7195JHC0000055,7195J,Tractor,Monitor,G5 Universal,PCG5MUB277988,26.3 (11.3.4160-40),PCG5MUB277988,Monitor,Renovable esencial,A-S00684237,G5,No informado,,,,Activo,Vigente,Operations Center,Serie de monitor,PCG5MUB277988,A-S00684237
2026-09-30,2026-09-30 17:17:34.007363,20260930_171734_c8c847,ARROYITO,473699.0,GIACONE DANIEL HUMBERTO,,,,,Receptor de posición,SF7500,,,PCS75UA310711,Receptor de posición,SF-RTK,A-S00716528,Otra,No informado,2026-09-23,2027-09-24,359.0,Activo,Vigente,Operations Center,No encontrado,PCS75UA310711,A-S00716528
2026-09-30,2026-09-30 17:17:34.007363,20260930_171734_c8c847,PILAR,489785.0,GUARDIANELLI SERVICIO AGROPECUARIOS,GUARDIANELLI S760 N°2,1J0S760BCS0155132,S760,Cosechadora,Monitor,G5 CommandCenter,PCG5CSB205023,25.3 (10.32.3817-138),1J0S760BCS0155132,Machine,G5 Advanced - Cosechadora,A-S00637077,G5,No informado,,,,Activo,Vigente,Operations Center,Serie de máquina,PCG5CSB205023,A-S00637077
2026-09-30,2026-09-30 17:17:34.007363,20260930_171734_c8c847,PILAR,514111.0,TORTOSA DIEGO EMANUEL,7M 230 Tortosa,1J07230CPS3000593,7M 230,Tractor,Receptores de posición,SF7500,PCS75UA241657,2.50F,PCS75UA241657,Receptor de posición,SF-RTK,A-S00616792,SF7500,No informado,2026-05-04,2027-05-06,218.0,Activo,Vigente,Operations Center,Serie de receptor,PCS75UA241657,A-S00616792
2026-09-30,2026-09-30 17:17:34.007363,20260930_171734_c8c847,PILAR,514111.0,TORTOSA DIEGO EMANUEL,7M 230 Tortosa,1J07230CPS3000593,7M 230,Tractor,Monitor,G5 CommandCenter,PCG5CSC222492,25.4 (10.35.3817-13),1J07230CPS3000593,Machine,G5 Advanced - Tractor de la serie 7/8/9,A-S00625510,G5,No informado,2026-05-04,2027-05-06,218.0,Activo,Vigente,Operations Center,Serie de máquina,PCG5CSC222492,A-S00625510
2026-09-30,2026-09-30 17:17:34.007363,20260930_171734_c8c847,ARROYITO,469010.0,DON NELSON SRL (DEMARCHI),S770 DEMARCHI (5),1J0S770BPR0150158,S770,Cosechadora,Monitor,G5 CommandCenter,PCG5CSA119130,25.4 (10.35.3817-13),1J0S770BPR0150158,Machine,G5 Advanced - Cosechadora,A-S00616898,G5,No informado,2026-05-13,2029-05-15,958.0,Activo,Vigente,Operations Center,Serie de máquina,PCG5CSA119130,A-S00616898
2026-09-30,2026-09-30 17:17:34.007363,20260930_171734_c8c847,ARROYITO,469010.0,DON NELSON SRL (DEMARCHI),S770 DEMARCHI (2),1J0S770BHS0155179,S770,Cosechadora,Monitor,G5 CommandCenter,PCG5CSB206467,25.4 (10.35.3817-13),1J0S770BHS0155179,Machine,G5 Advanced - Cosechadora,A-S00619891,G5,No informado,2025-09-14,2028-09-16,717.0,Activo,Vigente,Operations Center,Serie de máquina,PCG5CSB206467,A-S00619891
2026-09-30,2026-09-30 17:17:34.007363,20260930_171734_c8c847,ARROYITO,469010.0,DON NELSON SRL (DEMARCHI),S770 DEMARCHI (2),1J0S770BHS0155179,S770,Cosechadora,Receptores de posición,SF7500,PCS75UA198600,2.40P,PCS75UA198600,Receptor de posición,SF-RTK,A-S00624984,SF7500,No informado,2025-09-14,2028-09-16,717.0,Activo,Vigente,Operations Center,Serie de receptor,PCS75UA198600,A-S00624984
2026-09-30,2026-09-30 17:17:34.007363,20260930_171734_c8c847,,452135.0,Tapper Carlos,1J07215CVR3000137,1J07215CVR3000137,7M 215,Tractor,Monitor,G5 CommandCenter,PCG5CSA124510,25.2 (10.31.3676-103),1J07215CVR3000137,Machine,G5 Advanced - Tractor de la serie 7/8/9,A-S00617360,G5,No informado,2025-09-23,2026-09-25,-5.0,Vencido,Vencida,Operations Center,Serie de máquina,PCG5CSA124510,A-S00617360
2026-09-30,2026-09-30 17:17:34.007363,20260930_171734_c8c847,,452135.0,Tapper Carlos,1J07215CVR3000137,1J07215CVR3000137,7M 215,Tractor,Receptores de posición,SF7000,PCS17UB242643,6.60T,PCS17UB242643,Receptor de posición,SF-RTK,A-S00637880,SF7000,No informado,2025-09-23,2026-09-25,-5.0,Vencido,Vencida,Operations Center,Serie de receptor,PCS17UB242643,A-S00637880
2026-09-30,2026-09-30 17:17:34.007363,20260930_171734_c8c847,,452135.0,Tapper Carlos,1J07215CVR3000137,1J07215CVR3000137,7M 215,Tractor,Monitor,G5 CommandCenter,PCG5CSA124510,25.2 (10.31.3676-103),1J07215CVR3000137,Machine,G5 Advanced - Tractor de la serie 7/8/9,A-S00721373,G5,No informado,2026-09-28,2027-09-29,364.0,Activo,Vigente,Operations Center,Serie de máquina,PCG5CSA124510,A-S00721373
2026-09-30,2026-09-30 17:17:34.007363,20260930_171734_c8c847,,452135.0,Tapper Carlos,1J07215CVR3000137,1J07215CVR3000137,7M 215,Tractor,Receptores de posición,SF7000,PCS17UB242643,6.60T,PCS17UB242643,Receptor de posición,SF-RTK,A-S00721374,SF7000,No informado,2026-09-28,2027-09-29,364.0,Activo,Vigente,Operations Center,Serie de receptor,PCS17UB242643,A-S00721374
2026-09-30,2026-09-30 17:17:34.007363,20260930_171734_c8c847,SINSACATE,464356.0,AGROJAVA SRL ,Agrojava 215,1J0S770BKR0150145,S770,Cosechadora,Monitor,G5 CommandCenter,PCG5CSA117645,24-2 (10.29.3422-94),1J0S770BKR0150145,Machine,G5 Advanced - Cosechadora,A-S00617799,G5,No informado,2024-07-03,2027-07-05,278.0,Activo,Vigente,Operations Center,Serie de máquina,PCG5CSA117645,A-S00617799
2026-09-30,2026-09-30 17:17:34.007363,20260930_171734_c8c847,SINSACATE,464356.0,AGROJAVA SRL ,Agrojava 212,1J0S770BER0150141,S770,Cosechadora,Monitor,G5 CommandCenter,PCG5CSA117172,24-1 (10.28.3314-79),1J0S770BER0150141,Machine,G5 Advanced - Cosechadora,A-S00624098,G5,No informado,2024-07-03,2027-07-05,278.0,Activo,Vigente,Operations Center,Serie de máquina,PCG5CSA117172,A-S00624098
2026-09-30,2026-09-30 17:17:34.007363,20260930_171734_c8c847,SINSACATE,464356.0,AGROJAVA SRL ,Agrojava 209,1J0S770BCP0150137,S770,Cosechadora,Monitor,G5 CommandCenter,PCG5CSA116979,24-1 (10.28.3314-74),1J0S770BCP0150137,Machine,G5 Advanced - Cosechadora,A-S00626012,G5,No informado,2024-10-30,2027-11-01,397.0,Activo,Vigente,Operations Center,Serie de máquina,PCG5CSA116979,A-S00626012
2026-09-30,2026-09-30 17:17:34.007363,20260930_171734_c8c847,CORDOBA,464713.0,Buratti Esteban y Lucas,1J0S790BPT0160143,1J0S790BPT0160143,S7 900,Cosechadora,Monitor,G5 CommandCenter,PCG5CSC264573,26.3 (11.3.4160-46),1J0S790BPT0160143,Machine,Cosechadora S7/X9 Ultimate,A-S00620941,G5,No informado,,,,Activo,Vigente,Operations Center,Serie de máquina,PCG5CSC264573,A-S00620941
2026-09-30,2026-09-30 17:17:34.007363,20260930_171734_c8c847,CORDOBA,464713.0,Buratti Esteban y Lucas,1BM6170MLS3000618,1BM6170MLS3000618,6170M MONTENEGRO,Tractor,Monitor,G5 Universal,PCG5MUB188581,25.4 (10.35.3817-13),PCG5MUB188581,Monitor,Renovable esencial,A-S00622871,G5,No informado,2026-06-25,2027-06-25,268.0,Activo,Vigente,Operations Center,Serie de monitor,PCG5MUB188581,A-S00622871
2026-09-30,2026-09-30 17:17:34.007363,20260930_171734_c8c847,CORDOBA,464713.0,Buratti Esteban y Lucas,1J0S790BPT0160143,1J0S790BPT0160143,S7 900,Cosechadora,Receptores de posición,SF7500 Integrated,PCG75FA255228,2.50F,PCG75FA255228,Receptor de posición,SF-RTK,A-S00624365,SF7500,No informado,,,,Activo,Vigente,Operations Center,Serie de receptor,PCG75FA255228,A-S00624365
2026-09-30,2026-09-30 17:17:34.007363,20260930_171734_c8c847,PILAR,478769.0,Casa Xavi,1J0S780BCS0155157,1J0S780BCS0155157,S780,Cosechadora,Monitor,G5 CommandCenter,PCG5CSB206312,25.2 (10.31.3676-98),1J0S780BCS0155157,Machine,G5 Advanced - Cosechadora,A-S00618347,G5,No informado,2025-05-21,2028-05-23,601.0,Activo,Vigente,Operations Center,Serie de máquina,PCG5CSB206312,A-S00618347
2026-09-30,2026-09-30 17:17:34.007363,20260930_171734_c8c847,PILAR,478769.0,Casa Xavi,1J0S780BCS0155157,1J0S780BCS0155157,S780,Cosechadora,Receptores de posición,SF7500,PCS75UA198750,2.30J,PCS75UA198750,Receptor de posición,SF-RTK,A-S00634029,SF7500,No informado,2025-05-21,2028-05-23,601.0,Activo,Vigente,Operations Center,Serie de receptor,PCS75UA198750,A-S00634029
2026-09-30,2026-09-30 17:17:34.007363,20260930_171734_c8c847,CORDOBA,466137.0,Morielli,,,,,Receptor de posición,SF7000,,,PCS17UB239466,Receptor de posición,SF-RTK,A-S00627828,Otra,No informado,2025-10-22,2026-10-24,24.0,Activo,Vence en 30 días,Operations Center,No encontrado,PCS17UB239466,A-S00627828
2026-09-30,2026-09-30 17:17:34.007363,20260930_171734_c8c847,PILAR,513310.0,MARIO Y CESAR SAMPAOLESSI SA,1J0S760BPP0150118,1J0S760BPP0150118,S760,Cosechadora,Monitor,G5 CommandCenter,PCG5CSA114539,25.1 (10.30.3567-82),1J0S760BPP0150118,Machine,G5 Advanced - Cosechadora,A-S00619299,G5,No informado,2024-11-05,2027-11-07,403.0,Activo,Vigente,Operations Center,Serie de máquina,PCG5CSA114539,A-S00619299
2026-09-30,2026-09-30 17:17:34.007363,20260930_171734_c8c847,PILAR,513310.0,MARIO Y CESAR SAMPAOLESSI SA,,,,,Monitor,G5Plus Universal,,,PCG5PUB188981,Monitor,Renovable esencial,A-S00619583,Otra,No informado,2025-11-04,2026-11-06,37.0,Activo,Vence en 60 días,Operations Center,No encontrado,PCG5PUB188981,A-S00619583
2026-09-30,2026-09-30 17:17:34.007363,20260930_171734_c8c847,PILAR,513310.0,MARIO Y CESAR SAMPAOLESSI SA,,,,,Receptor de posición,SF7500,,,PCS75UA201562,Receptor de posición,SF-RTK,A-S00627009,Otra,No informado,,,,Activo,Vigente,Operations Center,No encontrado,PCS75UA201562,A-S00627009
2026-09-30,2026-09-30 17:17:34.007363,20260930_171734_c8c847,PILAR,513310.0,MARIO Y CESAR SAMPAOLESSI SA,,,,,Receptor de posición,SF7500,,,PCS75UA248487,Receptor de posición,SF-RTK,A-S00642155,Otra,No informado,2025-11-25,2026-11-27,58.0,Activo,Vence en 60 días,Operations Center,No encontrado,PCS75UA248487,A-S00642155
2026-09-30,2026-09-30 17:17:34.007363,20260930_171734_c8c847,PILAR,513310.0,MARIO Y CESAR SAMPAOLESSI SA,1J0S760BPP0150118,1J0S760BPP0150118,S760,Cosechadora,Receptores de posición,SF7000,PCS17UB208159,6.80C,PCS17UB208159,Receptor de posición,SF-RTK,A-S00643675,SF7000,No informado,2024-11-05,2027-11-07,403.0,Activo,Vigente,Operations Center,Serie de receptor,PCS17UB208159,A-S00643675
2026-09-30,2026-09-30 17:17:34.007363,20260930_171734_c8c847,ARROYITO,468911.0,AGUSTIN BALDINI,J 7215,1J07215CPS3000347,7M 215,Tractor,Monitor,G5 CommandCenter,PCG5CSC223565,25.4 (10.35.3817-13),1J07215CPS3000347,Machine,G5 Advanced - Tractor de la serie 7/8/9,A-S00619346,G5,No informado,2026-05-19,2027-05-21,233.0,Activo,Vigente,Operations Center,Serie de máquina,PCG5CSC223565,A-S00619346
2026-09-30,2026-09-30 17:17:34.007363,20260930_171734_c8c847,ARROYITO,468911.0,AGUSTIN BALDINI,J 7215,1J07215CPS3000347,7M 215,Tractor,Receptores de posición,SF7500,PCS75UA312831,2.50F,PCS75UA312831,Receptor de posición,SF-RTK,A-S00623014,SF7500,No informado,2026-05-19,2027-05-21,233.0,Activo,Vigente,Operations Center,Serie de receptor,PCS75UA312831,A-S00623014
2026-09-30,2026-09-30 17:17:34.007363,20260930_171734_c8c847,ARROYITO,452244.0,BAIMA ALBERTO AGUSTIN ,1BM8250RCRS000029,1BM8250RCRS000029,8250R,Tractor,Receptores de posición,SF7500,PCS75UA113008,2.22C,PCS75UA113008,Receptor de posición,SF-RTK,A-S00638290,SF7500,No informado,2025-10-04,2026-10-06,6.0,Activo,Vence en 30 días,Operations Center,Serie de receptor,PCS75UA113008,A-S00638290
2026-09-30,2026-09-30 17:17:34.007363,20260930_171734_c8c847,SINSACATE,491313.0,JULIAN PERESSINI,7200M,1J07200CAS3000308,7M 200,Tractor,Monitor,G5 CommandCenter,PCG5CSC220937,25.3 (10.32.3817-138),1J07200CAS3000308,Machine,G5 Advanced - Tractor de la serie 7/8/9,A-S00628033,G5,No informado,,,,Activo,Vigente,Operations Center,Serie de máquina,PCG5CSC220937,A-S00628033
2026-09-30,2026-09-30 17:17:34.007363,20260930_171734_c8c847,SINSACATE,491313.0,JULIAN PERESSINI,8270R,1BM8270RCLS100500,8270R,Tractor,Receptores de posición,SF7500,PCS75UA199892,2.70F,PCS75UA199892,Receptor de posición,SF-RTK,A-S00633124,SF7500,No informado,,,,Activo,Vigente,Operations Center,Serie de receptor,PCS75UA199892,A-S00633124
2026-09-30,2026-09-30 17:17:34.007363,20260930_171734_c8c847,CORDOBA,445775.0,ROGELIO Y JAVIER GARINO,S7 700,1J0S770BPS0160131,S7 700,Cosechadora,Monitor,G5 CommandCenter,PCG5CSC242918,26.3 (11.3.4160-40),1J0S770BPS0160131,Machine,Cosechadora S7/X9 Ultimate,A-S00626210,G5,No informado,2025-11-17,2028-11-19,781.0,Activo,Vigente,Operations Center,Serie de máquina,PCG5CSC242918,A-S00626210
2026-09-30,2026-09-30 17:17:34.007363,20260930_171734_c8c847,CORDOBA,445775.0,ROGELIO Y JAVIER GARINO,7215M Garino,1J07215CCS3000233,7M 215,Tractor,Monitor,G5 CommandCenter,PCG5CSB206421,26.3 (11.3.4160-52),1J07215CCS3000233,Machine,G5 Advanced - Tractor de la serie 7/8/9,A-S00630415,G5,No informado,,,,Vencido,Vencida,Operations Center,Serie de máquina,PCG5CSB206421,A-S00630415
2026-09-30,2026-09-30 17:17:34.007363,20260930_171734_c8c847,CORDOBA,445775.0,ROGELIO Y JAVIER GARINO,S7 700,1J0S770BPS0160131,S7 700,Cosechadora,Receptores de posición,SF7500 Integrated,PCG75FA251761,2.40P,PCG75FA251761,Receptor de posición,SF-RTK,A-S00631604,SF7500,No informado,2025-11-17,2028-11-19,781.0,Activo,Vigente,Operations Center,Serie de receptor,PCG75FA251761,A-S00631604
2026-09-30,2026-09-30 17:17:34.007363,20260930_171734_c8c847,CORDOBA,445775.0,ROGELIO Y JAVIER GARINO,7215M Garino,1J07215CCS3000233,7M 215,Tractor,Receptores de posición,SF7500,PCS75UA197996,2.30J,PCS75UA197996,Receptor de posición,SF-RTK,A-S00641702,SF7500,No informado,2025-09-08,2026-09-10,-20.0,Vencido,Vencida,Operations Center,Serie de receptor,PCS75UA197996,A-S00641702
2026-09-30,2026-09-30 17:17:34.007363,20260930_171734_c8c847,CORDOBA,445775.0,ROGELIO Y JAVIER GARINO,7215M Garino,1J07215CCS3000233,7M 215,Tractor,Monitor,G5 CommandCenter,PCG5CSB206421,26.3 (11.3.4160-52),1J07215CCS3000233,Machine,G5 Advanced - Tractor de la serie 7/8/9,A-S00704983,G5,No informado,2026-09-10,2027-09-11,346.0,Activo,Vigente,Operations Center,Serie de máquina,PCG5CSB206421,A-S00704983
2026-09-30,2026-09-30 17:17:34.007363,20260930_171734_c8c847,CORDOBA,445775.0,ROGELIO Y JAVIER GARINO,7215M Garino,1J07215CCS3000233,7M 215,Tractor,Receptores de posición,SF7500,PCS75UA197996,2.30J,PCS75UA197996,Receptor de posición,SF-RTK,A-S00704987,SF7500,No informado,2026-09-10,2027-09-11,346.0,Activo,Vigente,Operations Center,Serie de receptor,PCS75UA197996,A-S00704987
2026-09-30,2026-09-30 17:17:34.007363,20260930_171734_c8c847,SANTA ROSA,479802.0,JENSEN CARLOS DARIO,Cosechadora S770-JENSEN,1CQS770AVR0155296,S770,Cosechadora,Receptores de posición,SF7500,PCS75UA181253,2.30J,PCS75UA181253,Receptor de posición,SF-RTK,A-S00635568,SF7500,No informado,2025-03-19,2028-03-21,538.0,Activo,Vigente,Operations Center,Serie de receptor,PCS75UA181253,A-S00635568
2026-09-30,2026-09-30 17:17:34.007363,20260930_171734_c8c847,SANTA ROSA,479802.0,JENSEN CARLOS DARIO,Cosechadora S770-JENSEN,1CQS770AVR0155296,S770,Cosechadora,Monitor,G5 CommandCenter,PCG5CSB188246,25.1 (10.30.3567-82),1CQS770AVR0155296,Machine,G5 Advanced - Cosechadora,A-S00636998,G5,No informado,2025-03-19,2028-03-21,538.0,Activo,Vigente,Operations Center,Serie de máquina,PCG5CSB188246,A-S00636998
2026-09-30,2026-09-30 17:17:34.007363,20260930_171734_c8c847,PILAR,450652.0,PAGAN HNOS,M4040,1NW4040MASF250348,M4040,Pulverizadora,Receptores de posición,SF7500,PCS75UA257901,2.30J,PCS75UA257901,Receptor de posición,SF-RTK,A-S00629313,SF7500,No informado,2026-05-13,2027-05-15,227.0,Activo,Vigente,Operations Center,Serie de receptor,PCS75UA257901,A-S00629313
2026-09-30,2026-09-30 17:17:34.007363,20260930_171734_c8c847,PILAR,450652.0,PAGAN HNOS,M4040,1NW4040MASF250348,M4040,Pulverizadora,Monitor,G5 CommandCenter,PCG5CSC244372,25.4 (10.35.3817-13),1NW4040MASF250348,Machine,G5 Advanced - Aplicación autopropulsada,A-S00644850,G5,No informado,2026-05-13,2027-05-15,227.0,Activo,Vigente,Operations Center,Serie de máquina,PCG5CSC244372,A-S00644850
2026-09-30,2026-09-30 17:17:34.007363,20260930_171734_c8c847,ARROYITO,512821.0,EL HORNERO SA,7230M EHSA,1J07230CCR3000102,7M 230,Tractor,Receptores de posición,SF7000,PCS17UB225120,6.80C,PCS17UB225120,Receptor de posición,SF-RTK,A-S00638345,SF7000,No informado,2025-11-13,2026-11-15,46.0,Activo,Vence en 60 días,Operations Center,Serie de receptor,PCS17UB225120,A-S00638345
2026-09-30,2026-09-30 17:17:34.007363,20260930_171734_c8c847,,472248.0,La Laica SRL,8320R La Laica,1BM8320RCSS101077,8320R,Tractor,Receptores de posición,SF7500,PCS75UA248319,2.50F,PCS75UA248319,Receptor de posición,SF-RTK,A-S00629233,SF7500,No informado,2026-05-14,2027-05-16,228.0,Activo,Vigente,Operations Center,Serie de receptor,PCS75UA248319,A-S00629233
2026-09-30,2026-09-30 17:17:34.007363,20260930_171734_c8c847,,472248.0,La Laica SRL,S7 900 La Laica SRL,1J0S790BKS0160126,S7 900,Cosechadora,Monitor,G5 CommandCenter,PCG5CSB192044,25.3 (10.32.3817-138),1J0S790BKS0160126,Machine,Cosechadora S7/X9 Ultimate,A-S00631832,G5,No informado,2026-02-01,2029-02-03,857.0,Activo,Vigente,Operations Center,Serie de máquina,PCG5CSB192044,A-S00631832
2026-09-30,2026-09-30 17:17:34.007363,20260930_171734_c8c847,,472248.0,La Laica SRL,S7 900 La Laica SRL,1J0S790BKS0160126,S7 900,Cosechadora,Receptores de posición,SF7500 Integrated,PCG75FA251006,2.40P,PCG75FA251006,Receptor de posición,SF-RTK,A-S00632037,SF7500,No informado,2026-03-26,2029-03-28,910.0,Activo,Vigente,Operations Center,Serie de receptor,PCG75FA251006,A-S00632037
2026-09-30,2026-09-30 17:17:34.007363,20260930_171734_c8c847,,472248.0,La Laica SRL,8320R La Laica,1BM8320RCSS101077,8320R,Tractor,Monitor,G5 CommandCenter,PCG5CSC244999,25.4 (10.35.3817-13),1BM8320RCSS101077,Machine,G5 Advanced - Tractor de la serie 7/8/9,A-S00644896,G5,No informado,2026-05-14,2027-05-16,228.0,Activo,Vigente,Operations Center,Serie de máquina,PCG5CSC244999,A-S00644896
2026-09-30,2026-09-30 17:17:34.007363,20260930_171734_c8c847,ARROYITO,446809.0,AGRO GPV SRL,S770 AGRO GPV,1J0S770BLS0155214,S770,Cosechadora,Monitor,G5 CommandCenter,PCG5CSB207170,25.3 (10.32.3817-138),1J0S770BLS0155214,Machine,G5 Advanced - Cosechadora,A-S00640856,G5,No informado,2025-06-16,2028-06-18,627.0,Activo,Vigente,Operations Center,Serie de máquina,PCG5CSB207170,A-S00640856
2026-09-30,2026-09-30 17:17:34.007363,20260930_171734_c8c847,PILAR,450932.0,SE Y CE SAS,9650 M2,CQ9650A070295,9650 STS,Cosechadora,Monitor,G5Plus Universal,PCG5PUB249092,25.2 (10.31.3676-103),PCG5PUB249092,Monitor,Renovable esencial,A-S00625405,G5,No informado,2025-11-17,2026-11-19,50.0,Activo,Vence en 60 días,Operations Center,Serie de monitor,PCG5PUB249092,A-S00625405
2026-09-30,2026-09-30 17:17:34.007363,20260930_171734_c8c847,SINSACATE,516546.0,PROSDOCIMO PD Y PROSDOCIMO GA SH,9750 Prosdocimo,CQ9750A070074,9750 STS,Cosechadora,Monitor,G5Plus Universal,PCG5PUB188433,25.4 (10.35.3817-13),PCG5PUB188433,Monitor,Renovable esencial,A-S00638285,G5,No informado,2026-03-30,,,Activo,Vigente,Operations Center,Serie de monitor,PCG5PUB188433,A-S00638285
2026-09-30,2026-09-30 17:17:34.007363,20260930_171734_c8c847,CORDOBA,480120.0,GRUPO DEL SUR SRL,8400R - Grupo Del Sur,1BM8400RPSS102467,8400R,Tractor,Receptores de posición,SF7500,PCS75UA213725,2.30J,PCS75UA213725,Receptor de posición,SF-RTK,A-S00628236,SF7500,No informado,2025-10-30,2026-11-01,32.0,Activo,Vence en 60 días,Operations Center,Serie de receptor,PCS75UA213725,A-S00628236
2026-09-30,2026-09-30 17:17:34.007363,20260930_171734_c8c847,CORDOBA,480120.0,GRUPO DEL SUR SRL,8400R - Grupo Del Sur,1BM8400RPSS102467,8400R,Tractor,Monitor,G5 CommandCenter,PCG5CSC225391,25.3 (10.32.3817-94),1BM8400RPSS102467,Machine,G5 Advanced - Tractor de la serie 7/8/9,A-S00632835,G5,No informado,2025-10-30,2026-11-01,32.0,Activo,Vence en 60 días,Operations Center,Serie de máquina,PCG5CSC225391,A-S00632835
2026-09-30,2026-09-30 17:17:34.007363,20260930_171734_c8c847,ARROYITO,447056.0,AGROPECUARIA MONTELARGO SA,JD 7M200 n4,1J07200CCR3000177,7M 200,Tractor,Monitor,G5 CommandCenter,PCG5CSB160406,25.3 (10.32.3817-138),1J07200CCR3000177,Machine,G5 Advanced - Tractor de la serie 7/8/9,A-S00636105,G5,No informado,,,,Activo,Vigente,Operations Center,Serie de máquina,PCG5CSB160406,A-S00636105
2026-09-30,2026-09-30 17:17:34.007363,20260930_171734_c8c847,ARROYITO,447056.0,AGROPECUARIA MONTELARGO SA,JD 7M200 n4,1J07200CCR3000177,7M 200,Tractor,Receptores de posición,SF7500,PCS75UA154789,2.40P,PCS75UA154789,Receptor de posición,SF-RTK,A-S00640670,SF7500,No informado,,,,Activo,Vigente,Operations Center,Serie de receptor,PCS75UA154789,A-S00640670
2026-09-30,2026-09-30 17:17:34.007363,20260930_171734_c8c847,SINSACATE,457153.0,MARCELODOMINGUEZ,,,,,Receptor de posición,SF7000,,,PCS17UB207935,Receptor de posición,SF-RTK,A-S00645165,Otra,No informado,2025-09-05,2026-09-07,-23.0,Vencido,Vencida,Operations Center,No encontrado,PCS17UB207935,A-S00645165
2026-09-30,2026-09-30 17:17:34.007363,20260930_171734_c8c847,SINSACATE,457153.0,MARCELODOMINGUEZ,,,,,Receptor de posición,SF7000,,,PCS17UB207935,Receptor de posición,SF-RTK,A-S00711712,Otra,No informado,2026-09-17,2027-09-18,353.0,Activo,Vigente,Operations Center,No encontrado,PCS17UB207935,A-S00711712
2026-09-30,2026-09-30 17:17:34.007363,20260930_171734_c8c847,,446513.0,LOS FRESNOS,J 7215,1J07215CJS3000240,7M 215,Tractor,Receptores de posición,SF7500,PCS75UA171986,2.50F,PCS75UA171986,Receptor de posición,SF-RTK,A-S00672187,SF7500,No informado,2026-07-28,2027-07-30,303.0,Activo,Vigente,Operations Center,Serie de receptor,PCS75UA171986,A-S00672187
2026-09-30,2026-09-30 17:17:34.007363,20260930_171734_c8c847,,446513.0,LOS FRESNOS,J 7215,1J07215CJS3000240,7M 215,Tractor,Monitor,G5 CommandCenter,PCG5CSA121576,26.3 (11.3.4160-40),1J07215CJS3000240,Machine,G5 Advanced - Tractor de la serie 7/8/9,A-S00672188,G5,No informado,2026-07-28,2027-07-30,303.0,Activo,Vigente,Operations Center,Serie de máquina,PCG5CSA121576,A-S00672188
2026-09-30,2026-09-30 17:17:34.007363,20260930_171734_c8c847,SINSACATE,482272.0,PROSDOCIMO SERGIO ALEJANDRO,1J07215CHS3000245,1J07215CHS3000245,7M 215,Tractor,Receptores de posición,SF7500,PCS75UA181400,2.50F,PCS75UA181400,Receptor de posición,SF-RTK,A-S00705248,SF7500,No informado,2026-09-14,2027-09-16,351.0,Activo,Vigente,Operations Center,Serie de receptor,PCS75UA181400,A-S00705248
2026-09-30,2026-09-30 17:17:34.007363,20260930_171734_c8c847,SINSACATE,482272.0,PROSDOCIMO SERGIO ALEJANDRO,1J07215CHS3000245,1J07215CHS3000245,7M 215,Tractor,Monitor,G5 CommandCenter,PCG5CSB206103,26.3 (11.3.4160-52),1J07215CHS3000245,Machine,G5 Advanced - Tractor de la serie 7/8/9,A-S00705251,G5,No informado,2026-09-14,2027-09-16,351.0,Activo,Vigente,Operations Center,Serie de máquina,PCG5CSB206103,A-S00705251
2026-09-30,2026-09-30 17:17:34.007363,20260930_171734_c8c847,PILAR,546739.0,AGROSERVICIOS BRUNETTI,S770 Brunetti (N°4) - Mauro,1J0S770BTP0150124,S770,Cosechadora,Monitor,G5 CommandCenter,PCG5CSA108976,25.4 (10.35.3817-13),1J0S770BTP0150124,Machine,G5 Advanced - Cosechadora,A-S00614529,G5,No informado,2026-02-19,2026-06-16,-106.0,Cancelada,Cancelada,Operations Center,Serie de máquina,PCG5CSA108976,A-S00614529
2026-09-30,2026-09-30 17:17:34.007363,20260930_171734_c8c847,PILAR,546739.0,AGROSERVICIOS BRUNETTI,S770 Brunetti (N°3) - Franco,1J0S770BVS0155209,S770,Cosechadora,Monitor,G5 CommandCenter,PCG5CSB206802,26.3 (11.3.4160-40),1J0S770BVS0155209,Machine,G5 Advanced - Cosechadora,A-S00617425,G5,No informado,2025-09-02,2028-09-04,705.0,Activo,Vigente,Operations Center,Serie de máquina,PCG5CSB206802,A-S00617425
2026-09-30,2026-09-30 17:17:34.007363,20260930_171734_c8c847,PILAR,546739.0,AGROSERVICIOS BRUNETTI,S770 Brunetti (N°4) - Mauro,1J0S770BTP0150124,S770,Cosechadora,Monitor,G5 CommandCenter,PCG5CSA108976,25.4 (10.35.3817-13),1J0S770BTP0150124,Machine,G5 Advanced - Cosechadora - Demostración,A-S00632204,G5,No informado,2026-05-28,2026-06-30,-92.0,Vencido,Vencida,Operations Center,Serie de máquina,PCG5CSA108976,A-S00632204
2026-09-30,2026-09-30 17:17:34.007363,20260930_171734_c8c847,PILAR,546739.0,AGROSERVICIOS BRUNETTI,S770 Brunetti (N°2) - Tomas,1J0S770BCR0150147,S770,Cosechadora,Monitor,G5 CommandCenter,PCG5CSA117849,26.3 (11.3.4160-40),1J0S770BCR0150147,Machine,G5 Advanced - Cosechadora,A-S00640828,G5,No informado,2024-09-02,2027-09-04,339.0,Activo,Vigente,Operations Center,Serie de máquina,PCG5CSA117849,A-S00640828
2026-09-30,2026-09-30 17:17:34.007363,20260930_171734_c8c847,CORDOBA,597057.0,CAMPOS EL EXODO SA,8295R - CAMPOS EL EXODO S.A,1BM8295RESS100667,8295R,Tractor,Receptores de posición,SF7500,PCS75UA252023,2.40P,PCS75UA252023,Receptor de posición,SF-RTK,A-S00619681,SF7500,No informado,2026-05-19,2027-05-21,233.0,Activo,Vigente,Operations Center,Serie de receptor,PCS75UA252023,A-S00619681
2026-09-30,2026-09-30 17:17:34.007363,20260930_171734_c8c847,CORDOBA,597057.0,CAMPOS EL EXODO SA,8295R - CAMPOS EL EXODO S.A,1BM8295RESS100667,8295R,Tractor,Monitor,G5 CommandCenter,PCG5CSC245092,25.4 (10.35.3817-13),1BM8295RESS100667,Machine,G5 Advanced - Tractor de la serie 7/8/9,A-S00630328,G5,No informado,2026-05-19,2027-05-21,233.0,Activo,Vigente,Operations Center,Serie de máquina,PCG5CSC245092,A-S00630328
2026-09-30,2026-09-30 17:17:34.007363,20260930_171734_c8c847,SINSACATE,579120.0,TRANSPORTE EL AGUILA SA,Tractor 7830,RW7830R006829,7830,Tractor,Monitor,G5Plus Universal,PCG5PUB200079,25.2 (10.31.3676-103),PCG5PUB200079,Monitor,Renovable avanzada,A-S00615244,G5,No informado,2025-09-14,2026-09-16,-14.0,Vencido,Vencida,Operations Center,Serie de monitor,PCG5PUB200079,A-S00615244
2026-09-30,2026-09-30 17:17:34.007363,20260930_171734_c8c847,SINSACATE,579120.0,TRANSPORTE EL AGUILA SA,Tractor 7830,RW7830R006829,7830,Tractor,Monitor,G5Plus Universal,PCG5PUB200079,25.2 (10.31.3676-103),PCG5PUB200079,Monitor,Renovable esencial,A-S00617130,G5,No informado,,,,No activado,No activada,Operations Center,Serie de monitor,PCG5PUB200079,A-S00617130
2026-09-30,2026-09-30 17:17:34.007363,20260930_171734_c8c847,SINSACATE,579120.0,TRANSPORTE EL AGUILA SA,S780 N°2 TRANSPORTE EL ÁGUILA,1J0S780BKR0155111,S780,Cosechadora,Receptores de posición,SF7500,PCS75UA144385,2.50F,PCS75UA144385,Receptor de posición,SF-RTK,A-S00619208,SF7500,No informado,,2028-05-01,579.0,Activo,Vigente,Operations Center,Serie de receptor,PCS75UA144385,A-S00619208
2026-09-30,2026-09-30 17:17:34.007363,20260930_171734_c8c847,SINSACATE,579120.0,TRANSPORTE EL AGUILA SA,S780 N°2 TRANSPORTE EL ÁGUILA,1J0S780BKR0155111,S780,Cosechadora,Monitor,G5 CommandCenter,PCG5CSB185262,26.2 (11.2.4087-59),1J0S780BKR0155111,Machine,G5 Advanced - Cosechadora,A-S00638924,G5,No informado,2025-03-05,2028-03-07,524.0,Activo,Vigente,Operations Center,Serie de máquina,PCG5CSB185262,A-S00638924
2026-09-30,2026-09-30 17:17:34.007363,20260930_171734_c8c847,SINSACATE,579120.0,TRANSPORTE EL AGUILA SA,M4040,1NW4040MTTF250374,M4040,Pulverizadora,Monitor,G5 CommandCenter,PCG5CSC244375,26.3 (11.3.4160-40),1NW4040MTTF250374,Machine,G5 Advanced - Aplicación autopropulsada,A-S00644333,G5,No informado,2026-06-02,2027-06-04,247.0,Activo,Vigente,Operations Center,Serie de máquina,PCG5CSC244375,A-S00644333
2026-09-30,2026-09-30 17:17:34.007363,20260930_171734_c8c847,PILAR,531190.0,AGROSAVORETTI,,,,,Monitor,G5Plus Universal,,,PCG5PUB201050,Monitor,Renovable esencial,A-S00616700,Otra,No informado,2025-11-16,2026-11-18,49.0,Activo,Vence en 60 días,Operations Center,No encontrado,PCG5PUB201050,A-S00616700
2026-09-30,2026-09-30 17:17:34.007363,20260930_171734_c8c847,PILAR,531190.0,AGROSAVORETTI,SAVORETTI 7630,RW7630R008134,7630,Tractor,Receptores de posición,SF7500,PCS75UA143309,2.20N,PCS75UA143309,Receptor de posición,SF-RTK,A-S00627323,SF7500,No informado,2025-11-12,2026-11-14,45.0,Activo,Vence en 60 días,Operations Center,Serie de receptor,PCS75UA143309,A-S00627323
2026-09-30,2026-09-30 17:17:34.007363,20260930_171734_c8c847,SINSACATE,577944.0,ROJAS WALTER DAMIAN,1BM8270RTSS101669,1BM8270RTSS101669,8270R,Tractor,Receptores de posición,SF7500,PCS75UA251968,2.50F,PCS75UA251968,Receptor de posición,SF-RTK,A-S00625474,SF7500,No informado,,,,Activo,Vigente,Operations Center,Serie de receptor,PCS75UA251968,A-S00625474
2026-09-30,2026-09-30 17:17:34.007363,20260930_171734_c8c847,SINSACATE,577944.0,ROJAS WALTER DAMIAN,Tractor 7M,1J07230CKR3000170,7M 230,Tractor,Receptores de posición,SF7000,PCS17UB238467,6.80C,PCS17UB238467,Receptor de posición,SF-RTK,A-S00635559,SF7000,No informado,2025-09-21,2026-09-23,-7.0,Vencido,Vencida,Operations Center,Serie de receptor,PCS17UB238467,A-S00635559
2026-09-30,2026-09-30 17:17:34.007363,20260930_171734_c8c847,SINSACATE,577944.0,ROJAS WALTER DAMIAN,1J0S780BES0160129,1J0S780BES0160129,S7 800,Cosechadora,Receptores de posición,SF7500 Integrated,PCG75FA251172,2.50F,PCG75FA251172,Receptor de posición,SF-RTK,A-S00635985,SF7500,No informado,2026-02-12,2029-02-14,868.0,Activo,Vigente,Operations Center,Serie de receptor,PCG75FA251172,A-S00635985
2026-09-30,2026-09-30 17:17:34.007363,20260930_171734_c8c847,SINSACATE,577944.0,ROJAS WALTER DAMIAN,1BM8270RTSS101669,1BM8270RTSS101669,8270R,Tractor,Monitor,G5 CommandCenter,PCG5CSC244919,26.3 (11.3.4160-40),1BM8270RTSS101669,Machine,G5 Advanced - Tractor de la serie 7/8/9,A-S00636650,G5,No informado,,,,Activo,Vigente,Operations Center,Serie de máquina,PCG5CSC244919,A-S00636650
2026-09-30,2026-09-30 17:17:34.007363,20260930_171734_c8c847,SINSACATE,577944.0,ROJAS WALTER DAMIAN,1J0S780BES0160129,1J0S780BES0160129,S7 800,Cosechadora,Monitor,G5 CommandCenter,PCG5CSC246678,26.3 (11.3.4160-40),1J0S780BES0160129,Machine,Cosechadora S7/X9 Ultimate,A-S00641987,G5,No informado,2026-02-12,2029-02-14,868.0,Activo,Vigente,Operations Center,Serie de máquina,PCG5CSC246678,A-S00641987
2026-09-30,2026-09-30 17:17:34.007363,20260930_171734_c8c847,SINSACATE,577944.0,ROJAS WALTER DAMIAN,Tractor 7M,1J07230CKR3000170,7M 230,Tractor,Monitor,G5 CommandCenter,PCG5CSB142526,25.4 (10.35.3817-13),1J07230CKR3000170,Machine,G5 Advanced - Tractor de la serie 7/8/9,A-S00644324,G5,No informado,2025-09-21,2026-09-23,-7.0,Vencido,Vencida,Operations Center,Serie de máquina,PCG5CSB142526,A-S00644324
2026-09-30,2026-09-30 17:17:34.007363,20260930_171734_c8c847,SANTA ROSA,555269.0,Franco Ellena,7m200,1J07200CER3000176,7M 200,Tractor,Receptores de posición,SF7500,PCS75UA154352,2.40P,PCS75UA154352,Receptor de posición,SF-RTK,A-S00639296,SF7500,No informado,,,,Activo,Vigente,Operations Center,Serie de receptor,PCS75UA154352,A-S00639296
2026-09-30,2026-09-30 17:17:34.007363,20260930_171734_c8c847,SANTA ROSA,554758.0,MARCELO REY,R8345,1BM8345RTSS101398,8345R,Tractor,Receptores de posición,SF7500,PCS75UA217539,2.40P,PCS75UA217539,Receptor de posición,SF-RTK,A-S00624501,SF7500,No informado,2025-11-12,2026-11-14,45.0,Activo,Vence en 60 días,Operations Center,Serie de receptor,PCS75UA217539,A-S00624501
2026-09-30,2026-09-30 17:17:34.007363,20260930_171734_c8c847,SANTA ROSA,554758.0,MARCELO REY,R8345,1BM8345RTSS101398,8345R,Tractor,Monitor,G5 CommandCenter,PCG5CSC222314,26.3 (11.3.4160-40),1BM8345RTSS101398,Machine,G5 Advanced - Tractor de la serie 7/8/9,A-S00629002,G5,No informado,2025-11-12,2026-11-14,45.0,Activo,Vence en 60 días,Operations Center,Serie de máquina,PCG5CSC222314,A-S00629002
2026-09-30,2026-09-30 17:17:34.007363,20260930_171734_c8c847,SINSACATE,593558.0,SUCESION DE DEL PRATO MARIO,1CQS550AKH0120326,1CQS550AKH0120326,S550,Cosechadora,Receptores de posición,SF7000,PCS17UB167003,6.80C,PCS17UB167003,Receptor de posición,SF-RTK,A-S00630727,SF7000,No informado,2025-11-18,2026-11-20,51.0,Activo,Vence en 60 días,Operations Center,Serie de receptor,PCS17UB167003,A-S00630727
2026-09-30,2026-09-30 17:17:34.007363,20260930_171734_c8c847,SINSACATE,530850.0,RUIZ MARCELO ALBERTO,1NW4040MKSF250280,1NW4040MKSF250280,M4040,Pulverizadora,Receptores de posición,SF7500,PCS75UA251229,2.50F,PCS75UA251229,Receptor de posición,SF-RTK,A-S00616217,SF7500,No informado,2026-06-11,2027-06-13,256.0,Activo,Vigente,Operations Center,Serie de receptor,PCS75UA251229,A-S00616217
2026-09-30,2026-09-30 17:17:34.007363,20260930_171734_c8c847,SINSACATE,530850.0,RUIZ MARCELO ALBERTO,1NW4040MKSF250280,1NW4040MKSF250280,M4040,Pulverizadora,Monitor,G5 CommandCenter,PCG5CSC240349,26.3 (11.3.4160-40),1NW4040MKSF250280,Machine,G5 Advanced - Aplicación autopropulsada,A-S00620954,G5,No informado,2026-06-11,2027-06-13,256.0,Activo,Vigente,Operations Center,Serie de máquina,PCG5CSC240349,A-S00620954
2026-09-30,2026-09-30 17:17:34.007363,20260930_171734_c8c847,SINSACATE,579306.0,Perucca Hermanos,S7 700 Perucca,1J0S770BAS0160105,S7 700,Cosechadora,Monitor,G5 CommandCenter,PCG5CSC236966,25.4 (10.35.3817-13),1J0S770BAS0160105,Machine,G5 Advanced - Cosechadora,A-S00619447,G5,No informado,2025-10-13,2026-10-15,15.0,Activo,Vence en 30 días,Operations Center,Serie de máquina,PCG5CSC236966,A-S00619447
2026-09-30,2026-09-30 17:17:34.007363,20260930_171734_c8c847,,550099.0,LORENZATI HNOS,LORENZATTI,1J07230CTS3000527,7M 230,Tractor,Monitor,G5 CommandCenter,PCG5CSC235035,25.2 (10.31.3676-103),1J07230CTS3000527,Machine,G5 Advanced - Tractor de la serie 7/8/9,A-S00625242,G5,No informado,2025-10-07,2026-10-09,9.0,Activo,Vence en 30 días,Operations Center,Serie de máquina,PCG5CSC235035,A-S00625242
2026-09-30,2026-09-30 17:17:34.007363,20260930_171734_c8c847,,550099.0,LORENZATI HNOS,LORENZATTI,1J07230CTS3000527,7M 230,Tractor,Receptores de posición,SF7500,PCS75UA233252,2.30J,PCS75UA233252,Receptor de posición,SF-RTK,A-S00636921,SF7500,No informado,2025-10-07,2026-10-09,9.0,Activo,Vence en 30 días,Operations Center,Serie de receptor,PCS75UA233252,A-S00636921
2026-09-30,2026-09-30 17:17:34.007363,20260930_171734_c8c847,PILAR,571844.0,PIVETTA ABEL GUSTAVO,1J07230CTT3000674,1J07230CTT3000674,7M 230,Tractor,Monitor,G5 CommandCenter,PCG5CSC245277,24-2 (10.29.3422-101),1J07230CTT3000674,Machine,G5 Advanced - Tractor de la serie 7/8/9,A-S00616634,G5,No informado,2026-05-20,2027-05-22,234.0,Activo,Vigente,Operations Center,Serie de máquina,PCG5CSC245277,A-S00616634
2026-09-30,2026-09-30 17:17:34.007363,20260930_171734_c8c847,PILAR,571844.0,PIVETTA ABEL GUSTAVO,GUSTAVO PIVETTA-7225J,1BM7225JKHH005731,7225J,Tractor,Receptores de posición,SF7500,PCS75UA244511,2.40P,PCS75UA244511,Receptor de posición,SF-RTK,A-S00637823,SF7500,No informado,2025-11-19,2026-11-21,52.0,Activo,Vence en 60 días,Operations Center,Serie de receptor,PCS75UA244511,A-S00637823
2026-09-30,2026-09-30 17:17:34.007363,20260930_171734_c8c847,CORDOBA,587263.0,GIANAGRO SAS,8295R,1BM8295RERS100596,8295R,Tractor,Monitor,G5 CommandCenter,PCG5CSB141838,24-2 (10.29.3422-101),1BM8295RERS100596,Machine,G5 Advanced - Tractor de la serie 7/8/9,A-S00618366,G5,No informado,2026-02-25,2026-06-16,-106.0,Cancelada,Cancelada,Operations Center,Serie de máquina,PCG5CSB141838,A-S00618366
2026-09-30,2026-09-30 17:17:34.007363,20260930_171734_c8c847,CORDOBA,587263.0,GIANAGRO SAS,7M200,1J07200CAS3000292,7M 200,Tractor,Monitor,G5 CommandCenter,PCG5CSC223200,25.4 (10.35.3817-9),1J07200CAS3000292,Machine,G5 Advanced - Tractor de la serie 7/8/9,A-S00619397,G5,No informado,,,,Activo,Vigente,Operations Center,Serie de máquina,PCG5CSC223200,A-S00619397
2026-09-30,2026-09-30 17:17:34.007363,20260930_171734_c8c847,CORDOBA,587263.0,GIANAGRO SAS,7M200,1J07200CAS3000292,7M 200,Tractor,Receptores de posición,SF7500,PCS75UA201489,2.40P,PCS75UA201489,Receptor de posición,SF-RTK,A-S00631280,SF7500,No informado,,,,Activo,Vigente,Operations Center,Serie de receptor,PCS75UA201489,A-S00631280
2026-09-30,2026-09-30 17:17:34.007363,20260930_171734_c8c847,PILAR,577852.0,CAVALLO MARCOS ALEJANDRO,,,,,Monitor,G5 Universal,,,PCG5MUB186913,Monitor,Renovable esencial,A-S00620470,Otra,No informado,2025-11-17,2026-11-19,50.0,Activo,Vence en 60 días,Operations Center,No encontrado,PCG5MUB186913,A-S00620470
2026-09-30,2026-09-30 17:17:34.007363,20260930_171734_c8c847,CORDOBA,589511.0,GRAZIANI ALBERTO ANTONIO ,,,,,Monitor,G5Plus Universal,,,PCG5PUB190446,Monitor,Renovable esencial,A-S00617687,Otra,No informado,2025-10-29,2026-10-31,31.0,Activo,Vence en 60 días,Operations Center,No encontrado,PCG5PUB190446,A-S00617687
2026-09-30,2026-09-30 17:17:34.007363,20260930_171734_c8c847,CORDOBA,589511.0,GRAZIANI ALBERTO ANTONIO ,,,,,Receptor de posición,SF7500,,,PCS75UA129535,Receptor de posición,SF-RTK,A-S00635963,Otra,No informado,2025-11-03,2026-11-05,36.0,Activo,Vence en 60 días,Operations Center,No encontrado,PCS75UA129535,A-S00635963
2026-09-30,2026-09-30 17:17:34.007363,20260930_171734_c8c847,CORDOBA,595345.0,KURMAY SA,6150 KURMAY NRO 03,1J06150JJSD600858,6150J,Tractor,Monitor,G5 Universal,PCG5MUB188480,26.3 (11.3.4160-40),PCG5MUB188480,Monitor,Renovable esencial,A-S00621474,G5,No informado,2026-07-28,2027-07-28,301.0,Activo,Vigente,Operations Center,Serie de monitor,PCG5MUB188480,A-S00621474
2026-09-30,2026-09-30 17:17:34.007363,20260930_171734_c8c847,CORDOBA,595345.0,KURMAY SA,6170 KURMAY NRO 02,1J06170JTSD600446,6170J,Tractor,Monitor,G5 Universal,PCG5MUB176656,26.3 (11.3.4160-52),PCG5MUB176656,Monitor,Renovable esencial,A-S00635785,G5,No informado,,,,Vencido,Vencida,Operations Center,Serie de monitor,PCG5MUB176656,A-S00635785
2026-09-30,2026-09-30 17:17:34.007363,20260930_171734_c8c847,CORDOBA,595345.0,KURMAY SA,7230 KURMAY NRO 03,1J07230CVT3000701,7M 230,Tractor,Monitor,G5 CommandCenter,PCG5CSC246032,25.4 (10.35.3817-13),1J07230CVT3000701,Machine,G5 Advanced - Tractor de la serie 7/8/9,A-S00637220,G5,No informado,2026-05-18,2027-05-20,232.0,Activo,Vigente,Operations Center,Serie de máquina,PCG5CSC246032,A-S00637220
2026-09-30,2026-09-30 17:17:34.007363,20260930_171734_c8c847,CORDOBA,595345.0,KURMAY SA,6150 KURMAY NRO 03,1J06150JJSD600858,6150J,Tractor,Monitor,G5 Universal,PCG5MUB188480,26.3 (11.3.4160-40),PCG5MUB188480,Monitor,Renovable esencial - Demostración,A-S00637904,G5,No informado,2026-05-17,2026-06-19,-103.0,Vencido,Vencida,Operations Center,Serie de monitor,PCG5MUB188480,A-S00637904
2026-09-30,2026-09-30 17:17:34.007363,20260930_171734_c8c847,CORDOBA,595345.0,KURMAY SA,,,,,Receptor de posición,SF7500,,,PCS75UA265833,Receptor de posición,SF-RTK,A-S00672592,Otra,No informado,2026-07-28,2027-07-29,302.0,Activo,Vigente,Operations Center,No encontrado,PCS75UA265833,A-S00672592
2026-09-30,2026-09-30 17:17:34.007363,20260930_171734_c8c847,CORDOBA,595345.0,KURMAY SA,7230 KURMAY NRO 02,1J07230JLPD000666,7230J,Tractor,Receptores de posición,SF7000,PCS17UB169432,6.60T,PCS17UB169432,Receptor de posición,SF-RTK,A-S00718468,SF7000,No informado,2026-09-24,2027-09-25,360.0,Activo,Vigente,Operations Center,Serie de receptor,PCS17UB169432,A-S00718468
2026-09-30,2026-09-30 17:17:34.007363,20260930_171734_c8c847,CORDOBA,595345.0,KURMAY SA,6170 KURMAY NRO 02,1J06170JTSD600446,6170J,Tractor,Monitor,G5 Universal,PCG5MUB176656,26.3 (11.3.4160-52),PCG5MUB176656,Monitor,Renovable esencial,A-S00718544,G5,No informado,2026-09-24,2027-09-25,360.0,Activo,Vigente,Operations Center,Serie de monitor,PCG5MUB176656,A-S00718544
2026-09-30,2026-09-30 17:17:34.007363,20260930_171734_c8c847,ARROYITO,592233.0,AGRO ARCANDO SAS,7M 230,1J07230CTR3000215,7M 230,Tractor,Receptores de posición,SF7500,PCS75UA155138,2.30J,PCS75UA155138,Receptor de posición,SF-RTK,A-S00627874,SF7500,No informado,2025-10-24,2026-10-26,26.0,Activo,Vence en 30 días,Operations Center,Serie de receptor,PCS75UA155138,A-S00627874
2026-09-30,2026-09-30 17:17:34.007363,20260930_171734_c8c847,SANTA ROSA,591400.0,REY LIVIO OSMAR,1BM8320RASS100952,1BM8320RASS100952,8320R,Tractor,Monitor,G5 CommandCenter,PCG5CSB189255,26.3 (11.3.4160-52),1BM8320RASS100952,Machine,G5 Advanced - Tractor de la serie 7/8/9,A-S00625530,G5,No informado,,,,Activo,Vigente,Operations Center,Serie de máquina,PCG5CSB189255,A-S00625530
2026-09-30,2026-09-30 17:17:34.007363,20260930_171734_c8c847,ARROYITO,545130.0,AGROMAG SA,7M230,1J07230CPR3000202,7M 230,Tractor,Monitor,G5 CommandCenter,PCG5CSB159314,25.2 (10.31.3676-103),1J07230CPR3000202,Machine,G5 Advanced - Tractor de la serie 7/8/9,A-S00619286,G5,No informado,2025-11-23,2026-11-25,56.0,Activo,Vence en 60 días,Operations Center,Serie de máquina,PCG5CSB159314,A-S00619286
2026-09-30,2026-09-30 17:17:34.007363,20260930_171734_c8c847,ARROYITO,545130.0,AGROMAG SA,7M230,1J07230CPR3000202,7M 230,Tractor,Receptores de posición,SF7000,PCS17UB240830,6.75B,PCS17UB240830,Receptor de posición,SF-RTK,A-S00631151,SF7000,No informado,2025-11-23,2026-11-25,56.0,Activo,Vence en 60 días,Operations Center,Serie de receptor,PCS17UB240830,A-S00631151
2026-09-30,2026-09-30 17:17:34.007363,20260930_171734_c8c847,PILAR,566764.0,GGYDROSSIANOSS,1CQS550AAJ0120385,1CQS550AAJ0120385,S550,Cosechadora,Monitor,G5 Universal,PCG5MUB187300,25.3 (10.32.3817-138),PCG5MUB187300,Monitor,Renovable esencial,A-S00620087,G5,No informado,2025-11-17,2026-11-19,50.0,Activo,Vence en 60 días,Operations Center,Serie de monitor,PCG5MUB187300,A-S00620087
2026-09-30,2026-09-30 17:17:34.007363,20260930_171734_c8c847,ARROYITO,592913.0,BELBUSTI RAUL SA,Belbusti 7230J,1J07230JHND000438,7230J,Tractor,Receptores de posición,SF7000,PCS17UB212279,6.80C,PCS17UB212279,Receptor de posición,SF-RTK,A-S00625449,SF7000,No informado,2025-09-08,2026-09-10,-20.0,Vencido,Vencida,Operations Center,Serie de receptor,PCS17UB212279,A-S00625449
2026-09-30,2026-09-30 17:17:34.007363,20260930_171734_c8c847,PILAR,595583.0,Victor De Pol,7195J,1BM7195JCB0000042,7195J,Tractor,Receptores de posición,SF7500,PCS75UA144855,2.40P,PCS75UA144855,Receptor de posición,SF-RTK,A-S00630226,SF7500,No informado,2025-11-09,2026-11-11,42.0,Activo,Vence en 60 días,Operations Center,Serie de receptor,PCS75UA144855,A-S00630226
2026-09-30,2026-09-30 17:17:34.007363,20260930_171734_c8c847,PILAR,595583.0,Victor De Pol,,,,,Monitor,G5 Universal,,,PCG5MUB176287,Monitor,Renovable esencial,A-S00641100,Otra,No informado,2025-09-25,2026-09-27,-3.0,Vencido,Vencida,Operations Center,No encontrado,PCG5MUB176287,A-S00641100
2026-09-30,2026-09-30 17:17:34.007363,20260930_171734_c8c847,SANTA ROSA,548129.0,BRUNO EDUARDO ESTEBAN,S550,1J0S550BPP0145162,S550,Cosechadora,Receptores de posición,SF7000,PCS17UB171859,6.80C,PCS17UB171859,Receptor de posición,SF-RTK,A-S00634109,SF7000,No informado,,,,Activo,Vigente,Operations Center,Serie de receptor,PCS17UB171859,A-S00634109
2026-09-30,2026-09-30 17:17:34.007363,20260930_171734_c8c847,PILAR,578559.0,CANALIS JOSE OMAR E HIJOS SRL,,,,,Receptor de posición,SF7500,,,PCS75UA178892,Receptor de posición,SF-RTK - Demostración,A-S00673334,Otra,No informado,2026-07-29,,,Vencido,Vencida,Operations Center,No encontrado,PCS75UA178892,A-S00673334
2026-09-30,2026-09-30 17:17:34.007363,20260930_171734_c8c847,SINSACATE,579129.0,ROSSI ARIEL EDUARDO,,,,,Receptor de posición,SF7000,,,PCS17UB222659,Receptor de posición,SF-RTK,A-S00717600,Otra,No informado,2026-09-23,2027-09-24,359.0,Activo,Vigente,Operations Center,No encontrado,PCS17UB222659,A-S00717600
2026-09-30,2026-09-30 17:17:34.007363,20260930_171734_c8c847,SINSACATE,1274201.0,LONDERO ALDO RAMON Y LONDERO ALBERTO ANTONIO SH,8250R,1BM8250RHRS000058,8250R,Tractor,Monitor,G5 CommandCenter,PCG5CSB179925,26.3 (11.3.4160-40),1BM8250RHRS000058,Machine,G5 Advanced - Tractor de la serie 7/8/9,A-S00616950,G5,No informado,2025-11-06,2026-11-08,39.0,Activo,Vence en 60 días,Operations Center,Serie de máquina,PCG5CSB179925,A-S00616950
2026-09-30,2026-09-30 17:17:34.007363,20260930_171734_c8c847,SINSACATE,1274201.0,LONDERO ALDO RAMON Y LONDERO ALBERTO ANTONIO SH,8250R,1BM8250RHRS000058,8250R,Tractor,Receptores de posición,SF7500,PCS75UA152671,2.30J,PCS75UA152671,Receptor de posición,SF-RTK,A-S00636436,SF7500,No informado,2025-11-06,2026-11-08,39.0,Activo,Vence en 60 días,Operations Center,Serie de receptor,PCS75UA152671,A-S00636436
2026-09-30,2026-09-30 17:17:34.007363,20260930_171734_c8c847,ARROYITO,603852.0,PRIOTTISERGIO,1J0S780BCS0160169,1J0S780BCS0160169,S7 800,Cosechadora,Monitor,G5 CommandCenter,PCG5CSC247084,26.3 (11.3.4160-40),1J0S780BCS0160169,Machine,Cosechadora S7/X9 Ultimate,A-S00614581,G5,No informado,2026-07-19,2029-07-19,1023.0,Activo,Vigente,Operations Center,Serie de máquina,PCG5CSC247084,A-S00614581
2026-09-30,2026-09-30 17:17:34.007363,20260930_171734_c8c847,ARROYITO,603852.0,PRIOTTISERGIO,7M 230...3,1J07230CJS3000368,7M 230,Tractor,Receptores de posición,SF7500,PCS75UA194845,2.50F,PCS75UA194845,Receptor de posición,SF-RTK,A-S00620183,SF7500,No informado,2025-07-28,2026-07-30,-62.0,Vencido,Vencida,Operations Center,Serie de receptor,PCS75UA194845,A-S00620183
2026-09-30,2026-09-30 17:17:34.007363,20260930_171734_c8c847,ARROYITO,603852.0,PRIOTTISERGIO,PICADORA 8600 EQUIPO 1,1Z08600YASF627326,8600,Cosechadora de forraje,Monitor,G5Plus Universal,PCG5PUB246908,26.3 (11.3.4160-40),PCG5PUB246908,Monitor,G5 Advanced - Universal,A-S00620586,G5,No informado,2025-10-30,2026-11-01,32.0,Activo,Vence en 60 días,Operations Center,Serie de monitor,PCG5PUB246908,A-S00620586
2026-09-30,2026-09-30 17:17:34.007363,20260930_171734_c8c847,ARROYITO,603852.0,PRIOTTISERGIO,7M 230....1,1J07230CTS3000396,7M 230,Tractor,Receptores de posición,SF7500,PCS75UA195289,2.50F,PCS75UA195289,Receptor de posición,SF-RTK,A-S00622957,SF7500,No informado,2025-07-30,,,Vencido,Vencida,Operations Center,Serie de receptor,PCS75UA195289,A-S00622957
2026-09-30,2026-09-30 17:17:34.007363,20260930_171734_c8c847,ARROYITO,603852.0,PRIOTTISERGIO,7M 230....2,1J07230CES3000394,7M 230,Tractor,Monitor,G5 CommandCenter,PCG5CSA115877,26.3 (11.3.4160-40),1J07230CES3000394,Machine,G5 Advanced - Tractor de la serie 7/8/9,A-S00624047,G5,No informado,2025-07-30,,,Vencido,Vencida,Operations Center,Serie de máquina,PCG5CSA115877,A-S00624047
2026-09-30,2026-09-30 17:17:34.007363,20260930_171734_c8c847,ARROYITO,603852.0,PRIOTTISERGIO,PICADORA 8600 EQUIPO 1,1Z08600YASF627326,8600,Cosechadora de forraje,Receptores de posición,SF7500,PCS75UA222631,2.50F,PCS75UA222631,Receptor de posición,SF-RTK,A-S00626948,SF7500,No informado,2025-10-30,2026-11-01,32.0,Activo,Vence en 60 días,Operations Center,Serie de receptor,PCS75UA222631,A-S00626948
2026-09-30,2026-09-30 17:17:34.007363,20260930_171734_c8c847,ARROYITO,603852.0,PRIOTTISERGIO,7M 230....2,1J07230CES3000394,7M 230,Tractor,Receptores de posición,SF7500,PCS75UA196845,2.50F,PCS75UA196845,Receptor de posición,SF-RTK,A-S00629223,SF7500,No informado,2025-07-30,,,Vencido,Vencida,Operations Center,Serie de receptor,PCS75UA196845,A-S00629223
2026-09-30,2026-09-30 17:17:34.007363,20260930_171734_c8c847,ARROYITO,603852.0,PRIOTTISERGIO,7M 230...3,1J07230CJS3000368,7M 230,Tractor,Monitor,G5 CommandCenter,PCG5CSB205706,26.3 (11.3.4160-40),1J07230CJS3000368,Machine,G5 Advanced - Tractor de la serie 7/8/9,A-S00631866,G5,No informado,2025-07-28,2026-07-30,-62.0,Vencido,Vencida,Operations Center,Serie de máquina,PCG5CSB205706,A-S00631866
2026-09-30,2026-09-30 17:17:34.007363,20260930_171734_c8c847,ARROYITO,603852.0,PRIOTTISERGIO,1J0S780BJS0160140,1J0S780BJS0160140,S7 800,Cosechadora,Receptores de posición,SF7500 Integrated,PCG75FA247881,2.50F,PCG75FA247881,Receptor de posición,SF-RTK,A-S00632501,SF7500,No informado,2026-07-19,2029-07-19,1023.0,Activo,Vigente,Operations Center,Serie de receptor,PCG75FA247881,A-S00632501
2026-09-30,2026-09-30 17:17:34.007363,20260930_171734_c8c847,ARROYITO,603852.0,PRIOTTISERGIO,PICADORA 8500,1Z08500YVRF625412,8500,Cosechadora de forraje,Monitor,G5Plus Universal,PCG5PUB145979,25.4 (10.35.3817-13),PCG5PUB145979,Monitor,G5 Advanced - Universal,A-S00633523,G5,No informado,,,,Activo,Vigente,Operations Center,Serie de monitor,PCG5PUB145979,A-S00633523
2026-09-30,2026-09-30 17:17:34.007363,20260930_171734_c8c847,ARROYITO,603852.0,PRIOTTISERGIO,1J0S780BCS0160169,1J0S780BCS0160169,S7 800,Cosechadora,Receptores de posición,SF7500 Integrated,PCG75FA261849,2.50F,PCG75FA261849,Receptor de posición,SF-RTK,A-S00634971,SF7500,No informado,2026-07-19,2029-07-19,1023.0,Activo,Vigente,Operations Center,Serie de receptor,PCG75FA261849,A-S00634971
2026-09-30,2026-09-30 17:17:34.007363,20260930_171734_c8c847,ARROYITO,603852.0,PRIOTTISERGIO,1J0S780BJS0160140,1J0S780BJS0160140,S7 800,Cosechadora,Monitor,G5 CommandCenter,PCG5CSC248408,26.3 (11.3.4160-46),1J0S780BJS0160140,Machine,Cosechadora S7/X9 Ultimate,A-S00637241,G5,No informado,2026-07-19,2029-07-19,1023.0,Activo,Vigente,Operations Center,Serie de máquina,PCG5CSC248408,A-S00637241
2026-09-30,2026-09-30 17:17:34.007363,20260930_171734_c8c847,ARROYITO,603852.0,PRIOTTISERGIO,7M 230....1,1J07230CTS3000396,7M 230,Tractor,Monitor,G5 CommandCenter,PCG5CSB205205,26.3 (11.3.4160-40),1J07230CTS3000396,Machine,G5 Advanced - Tractor de la serie 7/8/9,A-S00644331,G5,No informado,2025-07-30,,,Vencido,Vencida,Operations Center,Serie de máquina,PCG5CSB205205,A-S00644331
2026-09-30,2026-09-30 17:17:34.007363,20260930_171734_c8c847,ARROYITO,603852.0,PRIOTTISERGIO,7M 230....2,1J07230CES3000394,7M 230,Tractor,Monitor,G5 CommandCenter,PCG5CSA115877,26.3 (11.3.4160-40),1J07230CES3000394,Machine,G5 Advanced - Tractor de la serie 7/8/9,A-S00678325,G5,No informado,,,,Activo,Vigente,Operations Center,Serie de máquina,PCG5CSA115877,A-S00678325
2026-09-30,2026-09-30 17:17:34.007363,20260930_171734_c8c847,ARROYITO,603852.0,PRIOTTISERGIO,7M 230....2,1J07230CES3000394,7M 230,Tractor,Receptores de posición,SF7500,PCS75UA196845,2.50F,PCS75UA196845,Receptor de posición,SF-RTK,A-S00678326,SF7500,No informado,,,,Activo,Vigente,Operations Center,Serie de receptor,PCS75UA196845,A-S00678326
2026-09-30,2026-09-30 17:17:34.007363,20260930_171734_c8c847,ARROYITO,603852.0,PRIOTTISERGIO,7M 230...3,1J07230CJS3000368,7M 230,Tractor,Monitor,G5 CommandCenter,PCG5CSB205706,26.3 (11.3.4160-40),1J07230CJS3000368,Machine,G5 Advanced - Tractor de la serie 7/8/9,A-S00678334,G5,No informado,,,,Activo,Vigente,Operations Center,Serie de máquina,PCG5CSB205706,A-S00678334
2026-09-30,2026-09-30 17:17:34.007363,20260930_171734_c8c847,ARROYITO,603852.0,PRIOTTISERGIO,7M 230...3,1J07230CJS3000368,7M 230,Tractor,Receptores de posición,SF7500,PCS75UA194845,2.50F,PCS75UA194845,Receptor de posición,SF-RTK,A-S00678335,SF7500,No informado,,,,Activo,Vigente,Operations Center,Serie de receptor,PCS75UA194845,A-S00678335
2026-09-30,2026-09-30 17:17:34.007363,20260930_171734_c8c847,ARROYITO,603852.0,PRIOTTISERGIO,7M 230....1,1J07230CTS3000396,7M 230,Tractor,Monitor,G5 CommandCenter,PCG5CSB205205,26.3 (11.3.4160-40),1J07230CTS3000396,Machine,G5 Advanced - Tractor de la serie 7/8/9,A-S00678339,G5,No informado,,,,Activo,Vigente,Operations Center,Serie de máquina,PCG5CSB205205,A-S00678339
2026-09-30,2026-09-30 17:17:34.007363,20260930_171734_c8c847,ARROYITO,603852.0,PRIOTTISERGIO,7M 230....1,1J07230CTS3000396,7M 230,Tractor,Receptores de posición,SF7500,PCS75UA195289,2.50F,PCS75UA195289,Receptor de posición,SF-RTK,A-S00678340,SF7500,No informado,,,,Activo,Vigente,Operations Center,Serie de receptor,PCS75UA195289,A-S00678340
2026-09-30,2026-09-30 17:17:34.007363,20260930_171734_c8c847,ARROYITO,603852.0,PRIOTTISERGIO,7M 230....4,1J07230CVR3000271,7M 230,Tractor,Monitor,G5 CommandCenter,PCG5CSC278573,26.3 (11.3.4160-52),1J07230CVR3000271,Machine,G5 Advanced - Tractor de la serie 7/8/9,A-S00678341,G5,No informado,,,,Activo,Vigente,Operations Center,Serie de máquina,PCG5CSC278573,A-S00678341
2026-09-30,2026-09-30 17:17:34.007363,20260930_171734_c8c847,ARROYITO,603852.0,PRIOTTISERGIO,7M 230....4,1J07230CVR3000271,7M 230,Tractor,Receptores de posición,SF7500,PCS75UA158683,2.50F,PCS75UA158683,Receptor de posición,SF-RTK,A-S00678342,SF7500,No informado,,,,Activo,Vigente,Operations Center,Serie de receptor,PCS75UA158683,A-S00678342
2026-09-30,2026-09-30 17:17:34.007363,20260930_171734_c8c847,SANTA ROSA,2653241.0,RUATTAJOAQUIN,Tractor 7715,1BM7715XTAH090993,7715,Tractor,Receptores de posición,SF7000,PCS17UB171854,6.80C,PCS17UB171854,Receptor de posición,SF-RTK,A-S00615341,SF7000,No informado,2025-09-04,2026-09-06,-24.0,Vencido,Vencida,Operations Center,Serie de receptor,PCS17UB171854,A-S00615341
2026-09-30,2026-09-30 17:17:34.007363,20260930_171734_c8c847,SINSACATE,617517.0,ESACOM SA,S7 800 ESACOM,1J0S780BKS0160136,S7 800,Cosechadora,Monitor,G5 CommandCenter,PCG5CSC255591,25.4 (10.35.3817-13),1J0S780BKS0160136,Machine,Cosechadora S7/X9 Ultimate,A-S00621925,G5,No informado,2026-03-03,2029-03-05,887.0,Activo,Vigente,Operations Center,Serie de máquina,PCG5CSC255591,A-S00621925
2026-09-30,2026-09-30 17:17:34.007363,20260930_171734_c8c847,SINSACATE,617517.0,ESACOM SA,S7 800 ESACOM,1J0S780BKS0160136,S7 800,Cosechadora,Receptores de posición,SF7500 Integrated,PCG75FA253293,2.40P,PCG75FA253293,Receptor de posición,SF-RTK,A-S00644181,SF7500,No informado,2026-03-04,2029-03-06,888.0,Activo,Vigente,Operations Center,Serie de receptor,PCG75FA253293,A-S00644181
2026-09-30,2026-09-30 17:17:34.007363,20260930_171734_c8c847,SINSACATE,613183.0,VACA FERNANDO DANIEL,1NW4030MLSF250412,1NW4030MLSF250412,M4030,Pulverizadora,Monitor,G5 CommandCenter,PCG5CSB206145,26.3 (11.3.4160-40),1NW4030MLSF250412,Machine,G5 Advanced - Aplicación autopropulsada,A-S00641948,G5,No informado,2025-07-27,2026-07-29,-63.0,Vencido,Vencida,Operations Center,Serie de máquina,PCG5CSB206145,A-S00641948
2026-09-30,2026-09-30 17:17:34.007363,20260930_171734_c8c847,SINSACATE,613183.0,VACA FERNANDO DANIEL,,,,,Receptor de posición,SF7500,,,PCS75UA188852,Receptor de posición,SF-RTK,A-S00673420,Otra,No informado,2026-07-29,2027-07-30,303.0,Activo,Vigente,Operations Center,No encontrado,PCS75UA188852,A-S00673420
2026-09-30,2026-09-30 17:17:34.007363,20260930_171734_c8c847,SINSACATE,604901.0,DE GIORGIO ROBERTO SEBASTIAN,DEGIORGIOROBERTO 7215J,1J07215JHND000369,7215J,Tractor,Receptores de posición,SF7000,PCS17UB173435,6.80C,PCS17UB173435,Receptor de posición,SF-RTK,A-S00629292,SF7000,No informado,2025-09-21,2026-09-23,-7.0,Vencido,Vencida,Operations Center,Serie de receptor,PCS17UB173435,A-S00629292
2026-09-30,2026-09-30 17:17:34.007363,20260930_171734_c8c847,PILAR,607663.0,JUAN CARLOS SANCHEZ,SANCHEZ 8400R,1BM8400RJSS102567,8400R,Tractor,Receptores de posición,SF7500,PCS75UA234648,2.40P,PCS75UA234648,Receptor de posición,SF-RTK,A-S00621644,SF7500,No informado,2025-10-20,2026-10-22,22.0,Activo,Vence en 30 días,Operations Center,Serie de receptor,PCS75UA234648,A-S00621644
2026-09-30,2026-09-30 17:17:34.007363,20260930_171734_c8c847,PILAR,607663.0,JUAN CARLOS SANCHEZ,SANCHEZ 8400R,1BM8400RJSS102567,8400R,Tractor,Monitor,G5 CommandCenter,PCG5CSC238548,25.2 (10.31.3676-103),1BM8400RJSS102567,Machine,G5 Advanced - Tractor de la serie 7/8/9,A-S00623240,G5,No informado,2025-10-20,2026-10-22,22.0,Activo,Vence en 30 días,Operations Center,Serie de máquina,PCG5CSC238548,A-S00623240
2026-09-30,2026-09-30 17:17:34.007363,20260930_171734_c8c847,SANTA ROSA,1485201.0,PUERTO SECO,1J0S780BPR0155107,1J0S780BPR0155107,S780,Cosechadora,Monitor,G5 CommandCenter,PCG5CSA109703,25.4 (10.35.3817-13),1J0S780BPR0155107,Machine,G5 Advanced - Cosechadora,A-S00628851,G5,No informado,2024-10-29,2027-10-31,396.0,Activo,Vigente,Operations Center,Serie de máquina,PCG5CSA109703,A-S00628851
2026-09-30,2026-09-30 17:17:34.007363,20260930_171734_c8c847,SINSACATE,2671521.0,ZAMORA EDGAR EDUARDO,1BM8250RASS000161,1BM8250RASS000161,8250R,Tractor,Monitor,G5 CommandCenter,PCG5CSC241300,25.4 (10.35.3817-9),1BM8250RASS000161,Machine,G5 Advanced - Tractor de la serie 7/8/9,A-S00626150,G5,No informado,2025-10-29,2026-10-31,31.0,Activo,Vence en 60 días,Operations Center,Serie de máquina,PCG5CSC241300,A-S00626150
2026-09-30,2026-09-30 17:17:34.007363,20260930_171734_c8c847,SINSACATE,2671521.0,ZAMORA EDGAR EDUARDO,1BM8250RASS000161,1BM8250RASS000161,8250R,Tractor,Receptores de posición,SF7500,PCS75UA239131,2.50F,PCS75UA239131,Receptor de posición,SF-RTK,A-S00628728,SF7500,No informado,2025-10-29,2026-10-31,31.0,Activo,Vence en 60 días,Operations Center,Serie de receptor,PCS75UA239131,A-S00628728
2026-09-30,2026-09-30 17:17:34.007363,20260930_171734_c8c847,SINSACATE,2481541.0,FOSSI NORBERTO,1BM8250RLTS000227,1BM8250RLTS000227,8250R,Tractor,Receptores de posición,SF7500,PCS75UA242659,2.50F,PCS75UA242659,Receptor de posición,SF-RTK,A-S00624411,SF7500,No informado,2026-09-17,2027-09-17,352.0,Activo,Vigente,Operations Center,Serie de receptor,PCS75UA242659,A-S00624411
2026-09-30,2026-09-30 17:17:34.007363,20260930_171734_c8c847,SINSACATE,2481541.0,FOSSI NORBERTO,1BM8250RLTS000227,1BM8250RLTS000227,8250R,Tractor,Monitor,G5 CommandCenter,PCG5CSC263195,26.3 (11.3.4160-40),1BM8250RLTS000227,Machine,G5 Advanced - Tractor de la serie 7/8/9,A-S00636250,G5,No informado,2026-09-17,2027-09-17,352.0,Activo,Vigente,Operations Center,Serie de máquina,PCG5CSC263195,A-S00636250
2026-09-30,2026-09-30 17:17:34.007363,20260930_171734_c8c847,PILAR,602187.0,AIMAR DIEGO JAVIER,,,,,Monitor,G5 Universal,,,PCG5MUB186042,Monitor,Renovable esencial,A-S00627167,Otra,No informado,2025-11-16,2026-11-18,49.0,Activo,Vence en 60 días,Operations Center,No encontrado,PCG5MUB186042,A-S00627167
2026-09-30,2026-09-30 17:17:34.007363,20260930_171734_c8c847,CORDOBA,618901.0,RIEGO CONCI,,,,,Receptor de posición,SF7000,,,PCS17UB203604,Receptor de posición,SF-RTK,A-S00629750,Otra,No informado,2025-09-30,2026-10-02,2.0,Activo,Vence en 30 días,Operations Center,No encontrado,PCS17UB203604,A-S00629750
2026-09-30,2026-09-30 17:17:34.007363,20260930_171734_c8c847,ARROYITO,605745.0,MASE SERGIO EDUARDO-MASE WALTER FERNANDO,6190J,1J06190JVND600034,6190J,Tractor,Monitor,G5 Universal,PCG5MUB192010,26.3 (11.3.4160-52),PCG5MUB192010,Monitor,Renovable esencial,A-S00635447,G5,No informado,2026-09-16,2027-09-16,351.0,Activo,Vigente,Operations Center,Serie de monitor,PCG5MUB192010,A-S00635447
2026-09-30,2026-09-30 17:17:34.007363,20260930_171734_c8c847,CORDOBA,1030521.0,LAURET GERARDO RAUL,1J06190JCND600100,1J06190JCND600100,6190J,Tractor,Receptores de posición,SF7500,PCS75UA279525,2.50F,PCS75UA279525,Receptor de posición,SF-RTK,A-S00640758,SF7500,No informado,2026-06-01,2027-06-03,246.0,Activo,Vigente,Operations Center,Serie de receptor,PCS75UA279525,A-S00640758
2026-09-30,2026-09-30 17:17:34.007363,20260930_171734_c8c847,PILAR,2659461.0,SCARAFFIA SA,Cosechadora 9770 STS,1CQ9770ALD0091710,9770 STS,Cosechadora,Monitor,G5 Universal,PCG5MUB186413,25.2 (10.31.3676-103),PCG5MUB186413,Monitor,Renovable esencial,A-S00643611,G5,No informado,2025-11-16,2026-11-18,49.0,Activo,Vence en 60 días,Operations Center,Serie de monitor,PCG5MUB186413,A-S00643611
2026-09-30,2026-09-30 17:17:34.007363,20260930_171734_c8c847,ARROYITO,1922401.0,AGRICOLA VT SAS,Agrícola VT M200,1J07200CPS3000379,7M 200,Tractor,Monitor,G5 CommandCenter,PCG5CSC246797,26.3 (11.3.4160-52),1J07200CPS3000379,Machine,G5 Advanced - Tractor de la serie 7/8/9,A-S00660912,G5,No informado,,2027-09-02,337.0,Activo,Vigente,Operations Center,Serie de máquina,PCG5CSC246797,A-S00660912
2026-09-30,2026-09-30 17:17:34.007363,20260930_171734_c8c847,ARROYITO,1922401.0,AGRICOLA VT SAS,,,,,Receptor de posición,SF7500,,,PCS75UA239102,Receptor de posición,SF-RTK,A-S00660915,Otra,No informado,,2027-09-02,337.0,Activo,Vigente,Operations Center,No encontrado,PCS75UA239102,A-S00660915
2026-09-30,2026-09-30 17:17:34.007363,20260930_171734_c8c847,PILAR,3991461.0,NARDI ARMANDO ENRIQUE,7230j,1BM7230JJHH000463,7230J,Tractor,Receptores de posición,SF7500,PCS75UA144651,2.30J,PCS75UA144651,Receptor de posición,SF-RTK,A-S00632484,SF7500,No informado,2025-11-02,2026-11-04,35.0,Activo,Vence en 60 días,Operations Center,Serie de receptor,PCS75UA144651,A-S00632484
2026-09-30,2026-09-30 17:17:34.007363,20260930_171734_c8c847,PILAR,3991461.0,NARDI ARMANDO ENRIQUE,7230j,1BM7230JJHH000463,7230J,Tractor,Monitor,G5Plus Universal,PCG5PUB200051,25.2 (10.31.3676-103),PCG5PUB200051,Monitor,Renovable esencial,A-S00639751,G5,No informado,2026-06-24,2027-06-24,267.0,Activo,Vigente,Operations Center,Serie de monitor,PCG5PUB200051,A-S00639751
2026-09-30,2026-09-30 17:17:34.007363,20260930_171734_c8c847,ARROYITO,3913141.0,ACTIS SRL,,,,,Receptor de posición,SF7500,,,PCS75UA194648,Receptor de posición,SF-RTK,A-S00701702,Otra,No informado,2026-09-08,2027-09-09,344.0,Activo,Vigente,Operations Center,No encontrado,PCS75UA194648,A-S00701702
2026-09-30,2026-09-30 17:17:34.007363,20260930_171734_c8c847,PILAR,3135081.0,AGROVAL SAS,Tractor 7815,BM7815X080313,7815,Tractor,Receptores de posición,SF7500,PCS75UA238483,2.30J,PCS75UA238483,Receptor de posición,SF-RTK,A-S00621709,SF7500,No informado,2025-10-14,2026-10-16,16.0,Activo,Vence en 30 días,Operations Center,Serie de receptor,PCS75UA238483,A-S00621709
2026-09-30,2026-09-30 17:17:34.007363,20260930_171734_c8c847,PILAR,3135081.0,AGROVAL SAS,Tractor 7815,BM7815X080313,7815,Tractor,Monitor,G5 Universal,PCG5MUB176628,25.3 (10.32.3817-94),PCG5MUB176628,Monitor,Renovable esencial,A-S00644479,G5,No informado,2025-10-05,2026-10-07,7.0,Activo,Vence en 30 días,Operations Center,Serie de monitor,PCG5MUB176628,A-S00644479
2026-09-30,2026-09-30 17:17:34.007363,20260930_171734_c8c847,PILAR,4106081.0,DON TOMASITO SRL,Franco Bertello-7230M - Agus,1J07230CCR3000200,7M 230,Tractor,Receptores de posición,SF7000,PCS17UB239840,6.80C,PCS17UB239840,Receptor de posición,SF-RTK,A-S00621055,SF7000,No informado,2025-10-15,2026-10-17,17.0,Activo,Vence en 30 días,Operations Center,Serie de receptor,PCS17UB239840,A-S00621055
2026-09-30,2026-09-30 17:17:34.007363,20260930_171734_c8c847,PILAR,4106081.0,DON TOMASITO SRL,FrancoBertello-S770 N2-Agustín,1J0S770BHS0155165,S770,Cosechadora,Monitor,G5 CommandCenter,PCG5CSB204167,26.3 (11.3.4160-52),1J0S770BHS0155165,Machine,G5 Advanced - Cosechadora,A-S00623256,G5,No informado,,,,Activo,Vigente,Operations Center,Serie de máquina,PCG5CSB204167,A-S00623256
2026-09-30,2026-09-30 17:17:34.007363,20260930_171734_c8c847,PILAR,4106081.0,DON TOMASITO SRL,Franco Bertello - 8295R Maciel,1BM8295RVRS100625,8295R,Tractor,Receptores de posición,SF7500,PCS75UA172542,2.70F,PCS75UA172542,Receptor de posición,SF-RTK,A-S00626910,SF7500,No informado,2026-03-16,2027-03-18,169.0,Activo,Vigente,Operations Center,Serie de receptor,PCS75UA172542,A-S00626910
2026-09-30,2026-09-30 17:17:34.007363,20260930_171734_c8c847,PILAR,4106081.0,DON TOMASITO SRL,Franco Bertello - 7230M - Seba,1J07230CHR3000243,7M 230,Tractor,Receptores de posición,SF7500,PCS75UA158306,2.30J,PCS75UA158306,Receptor de posición,SF-RTK,A-S00637372,SF7500,No informado,2025-11-19,2026-11-21,52.0,Activo,Vence en 60 días,Operations Center,Serie de receptor,PCS75UA158306,A-S00637372
2026-09-30,2026-09-30 17:17:34.007363,20260930_171734_c8c847,PILAR,2932061.0,FRATTER AGRICOLA SRL,,,,,Receptor de posición,SF7500,,,PCS75UA195889,Receptor de posición,SF-RTK,A-S00635982,Otra,No informado,2025-11-16,2026-11-18,49.0,Activo,Vence en 60 días,Operations Center,No encontrado,PCS75UA195889,A-S00635982
2026-09-30,2026-09-30 17:17:34.007363,20260930_171734_c8c847,PILAR,2932061.0,FRATTER AGRICOLA SRL,Agustin Fratter-7215J,1BM7215JPHH000344,7215J,Tractor,Receptores de posición,SF7500,PCS75UA177951,2.50F,PCS75UA177951,Receptor de posición,SF-RTK - Demostración,A-S00647957,SF7500,No informado,2026-06-21,2026-07-22,-70.0,Vencido,Vencida,Operations Center,Serie de receptor,PCS75UA177951,A-S00647957
2026-09-30,2026-09-30 17:17:34.007363,20260930_171734_c8c847,PILAR,2932061.0,FRATTER AGRICOLA SRL,Agustin Fratter-7215J,1BM7215JPHH000344,7215J,Tractor,Receptores de posición,SF7500,PCS75UA177951,2.50F,PCS75UA177951,Receptor de posición,SF-RTK,A-S00721563,SF7500,No informado,2026-09-29,2027-09-30,365.0,Activo,Vigente,Operations Center,Serie de receptor,PCS75UA177951,A-S00721563
2026-09-30,2026-09-30 17:17:34.007363,20260930_171734_c8c847,SINSACATE,3607461.0,AGROPECUARIA LA CAÑADA SAS,1J07230JJPD000905,1J07230JJPD000905,7230J,Tractor,Receptores de posición,SF7000,PCS17UB211701,6.80C,PCS17UB211701,Receptor de posición,SF-RTK,A-S00621215,SF7000,No informado,,,,Activo,Vigente,Operations Center,Serie de receptor,PCS17UB211701,A-S00621215
2026-09-30,2026-09-30 17:17:34.007363,20260930_171734_c8c847,,3500561.0,Fercosi SRL (DellElce Ariel),1J07200CVS3000341,1J07200CVS3000341,7M 200,Tractor,Receptores de posición,SF7500,PCS75UA210463,2.40P,PCS75UA210463,Receptor de posición,SF-RTK,A-S00619181,SF7500,No informado,2026-02-02,2027-02-04,127.0,Activo,Vigente,Operations Center,Serie de receptor,PCS75UA210463,A-S00619181
2026-09-30,2026-09-30 17:17:34.007363,20260930_171734_c8c847,,3500561.0,Fercosi SRL (DellElce Ariel),1J07200CVS3000341,1J07200CVS3000341,7M 200,Tractor,Monitor,G5 CommandCenter,PCG5CSC224231,25.3 (10.32.3817-138),1J07200CVS3000341,Machine,G5 Advanced - Tractor de la serie 7/8/9,A-S00629941,G5,No informado,2026-02-02,2027-02-04,127.0,Activo,Vigente,Operations Center,Serie de máquina,PCG5CSC224231,A-S00629941
2026-09-30,2026-09-30 17:17:34.007363,20260930_171734_c8c847,,3500561.0,Fercosi SRL (DellElce Ariel),1CQ9670AHA0090203,1CQ9670AHA0090203,9670 STS,Cosechadora,Monitor,G5 Universal,PCG5MUB169878,24-2 (10.29.3422-90),PCG5MUB169878,Monitor,Renovable avanzada,A-S00640991,G5,No informado,2025-10-27,2026-10-29,29.0,Activo,Vence en 30 días,Operations Center,Serie de monitor,PCG5MUB169878,A-S00640991
2026-09-30,2026-09-30 17:17:34.007363,20260930_171734_c8c847,,2749661.0,Agro Andreu,6150j nuevo Agro Andreu,1J06150JCRD600539,6150J,Tractor,Receptores de posición,SF7000,PCS17UB238885,6.75B,PCS17UB238885,Receptor de posición,SF-RTK,A-S00619687,SF7000,No informado,,,,Activo,Vigente,Operations Center,Serie de receptor,PCS17UB238885,A-S00619687
2026-09-30,2026-09-30 17:17:34.007363,20260930_171734_c8c847,,2749661.0,Agro Andreu,6170J Agro Andreu,1J06170JHND600091,6170J,Tractor,Receptores de posición,SF7000,PCS17UB127453,6.60T,PCS17UB127453,Receptor de posición,SF-RTK,A-S00640715,SF7000,No informado,2026-07-16,2027-07-16,289.0,Activo,Vigente,Operations Center,Serie de receptor,PCS17UB127453,A-S00640715
2026-09-30,2026-09-30 17:17:34.007363,20260930_171734_c8c847,SINSACATE,3655341.0,EL CASCABEL SA,8250R,1BM8250RKRS000035,8250R,Tractor,Monitor,G5 CommandCenter,PCG5CSB140429,26.3 (11.3.4160-40),1BM8250RKRS000035,Machine,G5 Advanced - Tractor de la serie 7/8/9,A-S00637042,G5,No informado,2025-09-02,2026-09-04,-26.0,Vencido,Vencida,Operations Center,Serie de máquina,PCG5CSB140429,A-S00637042
2026-09-30,2026-09-30 17:17:34.007363,20260930_171734_c8c847,SINSACATE,3655341.0,EL CASCABEL SA,8250R,1BM8250RKRS000035,8250R,Tractor,Receptores de posición,SF7500,PCS75UA116321,2.70F,PCS75UA116321,Receptor de posición,SF-RTK,A-S00643997,SF7500,No informado,2025-09-02,2026-09-04,-26.0,Vencido,Vencida,Operations Center,Serie de receptor,PCS75UA116321,A-S00643997
2026-09-30,2026-09-30 17:17:34.007363,20260930_171734_c8c847,SINSACATE,3655341.0,EL CASCABEL SA,8250R,1BM8250RKRS000035,8250R,Tractor,Monitor,G5 CommandCenter,PCG5CSB140429,26.3 (11.3.4160-40),1BM8250RKRS000035,Machine,G5 Advanced - Tractor de la serie 7/8/9,A-S00700688,G5,No informado,2026-09-07,2027-09-08,343.0,Activo,Vigente,Operations Center,Serie de máquina,PCG5CSB140429,A-S00700688
2026-09-30,2026-09-30 17:17:34.007363,20260930_171734_c8c847,SINSACATE,3655341.0,EL CASCABEL SA,8250R,1BM8250RKRS000035,8250R,Tractor,Receptores de posición,SF7500,PCS75UA116321,2.70F,PCS75UA116321,Receptor de posición,SF-RTK,A-S00700690,SF7500,No informado,2026-09-07,2027-09-08,343.0,Activo,Vigente,Operations Center,Serie de receptor,PCS75UA116321,A-S00700690
2026-09-30,2026-09-30 17:17:34.007363,20260930_171734_c8c847,CORDOBA,2967581.0,PARMENTIER SRL,1J07230CPR3000250,1J07230CPR3000250,7M 230,Tractor,Receptores de posición,SF7500,PCS75UA158592,2.30J,PCS75UA158592,Receptor de posición,SF-RTK,A-S00629203,SF7500,No informado,,,,Activo,Vigente,Operations Center,Serie de receptor,PCS75UA158592,A-S00629203
2026-09-30,2026-09-30 17:17:34.007363,20260930_171734_c8c847,CORDOBA,2967581.0,PARMENTIER SRL,6190J - CHAYE,1J06190JHRD600321,6190J,Tractor,Receptores de posición,SF7000,PCS17UB216259,6.75B,PCS17UB216259,Receptor de posición,SF-RTK,A-S00642254,SF7000,No informado,2026-07-17,2027-07-17,290.0,Activo,Vigente,Operations Center,Serie de receptor,PCS17UB216259,A-S00642254
2026-09-30,2026-09-30 17:17:34.007363,20260930_171734_c8c847,CORDOBA,3487841.0,Fondomonte South America S.A,Segadora DS2,YKG678562,SEGADORA,Segadora hileradora,Monitor,G5 Universal,PCG5MUB185219,24-2 (10.29.3422-101),PCG5MUB185219,Monitor,Renovable esencial,A-S00623005,G5,No informado,,,,Activo,Vigente,Operations Center,Serie de monitor,PCG5MUB185219,A-S00623005
2026-09-30,2026-09-30 17:17:34.007363,20260930_171734_c8c847,CORDOBA,3487841.0,Fondomonte South America S.A,Segadora DS1,YJG678533,SEGADORA,Segadora hileradora,Monitor,G5 Universal,PCG5MUB192170,24-2 (10.29.3422-101),PCG5MUB192170,Monitor,Renovable esencial,A-S00624270,G5,No informado,,,,Activo,Vigente,Operations Center,Serie de monitor,PCG5MUB192170,A-S00624270
2026-09-30,2026-09-30 17:17:34.007363,20260930_171734_c8c847,CORDOBA,3487841.0,Fondomonte South America S.A,Massey Ferguson 7725- VT36,9AGT0031ARM002128,MASSEY,Tractor,Monitor,G5 Universal,PCG5MUB188322,25.4 (10.35.3817-13),PCG5MUB188322,Monitor,Renovable esencial,A-S00631096,G5,No informado,,,,Activo,Vigente,Operations Center,Serie de monitor,PCG5MUB188322,A-S00631096
2026-09-30,2026-09-30 17:17:34.007363,20260930_171734_c8c847,CORDOBA,3487841.0,Fondomonte South America S.A,CASE RD 30,YJG63154,SEGADORA,Segadora hileradora,Monitor,G5 Universal,PCG5MUB186739,25.4 (10.35.3817-13),PCG5MUB186739,Monitor,Renovable esencial,A-S00634939,G5,No informado,,,,Activo,Vigente,Operations Center,Serie de monitor,PCG5MUB186739,A-S00634939
2026-09-30,2026-09-30 17:17:34.007363,20260930_171734_c8c847,CORDOBA,3487841.0,Fondomonte South America S.A,,,,,Receptor de posición,SF7500,,,PCS75UA266407,Receptor de posición,SF-RTK,A-S00635033,Otra,No informado,2026-06-02,2027-06-04,247.0,Activo,Vigente,Operations Center,No encontrado,PCS75UA266407,A-S00635033
2026-09-30,2026-09-30 17:17:34.007363,20260930_171734_c8c847,CORDOBA,3487841.0,Fondomonte South America S.A,Massey Ferguson 7725- VT36,9AGT0031ARM002128,MASSEY,Tractor,Receptores de posición,SF7500,PCS75UA264812,2.40P,PCS75UA264812,Receptor de posición,SF-RTK,A-S00641591,SF7500,No informado,2026-06-02,2027-06-04,247.0,Activo,Vigente,Operations Center,Serie de receptor,PCS75UA264812,A-S00641591
2026-09-30,2026-09-30 17:17:34.007363,20260930_171734_c8c847,CORDOBA,3487841.0,Fondomonte South America S.A,,,,,Monitor,G5 Universal,,,PCG5MUB189053,Monitor,Renovable esencial,A-S00643953,Otra,No informado,,,,Activo,Vigente,Operations Center,No encontrado,PCG5MUB189053,A-S00643953
2026-09-30,2026-09-30 17:17:34.007363,20260930_171734_c8c847,CORDOBA,3487841.0,Fondomonte South America S.A,,,,,Receptor de posición,SF7500,,,PCS75UA264012,Receptor de posición,SF-RTK,A-S00715221,Otra,No informado,2026-09-22,2027-09-23,358.0,Activo,Vigente,Operations Center,No encontrado,PCS75UA264012,A-S00715221
2026-09-30,2026-09-30 17:17:34.007363,20260930_171734_c8c847,CORDOBA,3487841.0,Fondomonte South America S.A,,,,,Receptor de posición,SF7500,,,PCS75UA266671,Receptor de posición,SF-RTK,A-S00715222,Otra,No informado,2026-09-22,2027-09-23,358.0,Activo,Vigente,Operations Center,No encontrado,PCS75UA266671,A-S00715222
2026-09-30,2026-09-30 17:17:34.007363,20260930_171734_c8c847,CORDOBA,3487841.0,Fondomonte South America S.A,,,,,Receptor de posición,SF7500,,,PCS75UA294154,Receptor de posición,SF-RTK,A-S00715223,Otra,No informado,2026-09-22,2027-09-23,358.0,Activo,Vigente,Operations Center,No encontrado,PCS75UA294154,A-S00715223
2026-09-30,2026-09-30 17:17:34.007363,20260930_171734_c8c847,CORDOBA,3487841.0,Fondomonte South America S.A,,,,,Receptor de posición,SF7500,,,PCS75UA281983,Receptor de posición,SF-RTK,A-S00715224,Otra,No informado,2026-09-22,2027-09-23,358.0,Activo,Vigente,Operations Center,No encontrado,PCS75UA281983,A-S00715224
2026-09-30,2026-09-30 17:17:34.007363,20260930_171734_c8c847,ARROYITO,3709361.0,DANIEL LAVEZZINI,Daniel Lavezzini 6190,1J06190JCND600095,6190J,Tractor,Monitor,G5 Universal,PCG5MUB176290,25.2 (10.31.3676-103),PCG5MUB176290,Monitor,Renovable esencial,A-S00621147,G5,No informado,2025-09-01,2026-09-03,-27.0,Vencido,Vencida,Operations Center,Serie de monitor,PCG5MUB176290,A-S00621147
2026-09-30,2026-09-30 17:17:34.007363,20260930_171734_c8c847,ARROYITO,3709361.0,DANIEL LAVEZZINI,Daniel Lavezzini 6190,1J06190JCND600095,6190J,Tractor,Receptores de posición,SF7500,PCS75UA144788,2.30J,PCS75UA144788,Receptor de posición,SF-RTK,A-S00635546,SF7500,No informado,2025-09-03,2026-09-05,-25.0,Vencido,Vencida,Operations Center,Serie de receptor,PCS75UA144788,A-S00635546
2026-09-30,2026-09-30 17:17:34.007363,20260930_171734_c8c847,ARROYITO,3342761.0,BAECHLIHNOSSRL,7M 230,1J07200CCS3000296,7M 200,Tractor,Monitor,G5 CommandCenter,PCG5CSC222549,25.3 (10.32.3817-138),1J07200CCS3000296,Machine,G5 Advanced - Tractor de la serie 7/8/9,A-S00628634,G5,No informado,2025-11-20,2026-11-22,53.0,Activo,Vence en 60 días,Operations Center,Serie de máquina,PCG5CSC222549,A-S00628634
2026-09-30,2026-09-30 17:17:34.007363,20260930_171734_c8c847,ARROYITO,3342761.0,BAECHLIHNOSSRL,7M 230,1J07200CCS3000296,7M 200,Tractor,Receptores de posición,SF7500,PCS75UA201512,2.40P,PCS75UA201512,Receptor de posición,SF-RTK,A-S00645082,SF7500,No informado,2025-11-20,2026-11-22,53.0,Activo,Vence en 60 días,Operations Center,Serie de receptor,PCS75UA201512,A-S00645082
2026-09-30,2026-09-30 17:17:34.007363,20260930_171734_c8c847,PILAR,2817721.0,SUBILS GABRIEL IVAN,SUBILS - Cosechadora 9750 STS,CQ9750A070232,9750 STS,Cosechadora,Monitor,G5 Universal,PCG5MUB190805,25.4 (10.35.3817-13),PCG5MUB190805,Monitor,Renovable esencial,A-S00633453,G5,No informado,2026-03-30,,,Activo,Vigente,Operations Center,Serie de monitor,PCG5MUB190805,A-S00633453
2026-09-30,2026-09-30 17:17:34.007363,20260930_171734_c8c847,PILAR,4114801.0,SOL SRL,,,,,Receptor de posición,SF7000,,,PCS17UB235430,Receptor de posición,SF-RTK,A-S00630084,Otra,No informado,2025-11-30,,,Activo,Vigente,Operations Center,No encontrado,PCS17UB235430,A-S00630084
2026-09-30,2026-09-30 17:17:34.007363,20260930_171734_c8c847,ARROYITO,2750921.0,PLAZA ARIEL GREGORIO,,,,,Receptor de posición,SF7000,,,PCS17UB207541,Receptor de posición,SF-RTK,A-S00631222,Otra,No informado,2025-11-14,2026-11-16,47.0,Activo,Vence en 60 días,Operations Center,No encontrado,PCS17UB207541,A-S00631222
2026-09-30,2026-09-30 17:17:34.007363,20260930_171734_c8c847,SANTA ROSA,3538801.0,BRUNO NANCI,JD 7815,BM7815X080333,7815,Tractor,Monitor,G5 Universal,PCG5MUB176530,25.3 (10.32.3817-94),PCG5MUB176530,Monitor,Renovable esencial,A-S00639554,G5,No informado,2026-09-20,2027-09-20,355.0,Activo,Vigente,Operations Center,Serie de monitor,PCG5MUB176530,A-S00639554
2026-09-30,2026-09-30 17:17:34.007363,20260930_171734_c8c847,SANTA ROSA,4002881.0,RIORDA RUBEN,1J0S770BET0160224,1J0S770BET0160224,S7 700,Cosechadora,Receptores de posición,SF7500 Integrated,PCG75FA243138,2.50F,PCG75FA243138,Receptor de posición,SF-RTK,A-S00645471,SF7500,No informado,,,,No activado,No activada,Operations Center,Serie de receptor,PCG75FA243138,A-S00645471
2026-09-30,2026-09-30 17:17:34.007363,20260930_171734_c8c847,SANTA ROSA,4002881.0,RIORDA RUBEN,1J0S770BET0160224,1J0S770BET0160224,S7 700,Cosechadora,Monitor,G5 CommandCenter,PCG5CSC266577,26.3 (11.3.4160-52),1J0S770BET0160224,Machine,G5 Advanced - Cosechadora,A-S00645476,G5,No informado,2026-07-02,2027-07-04,277.0,Activo,Vigente,Operations Center,Serie de máquina,PCG5CSC266577,A-S00645476
2026-09-30,2026-09-30 17:17:34.007363,20260930_171734_c8c847,OTRO,4805861.0,LEANDRO MARTIN SCHEFER,,,,,Receptor de posición,SF7000,,,PCS17UB127293,Receptor de posición,SF-RTK,A-S00614892,Otra,No informado,2025-10-30,2026-11-01,32.0,Activo,Vence en 60 días,Operations Center,No encontrado,PCS17UB127293,A-S00614892
2026-09-30,2026-09-30 17:17:34.007363,20260930_171734_c8c847,OTRO,4805861.0,LEANDRO MARTIN SCHEFER,,,,,Receptor de posición,SF7000,,,PCS17UB171739,Receptor de posición,SF-RTK,A-S00618199,Otra,No informado,2025-10-12,2026-10-14,14.0,Activo,Vence en 30 días,Operations Center,No encontrado,PCS17UB171739,A-S00618199
2026-09-30,2026-09-30 17:17:34.007363,20260930_171734_c8c847,PILAR,4172561.0,LATINIABELALBERTO,S760 LATINI,1J0S760BKS0155152,S760,Cosechadora,Monitor,G5 CommandCenter,PCG5CSB206966,25.2 (10.31.3676-103),1J0S760BKS0155152,Machine,G5 Advanced - Cosechadora,A-S00615494,G5,No informado,2025-09-15,2028-09-17,718.0,Activo,Vigente,Operations Center,Serie de máquina,PCG5CSB206966,A-S00615494
2026-09-30,2026-09-30 17:17:34.007363,20260930_171734_c8c847,PILAR,4172561.0,LATINIABELALBERTO,S760 LATINI,1J0S760BKS0155152,S760,Cosechadora,Receptores de posición,SF7500,PCS75UA201843,2.30J,PCS75UA201843,Receptor de posición,SF-RTK,A-S00637792,SF7500,No informado,2025-09-15,2028-09-17,718.0,Activo,Vigente,Operations Center,Serie de receptor,PCS75UA201843,A-S00637792
2026-09-30,2026-09-30 17:17:34.007363,20260930_171734_c8c847,CORDOBA,4899201.0,SERVICIOS AGROPECUARIOS DON CARLOS,,,,,Receptor de posición,SF7500,,,PCS75UA247485,Receptor de posición,SF-RTK,A-S00616811,Otra,No informado,2025-11-24,2026-11-26,57.0,Activo,Vence en 60 días,Operations Center,No encontrado,PCS75UA247485,A-S00616811
2026-09-30,2026-09-30 17:17:34.007363,20260930_171734_c8c847,CORDOBA,4511541.0,SOCIEDAD JSE,9770STS LUPI,1CQ9770AVD0092580,9770 STS,Cosechadora,Monitor,G5 Universal,PCG5MUB169835,25.4 (10.35.3817-9),PCG5MUB169835,Monitor,Renovable avanzada,A-S00617496,G5,No informado,2026-03-02,2027-03-04,155.0,Activo,Vigente,Operations Center,Serie de monitor,PCG5MUB169835,A-S00617496
2026-09-30,2026-09-30 17:17:34.007363,20260930_171734_c8c847,SINSACATE,4523321.0,NUEVO CENTENARIO SA,Pla 3300 p11,1YE3300CPSA009203,3300,Pulverizadora,Receptores de posición,SF7000,PCS17UB207688,6.80C,PCS17UB207688,Receptor de posición,SF-RTK,A-S00679185,SF7000,No informado,,,,Activo,Vigente,Operations Center,Serie de receptor,PCS17UB207688,A-S00679185
2026-09-30,2026-09-30 17:17:34.007363,20260930_171734_c8c847,SINSACATE,4559521.0,PER IZA SRL,1BM8250RKTS000270,1BM8250RKTS000270,8250R,Tractor,Monitor,G5 CommandCenter,PCG5CSC292137,26.3 (11.3.4160-52),1BM8250RKTS000270,Machine,G5 Advanced - Tractor de la serie 7/8/9,A-S00705727,G5,No informado,2026-09-23,2027-09-24,359.0,Activo,Vigente,Operations Center,Serie de máquina,PCG5CSC292137,A-S00705727
2026-09-30,2026-09-30 17:17:34.007363,20260930_171734_c8c847,SINSACATE,5771451.0,AGRO NORTE SS,,,,,Receptor de posición,SF7000,,,PCS17UB217760,Receptor de posición,SF-RTK,A-S00615284,Otra,No informado,,,,Activo,Vigente,Operations Center,No encontrado,PCS17UB217760,A-S00615284
2026-09-30,2026-09-30 17:17:34.007363,20260930_171734_c8c847,CORDOBA,5756883.0,Pablo Auliso,1J07230CKS3000420,1J07230CKS3000420,7M 230,Tractor,Receptores de posición,SF7500,PCS75UA201219,2.40P,PCS75UA201219,Receptor de posición,SF-RTK,A-S00632677,SF7500,No informado,2025-10-13,2026-10-15,15.0,Activo,Vence en 30 días,Operations Center,Serie de receptor,PCS75UA201219,A-S00632677
2026-09-30,2026-09-30 17:17:34.007363,20260930_171734_c8c847,CORDOBA,5756883.0,Pablo Auliso,1J07230CKS3000420,1J07230CKS3000420,7M 230,Tractor,Monitor,G5 CommandCenter,PCG5CSC228999,25.3 (10.32.3817-138),1J07230CKS3000420,Machine,G5 Advanced - Tractor de la serie 7/8/9,A-S00639087,G5,No informado,2025-10-13,2026-10-15,15.0,Activo,Vence en 30 días,Operations Center,Serie de máquina,PCG5CSC228999,A-S00639087
2026-09-30,2026-09-30 17:17:34.007363,20260930_171734_c8c847,ARROYITO,5430201.0,MAGNANO MARTIN,1J07230CER3000227,1J07230CER3000227,7M 230,Tractor,Receptores de posición,SF7500,PCS75UA154556,2.40P,PCS75UA154556,Receptor de posición,SF-RTK,A-S00618186,SF7500,No informado,2025-11-20,2026-11-22,53.0,Activo,Vence en 60 días,Operations Center,Serie de receptor,PCS75UA154556,A-S00618186
2026-09-30,2026-09-30 17:17:34.007363,20260930_171734_c8c847,PILAR,5794092.0,GABRIEL OSCAR CIRIACI,1CQ9770AJE0092657,1CQ9770AJE0092657,9770 STS,Cosechadora,Monitor,G5 Universal,PCG5MUB166808,25.2 (10.31.3676-103),PCG5MUB166808,Monitor,Renovable avanzada,A-S00640536,G5,No informado,2025-11-04,2026-11-06,37.0,Activo,Vence en 60 días,Operations Center,Serie de monitor,PCG5MUB166808,A-S00640536
2026-09-30,2026-09-30 17:17:34.007363,20260930_171734_c8c847,SINSACATE,5763927.0,AGRO VISINTIN SOCIEDAD SIMPLE,RW7630R010569,RW7630R010569,7630,Tractor,Monitor,G5 Universal,PCG5MUB192343,26.3 (11.3.4160-40),PCG5MUB192343,Monitor,Renovable esencial,A-S00621941,G5,No informado,2026-09-15,2027-09-15,350.0,Activo,Vigente,Operations Center,Serie de monitor,PCG5MUB192343,A-S00621941
2026-09-30,2026-09-30 17:17:34.007363,20260930_171734_c8c847,SINSACATE,5763927.0,AGRO VISINTIN SOCIEDAD SIMPLE,,,,,Receptor de posición,SF7500,,,PCS75UA280885,Receptor de posición,SF-RTK,A-S00708450,Otra,No informado,2026-09-15,2027-09-16,351.0,Activo,Vigente,Operations Center,No encontrado,PCS75UA280885,A-S00708450
2026-09-30,2026-09-30 17:17:34.007363,20260930_171734_c8c847,ARROYITO,5768115.0,PANERO DANIEL,1J07230CJS3000533,1J07230CJS3000533,7M 230,Tractor,Receptores de posición,SF7500,PCS75UA237983,2.50F,PCS75UA237983,Receptor de posición,SF-RTK,A-S00624504,SF7500,No informado,2025-11-20,2026-11-22,53.0,Activo,Vence en 60 días,Operations Center,Serie de receptor,PCS75UA237983,A-S00624504
2026-09-30,2026-09-30 17:17:34.007363,20260930_171734_c8c847,ARROYITO,5768115.0,PANERO DANIEL,1J07230CJS3000533,1J07230CJS3000533,7M 230,Tractor,Monitor,G5 CommandCenter,PCG5CSC224052,26.3 (11.3.4160-40),1J07230CJS3000533,Machine,G5 Advanced - Tractor de la serie 7/8/9,A-S00629453,G5,No informado,2025-11-20,2026-11-22,53.0,Activo,Vence en 60 días,Operations Center,Serie de máquina,PCG5CSC224052,A-S00629453
2026-09-30,2026-09-30 17:17:34.007363,20260930_171734_c8c847,PILAR,5782824.0,DRUETTA EMILIO ENRIQUE,1J07200CTR3000181,1J07200CTR3000181,7M 200,Tractor,Receptores de posición,SF7500,PCS75UA146710,2.22C,PCS75UA146710,Receptor de posición,SF-RTK,A-S00638307,SF7500,No informado,2025-11-24,2026-11-26,57.0,Activo,Vence en 60 días,Operations Center,Serie de receptor,PCS75UA146710,A-S00638307
2026-09-30,2026-09-30 17:17:34.007363,20260930_171734_c8c847,PILAR,5784058.0,Lucas Gribaudo,7210J,1BM7210JEGH001639,7210J,Tractor,Monitor,G5 Universal,PCG5MUB176365,24-2 (10.29.3422-101),PCG5MUB176365,Monitor,Renovable esencial,A-S00630086,G5,No informado,2025-07-16,2026-07-18,-74.0,Vencido,Vencida,Operations Center,Serie de monitor,PCG5MUB176365,A-S00630086
2026-09-30,2026-09-30 17:17:34.007363,20260930_171734_c8c847,PILAR,5784058.0,Lucas Gribaudo,7210J,1BM7210JEGH001639,7210J,Tractor,Receptores de posición,SF7500,PCS75UA142821,2.30J,PCS75UA142821,Receptor de posición,SF-RTK - Demostración,A-S00630746,SF7500,No informado,2026-05-25,2026-06-27,-95.0,Vencido,Vencida,Operations Center,Serie de receptor,PCS75UA142821,A-S00630746
2026-09-30,2026-09-30 17:17:34.007363,20260930_171734_c8c847,CORDOBA,5539761.0,Conci,,,,,,,,,,,Renovable esencial,A-S00696188,Otra,No informado,,2026-09-07,-23.0,Cancelada,Cancelada,Operations Center,Sin serie asignada,,A-S00696188
2026-09-30,2026-09-30 17:17:34.007363,20260930_171734_c8c847,PILAR,5897153.0,BONETTO ANGEL TOMAS Y BONETTO GERARDO ARIEL SH,7200M Bonetto,1J07200CHR3000144,7M 200,Tractor,Receptores de posición,SF7000,PCS17UB242203,6.80C,PCS17UB242203,Receptor de posición,SF-RTK,A-S00639269,SF7000,No informado,2025-09-17,2026-09-19,-11.0,Vencido,Vencida,Operations Center,Serie de receptor,PCS17UB242203,A-S00639269
2026-09-30,2026-09-30 17:17:34.007363,20260930_171734_c8c847,PILAR,5897153.0,BONETTO ANGEL TOMAS Y BONETTO GERARDO ARIEL SH,7200M Bonetto,1J07200CHR3000144,7M 200,Tractor,Monitor,G5 CommandCenter,PCG5CSA124643,25.2 (10.31.3676-103),1J07200CHR3000144,Machine,G5 Advanced - Tractor de la serie 7/8/9,A-S00640848,G5,No informado,,2026-06-16,-106.0,Cancelada,Cancelada,Operations Center,Serie de máquina,PCG5CSA124643,A-S00640848
2026-09-30,2026-09-30 17:17:34.007363,20260930_171734_c8c847,PILAR,5833877.0,SUBILS ROBERTO FRANCISCO,7200J,1J07200JVRD000701,7200J,Tractor,Receptores de posición,SF7000,PCS17UB201654,6.75B,PCS17UB201654,Receptor de posición,SF-RTK,A-S00616306,SF7000,No informado,,,,Activo,Vigente,Operations Center,Serie de receptor,PCS17UB201654,A-S00616306
2026-09-30,2026-09-30 17:17:34.007363,20260930_171734_c8c847,ARROYITO,5902984.0,Camisassa Elio y Eder SH,7M230,1J07230CCS3000548,7M 230,Tractor,Receptores de posición,SF7500,PCS75UA210840,2.20N,PCS75UA210840,Receptor de posición,SF-RTK,A-S00627946,SF7500,No informado,2026-09-02,2027-09-02,337.0,Activo,Vigente,Operations Center,Serie de receptor,PCS75UA210840,A-S00627946
2026-09-30,2026-09-30 17:17:34.007363,20260930_171734_c8c847,ARROYITO,5902984.0,Camisassa Elio y Eder SH,7M230,1J07230CCS3000548,7M 230,Tractor,Monitor,G5 CommandCenter,PCG5CSC224206,26.3 (11.3.4160-52),1J07230CCS3000548,Machine,G5 Advanced - Tractor de la serie 7/8/9,A-S00638621,G5,No informado,2026-09-02,2027-09-02,337.0,Activo,Vigente,Operations Center,Serie de máquina,PCG5CSC224206,A-S00638621
2026-09-30,2026-09-30 17:17:34.007363,20260930_171734_c8c847,ARROYITO,5917037.0,FAVARO SERVICIOS AGROPECUARIOS SRL,1BM8270RPSS101494,1BM8270RPSS101494,8270R,Tractor,Receptores de posición,SF7000,PCS17UB167991,6.80C,PCS17UB167991,Receptor de posición,SF-RTK,A-S00624416,SF7000,No informado,2025-07-20,2026-07-22,-70.0,Vencido,Vencida,Operations Center,Serie de receptor,PCS17UB167991,A-S00624416
2026-09-30,2026-09-30 17:17:34.007363,20260930_171734_c8c847,ARROYITO,5917037.0,FAVARO SERVICIOS AGROPECUARIOS SRL,1BM8270RPSS101494,1BM8270RPSS101494,8270R,Tractor,Monitor,G5 CommandCenter,PCG5CSC227201,24-2 (10.29.3422-101),1BM8270RPSS101494,Machine,G5 Advanced - Tractor de la serie 7/8/9,A-S00643386,G5,No informado,2025-07-25,2026-07-27,-65.0,Vencido,Vencida,Operations Center,Serie de máquina,PCG5CSC227201,A-S00643386
2026-09-30,2026-09-30 17:17:34.007363,20260930_171734_c8c847,ARROYITO,5917037.0,FAVARO SERVICIOS AGROPECUARIOS SRL,1BM8270RPSS101494,1BM8270RPSS101494,8270R,Tractor,Receptores de posición,SF7000,PCS17UB167991,6.80C,PCS17UB167991,Receptor de posición,SF-RTK,A-S00680781,SF7000,No informado,,,,Activo,Vigente,Operations Center,Serie de receptor,PCS17UB167991,A-S00680781
2026-09-30,2026-09-30 17:17:34.007363,20260930_171734_c8c847,PILAR,5891933.0,AGRO CESAR SAS,6190J,1J06190JLRD600317,6190J,Tractor,Receptores de posición,SF7000,PCS17UB235334,6.75B,PCS17UB235334,Receptor de posición,SF-RTK,A-S00620635,SF7000,No informado,2025-09-09,2026-09-11,-19.0,Vencido,Vencida,Operations Center,Serie de receptor,PCS17UB235334,A-S00620635
2026-09-30,2026-09-30 17:17:34.007363,20260930_171734_c8c847,PILAR,5904804.0,FRANCIONIDIEGOERNESTO,S760 Francioni,1J0S760BTP0150120,S760,Cosechadora,Monitor,G5 CommandCenter,PCG5CSA116521,25.1 (10.30.3567-72),1J0S760BTP0150120,Machine,G5 Advanced - Cosechadora,A-S00627974,G5,No informado,2024-10-28,2027-10-30,395.0,Activo,Vigente,Operations Center,Serie de máquina,PCG5CSA116521,A-S00627974
2026-09-30,2026-09-30 17:17:34.007363,20260930_171734_c8c847,PILAR,5870881.0,NADIN BADUY,7200M,1J07200CTR3000116,7M 200,Tractor,Receptores de posición,SF7000,PCS17UB235687,6.75B,PCS17UB235687,Receptor de posición,SF-RTK,A-S00629212,SF7000,No informado,,,,Activo,Vigente,Operations Center,Serie de receptor,PCS17UB235687,A-S00629212
2026-09-30,2026-09-30 17:17:34.007363,20260930_171734_c8c847,OTRO,5835573.0,YERUTI SA,,,,,Monitor,G5Plus Universal,,,PCG5PUB192583,Monitor,Renovable esencial,A-S00625390,Otra,No informado,2026-09-08,2027-09-08,343.0,Activo,Vigente,Operations Center,No encontrado,PCG5PUB192583,A-S00625390
2026-09-30,2026-09-30 17:17:34.007363,20260930_171734_c8c847,SINSACATE,5903561.0,ÑAÑEZ RICARDO FABIAN,1RW8260RCCP054983,1RW8260RCCP054983,8260R,Tractor,Receptores de posición,SF7000,PCS17UB213229,6.75B,PCS17UB213229,Receptor de posición,SF-RTK,A-S00637348,SF7000,No informado,2026-09-18,2027-09-18,353.0,Activo,Vigente,Operations Center,Serie de receptor,PCS17UB213229,A-S00637348
2026-09-30,2026-09-30 17:17:34.007363,20260930_171734_c8c847,PILAR,5827074.0,NOVELLA ALEJANDRO ANDRES Y FABIAN CARLOS SH,9670 STS N°3,1CQ9670AKB0091182,9670 STS,Cosechadora,Monitor,G5 Universal,PCG5MUB187536,25.4 (10.35.3817-13),PCG5MUB187536,Monitor,Renovable esencial,A-S00644989,G5,No informado,,,,Activo,Vigente,Operations Center,Serie de monitor,PCG5MUB187536,A-S00644989
2026-09-30,2026-09-30 17:17:34.007363,20260930_171734_c8c847,ARROYITO,5939853.0,Alejandro Rubiano,J 7200,1J07200CTS3000316,7M 200,Tractor,Monitor,G5 CommandCenter,PCG5CSC222745,26.3 (11.3.4160-40),1J07200CTS3000316,Machine,G5 Advanced - Tractor de la serie 7/8/9,A-S00615519,G5,No informado,2026-05-12,2027-05-14,226.0,Activo,Vigente,Operations Center,Serie de máquina,PCG5CSC222745,A-S00615519
2026-09-30,2026-09-30 17:17:34.007363,20260930_171734_c8c847,ARROYITO,5939853.0,Alejandro Rubiano,,,,,Receptor de posición,SF7500,,,PCS75UA202973,Receptor de posición,SF-RTK,A-S00629747,Otra,No informado,2026-05-12,2027-05-14,226.0,Activo,Vigente,Operations Center,No encontrado,PCS75UA202973,A-S00629747
2026-09-30,2026-09-30 17:17:34.007363,20260930_171734_c8c847,,6011314.0,Hernan Hector Giordano,1J07230CVS3000566,1J07230CVS3000566,7M 230,Tractor,Receptores de posición,SF7500,PCS75UA242476,2.50F,PCS75UA242476,Receptor de posición,SF-RTK,A-S00620254,SF7500,No informado,2026-07-15,2027-07-15,288.0,Activo,Vigente,Operations Center,Serie de receptor,PCS75UA242476,A-S00620254
2026-09-30,2026-09-30 17:17:34.007363,20260930_171734_c8c847,,6011314.0,Hernan Hector Giordano,1J07230CVS3000566,1J07230CVS3000566,7M 230,Tractor,Monitor,G5 CommandCenter,PCG5CSC238768,26.3 (11.3.4160-40),1J07230CVS3000566,Machine,G5 Advanced - Tractor de la serie 7/8/9,A-S00640459,G5,No informado,2026-07-15,2027-07-15,288.0,Activo,Vigente,Operations Center,Serie de máquina,PCG5CSC238768,A-S00640459
2026-09-30,2026-09-30 17:17:34.007363,20260930_171734_c8c847,,6011314.0,Hernan Hector Giordano,1J07230CVR3000304,1J07230CVR3000304,7M 230,Tractor,Receptores de posición,SF7500,PCS75UA195557,2.50F,PCS75UA195557,Receptor de posición,SF-RTK,A-S00642241,SF7500,No informado,2026-05-21,2027-05-23,235.0,Activo,Vigente,Operations Center,Serie de receptor,PCS75UA195557,A-S00642241
2026-09-30,2026-09-30 17:17:34.007363,20260930_171734_c8c847,,6011314.0,Hernan Hector Giordano,1J07230CVR3000304,1J07230CVR3000304,7M 230,Tractor,Monitor,G5 CommandCenter,PCG5CSB199040,26.3 (11.3.4160-52),1J07230CVR3000304,Machine,G5 Advanced - Tractor de la serie 7/8/9,A-S00702549,G5,No informado,2026-09-08,2027-09-09,344.0,Activo,Vigente,Operations Center,Serie de máquina,PCG5CSB199040,A-S00702549
2026-09-30,2026-09-30 17:17:34.007363,20260930_171734_c8c847,SINSACATE,5942236.0,Nery Eugenio Cardarelli,1BM8270RCHP100015,1BM8270RCHP100015,8270R,Tractor,Receptores de posición,SF7500,PCS75UA158243,2.50F,PCS75UA158243,Receptor de posición,SF-RTK,A-S00621203,SF7500,No informado,2025-11-24,2026-11-26,57.0,Activo,Vence en 60 días,Operations Center,Serie de receptor,PCS75UA158243,A-S00621203
2026-09-30,2026-09-30 17:17:34.007363,20260930_171734_c8c847,,6015337.0,SANTIAGO DOMINGO MARACCI,1J07200CAS3000230,1J07200CAS3000230,7M 200,Tractor,Monitor,G5 CommandCenter,PCG5CSB181986,26.3 (11.3.4160-52),1J07200CAS3000230,Machine,G5 Advanced - Tractor de la serie 7/8/9,A-S00717744,G5,No informado,2026-09-23,2027-09-24,359.0,Activo,Vigente,Operations Center,Serie de máquina,PCG5CSB181986,A-S00717744
2026-09-30,2026-09-30 17:17:34.007363,20260930_171734_c8c847,,6015337.0,SANTIAGO DOMINGO MARACCI,1J07200CAS3000230,1J07200CAS3000230,7M 200,Tractor,Receptores de posición,SF7500,PCS75UA169535,2.30J,PCS75UA169535,Receptor de posición,SF-RTK,A-S00717745,SF7500,No informado,2026-09-23,2027-09-24,359.0,Activo,Vigente,Operations Center,Serie de receptor,PCS75UA169535,A-S00717745
2026-09-30,2026-09-30 17:17:34.007363,20260930_171734_c8c847,PILAR,5934334.0,SCELSOMARCELOFEDERICO,,,,,Receptor de posición,SF7000,,,PCS17UB167956,Receptor de posición,SF-RTK,A-S00630082,Otra,No informado,2025-11-19,2026-11-21,52.0,Activo,Vence en 60 días,Operations Center,No encontrado,PCS17UB167956,A-S00630082
2026-09-30,2026-09-30 17:17:34.007363,20260930_171734_c8c847,ARROYITO,5926204.0,GONZALO RICORDI,7930,RW7930R005905,7930,Tractor,Monitor,G5 Universal,PCG5MUB190858,25.4 (10.35.3817-13),PCG5MUB190858,Monitor,Renovable esencial,A-S00645031,G5,No informado,2026-05-18,2027-05-20,232.0,Activo,Vigente,Operations Center,Serie de monitor,PCG5MUB190858,A-S00645031
2026-09-30,2026-09-30 17:17:34.007363,20260930_171734_c8c847,PILAR,6174982.0,ME&GRA.BALEGNO S.R.L.,6190M Fede Urquiza,1BM6190MAS3001293,6190M,Tractor,Receptores de posición,SF7500,PCS75UA237620,2.40P,PCS75UA237620,Receptor de posición,SF-RTK,A-S00635538,SF7500,No informado,2025-11-12,2026-11-14,45.0,Activo,Vence en 60 días,Operations Center,Serie de receptor,PCS75UA237620,A-S00635538
2026-09-30,2026-09-30 17:17:34.007363,20260930_171734_c8c847,,6180608.0,MAIDANA HERNAN,,,,,Receptor de posición,SF7500,,,PCS75UA234298,Receptor de posición,SF-RTK,A-S00614769,Otra,No informado,2025-11-30,,,Activo,Vigente,Operations Center,No encontrado,PCS75UA234298,A-S00614769
2026-09-30,2026-09-30 17:17:34.007363,20260930_171734_c8c847,,6180608.0,MAIDANA HERNAN,1H0S660SHC0746695,1H0S660SHC0746695,S660,Cosechadora,Monitor,G5 Universal,PCG5MUB181959,25.2 (10.31.3676-103),PCG5MUB181959,Monitor,Renovable esencial,A-S00623385,G5,No informado,,,,Activo,Vigente,Operations Center,Serie de monitor,PCG5MUB181959,A-S00623385
2026-09-30,2026-09-30 17:17:34.007363,20260930_171734_c8c847,,6180608.0,MAIDANA HERNAN,1H0S660SHC0746695,1H0S660SHC0746695,S660,Cosechadora,Receptores de posición,SF7500,PCS75UA148144,2.20N,PCS75UA148144,Receptor de posición,SF-RTK,A-S00711025,SF7500,No informado,2026-09-17,2027-09-18,353.0,Activo,Vigente,Operations Center,Serie de receptor,PCS75UA148144,A-S00711025
2026-09-30,2026-09-30 17:17:34.007363,20260930_171734_c8c847,,6179304.0,Santa Teresa S.C,,,,,Monitor,G5 Universal,,,PCG5MUB170923,Monitor,Renovable esencial,A-S00635030,Otra,No informado,2025-10-15,2026-10-17,17.0,Activo,Vence en 30 días,Operations Center,No encontrado,PCG5MUB170923,A-S00635030
2026-09-30,2026-09-30 17:17:34.007363,20260930_171734_c8c847,ARROYITO,6090800.0,Sildaria SA,7M230,1J07230CJS3000354,7M 230,Tractor,Receptores de posición,SF7500,PCS75UA181275,2.70F,PCS75UA181275,Receptor de posición,SF-RTK,A-S00617126,SF7500,No informado,2025-09-09,2026-09-11,-19.0,Vencido,Vencida,Operations Center,Serie de receptor,PCS75UA181275,A-S00617126
2026-09-30,2026-09-30 17:17:34.007363,20260930_171734_c8c847,ARROYITO,6090800.0,Sildaria SA,7M230,1J07230CJS3000354,7M 230,Tractor,Monitor,G5 CommandCenter,PCG5CSB205705,26.3 (11.3.4160-52),1J07230CJS3000354,Machine,G5 Advanced - Tractor de la serie 7/8/9,A-S00638021,G5,No informado,2025-09-09,2026-09-11,-19.0,Vencido,Vencida,Operations Center,Serie de máquina,PCG5CSB205705,A-S00638021
2026-09-30,2026-09-30 17:17:34.007363,20260930_171734_c8c847,SANTA ROSA,6179263.0,TABARES VICTOR,8R 250 N°2 (GALICIA),1BM8250RTSS000166,8250R,Tractor,Receptores de posición,SF7500,PCS75UA238265,2.30J,PCS75UA238265,Receptor de posición,SF-RTK,A-S00622074,SF7500,No informado,,,,Activo,Vigente,Operations Center,Serie de receptor,PCS75UA238265,A-S00622074
2026-09-30,2026-09-30 17:17:34.007363,20260930_171734_c8c847,SANTA ROSA,6179263.0,TABARES VICTOR,8R 250 N°2 (GALICIA),1BM8250RTSS000166,8250R,Tractor,Monitor,G5 CommandCenter,PCG5CSC242662,25.3 (10.32.3817-138),1BM8250RTSS000166,Machine,G5 Advanced - Tractor de la serie 7/8/9,A-S00634722,G5,No informado,,,,Activo,Vigente,Operations Center,Serie de máquina,PCG5CSC242662,A-S00634722
2026-09-30,2026-09-30 17:17:34.007363,20260930_171734_c8c847,SANTA ROSA,6179263.0,TABARES VICTOR,8R 250  °1 (BNA),1BM8250RCSS000165,8250R,Tractor,Receptores de posición,SF7500,PCS75UA242348,2.40P,PCS75UA242348,Receptor de posición,SF-RTK,A-S00635571,SF7500,No informado,2025-11-18,2026-11-20,51.0,Activo,Vence en 60 días,Operations Center,Serie de receptor,PCS75UA242348,A-S00635571
2026-09-30,2026-09-30 17:17:34.007363,20260930_171734_c8c847,SANTA ROSA,6179263.0,TABARES VICTOR,8R 250  °1 (BNA),1BM8250RCSS000165,8250R,Tractor,Monitor,G5 CommandCenter,PCG5CSC242691,25.2 (10.31.3676-103),1BM8250RCSS000165,Machine,G5 Advanced - Tractor de la serie 7/8/9,A-S00636592,G5,No informado,2025-11-18,2026-11-20,51.0,Activo,Vence en 60 días,Operations Center,Serie de máquina,PCG5CSC242691,A-S00636592
2026-09-30,2026-09-30 17:17:34.007363,20260930_171734_c8c847,,6144650.0,CervettiM,8250R,1BM8250RKSS000154,8250R,Tractor,Monitor,G5 CommandCenter,PCG5CSC238633,25.4 (10.35.3817-13),1BM8250RKSS000154,Machine,G5 Advanced - Tractor de la serie 7/8/9,A-S00632890,G5,No informado,2025-10-01,2026-10-03,3.0,Activo,Vence en 30 días,Operations Center,Serie de máquina,PCG5CSC238633,A-S00632890
2026-09-30,2026-09-30 17:17:34.007363,20260930_171734_c8c847,,6144650.0,CervettiM,8250R,1BM8250RKSS000154,8250R,Tractor,Receptores de posición,SF7500,PCS75UA241545,2.40P,PCS75UA241545,Receptor de posición,SF-RTK,A-S00644635,SF7500,No informado,2025-10-01,2026-10-03,3.0,Activo,Vence en 30 días,Operations Center,Serie de receptor,PCS75UA241545,A-S00644635
2026-09-30,2026-09-30 17:17:34.007363,20260930_171734_c8c847,PILAR,6067035.0,ADRIAN MALDONADO ,9670STS Adrian Maldonado,1CQ9670AED0092183,9670 STS,Cosechadora,Monitor,G5 Universal,PCG5MUB188435,25.4 (10.35.3817-13),PCG5MUB188435,Monitor,Renovable esencial,A-S00642180,G5,No informado,2026-03-29,2027-03-31,182.0,Activo,Vigente,Operations Center,Serie de monitor,PCG5MUB188435,A-S00642180
2026-09-30,2026-09-30 17:17:34.007363,20260930_171734_c8c847,ARROYITO,6095015.0,La Pancha SRL,1J06150JKND600037,1J06150JKND600037,6150J,Tractor,Monitor,G5 Universal,PCG5MUB169936,25.2 (10.31.3676-98),PCG5MUB169936,Monitor,Renovable esencial,A-S00618556,G5,No informado,2026-05-18,2027-05-20,232.0,Activo,Vigente,Operations Center,Serie de monitor,PCG5MUB169936,A-S00618556
2026-09-30,2026-09-30 17:17:34.007363,20260930_171734_c8c847,,6174748.0,RAMOS AGUSTIN FELIPE,,,,,Receptor de posición,SF7500,,,PCS75UA195212,Receptor de posición,SF-RTK,A-S00640660,Otra,No informado,2025-11-12,2026-11-14,45.0,Activo,Vence en 60 días,Operations Center,No encontrado,PCS75UA195212,A-S00640660
2026-09-30,2026-09-30 17:17:34.007363,20260930_171734_c8c847,,6147639.0,BATATAS GOLD SAS,,,,,Monitor,G5 Universal,,,PCG5MUB178617,Monitor,Renovable esencial,A-S00624817,Otra,No informado,2025-10-12,2026-10-14,14.0,Activo,Vence en 30 días,Operations Center,No encontrado,PCG5MUB178617,A-S00624817
2026-09-30,2026-09-30 17:17:34.007363,20260930_171734_c8c847,PILAR,6145820.0,GERMAN RODOLFO ALESSO,7230M Alesso,1J07230CPS3000528,7M 230,Tractor,Monitor,G5 CommandCenter,PCG5CSC234846,26.3 (11.3.4160-40),1J07230CPS3000528,Machine,G5 Advanced - Tractor de la serie 7/8/9,A-S00625735,G5,No informado,2025-10-12,2026-10-14,14.0,Activo,Vence en 30 días,Operations Center,Serie de máquina,PCG5CSC234846,A-S00625735
2026-09-30,2026-09-30 17:17:34.007363,20260930_171734_c8c847,PILAR,6145820.0,GERMAN RODOLFO ALESSO,7230M Alesso,1J07230CPS3000528,7M 230,Tractor,Receptores de posición,SF7500,PCS75UA233024,2.40P,PCS75UA233024,Receptor de posición,SF-RTK,A-S00642735,SF7500,No informado,2025-10-13,2026-10-15,15.0,Activo,Vence en 30 días,Operations Center,Serie de receptor,PCS75UA233024,A-S00642735
2026-09-30,2026-09-30 17:17:34.007363,20260930_171734_c8c847,PILAR,6116440.0,ARNAUDO AMERICO,S770 ARNAUDO,1J0S770BPS0155205,S770,Cosechadora,Monitor,G5 CommandCenter,PCG5CSB206962,26.3 (11.3.4160-40),1J0S770BPS0155205,Machine,G5 Advanced - Cosechadora,A-S00632360,G5,No informado,2025-09-14,2028-09-16,717.0,Activo,Vigente,Operations Center,Serie de máquina,PCG5CSB206962,A-S00632360
2026-09-30,2026-09-30 17:17:34.007363,20260930_171734_c8c847,PILAR,6116440.0,ARNAUDO AMERICO,S770 ARNAUDO,1J0S770BPS0155205,S770,Cosechadora,Receptores de posición,SF7500,PCS75UA200048,2.50F,PCS75UA200048,Receptor de posición,SF-RTK,A-S00639226,SF7500,No informado,2025-09-14,2028-09-16,717.0,Activo,Vigente,Operations Center,Serie de receptor,PCS75UA200048,A-S00639226
2026-09-30,2026-09-30 17:17:34.007363,20260930_171734_c8c847,ARROYITO,6175099.0,GIOVANNINI JAIRO,,,,,Monitor,G5Plus Universal,,,PCG5PUB184748,Monitor,Renovable avanzada,A-S00638302,Otra,No informado,2025-11-13,2026-11-15,46.0,Activo,Vence en 60 días,Operations Center,No encontrado,PCG5PUB184748,A-S00638302
2026-09-30,2026-09-30 17:17:34.007363,20260930_171734_c8c847,SINSACATE,6142645.0,BFF GESTION DE NEGOCIOS SRL,CQ9750A070182,CQ9750A070182,9750 STS,Cosechadora,Monitor,G5Plus Universal,PCG5PUB190451,25.4 (10.35.3817-13),PCG5PUB190451,Monitor,Renovable esencial,A-S00624499,G5,No informado,2025-09-29,2026-10-01,1.0,Activo,Vence en 30 días,Operations Center,Serie de monitor,PCG5PUB190451,A-S00624499
2026-09-30,2026-09-30 17:17:34.007363,20260930_171734_c8c847,SINSACATE,6142645.0,BFF GESTION DE NEGOCIOS SRL,,,,,,,,,,,Renovable esencial,A-S00630241,Otra,No informado,,,,No activado,No activada,Operations Center,Sin serie asignada,,A-S00630241
2026-09-30,2026-09-30 17:17:34.007363,20260930_171734_c8c847,ARROYITO,6093896.0,VALOR VERDE SAS,J6170,1J06170JEMD000302,6170J,Tractor,Monitor,G5 Universal,PCG5MUB169310,25.2 (10.31.3676-103),PCG5MUB169310,Monitor,Renovable avanzada,A-S00639242,G5,No informado,2025-07-29,2026-07-31,-61.0,Vencido,Vencida,Operations Center,Serie de monitor,PCG5MUB169310,A-S00639242
2026-09-30,2026-09-30 17:17:34.007363,20260930_171734_c8c847,ARROYITO,6093896.0,VALOR VERDE SAS,J6170,1J06170JEMD000302,6170J,Tractor,Monitor,G5 Universal,PCG5MUB169310,25.2 (10.31.3676-103),PCG5MUB169310,Monitor,Renovable esencial,A-S00705656,G5,No informado,2026-09-13,2027-09-14,349.0,Activo,Vigente,Operations Center,Serie de monitor,PCG5MUB169310,A-S00705656
2026-09-30,2026-09-30 17:17:34.007363,20260930_171734_c8c847,,6178438.0,PECORARI JUAN ALEJANDRO,RW7630R005444,RW7630R005444,7630,Tractor,Monitor,G5 Universal,PCG5MUB186352,25.3 (10.32.3817-138),PCG5MUB186352,Monitor,Renovable esencial,A-S00628116,G5,No informado,2025-11-27,2026-11-29,60.0,Activo,Vence en 60 días,Operations Center,Serie de monitor,PCG5MUB186352,A-S00628116
2026-09-30,2026-09-30 17:17:34.007363,20260930_171734_c8c847,,6119605.0,Bruno Ramos,,,,,Monitor,G5 Universal,,,PCG5MUB170048,Monitor,Renovable esencial,A-S00721071,Otra,No informado,2026-09-28,2027-09-29,364.0,Activo,Vigente,Operations Center,No encontrado,PCG5MUB170048,A-S00721071
2026-09-30,2026-09-30 17:17:34.007363,20260930_171734_c8c847,SANTA ROSA,6059892.0,FLAVIO ELIAN TERNAVACIO,PF6L913,PF6L913,OTHER,Pulverizadora,Monitor,G5Plus Universal,PCG5PUB190636,25.2 (10.31.3676-103),PCG5PUB190636,Monitor,Renovable esencial,A-S00639219,G5,No informado,2025-09-22,2026-09-24,-6.0,Vencido,Vencida,Operations Center,Serie de monitor,PCG5PUB190636,A-S00639219
2026-09-30,2026-09-30 17:17:34.007363,20260930_171734_c8c847,SANTA ROSA,6059892.0,FLAVIO ELIAN TERNAVACIO,PF6L913,PF6L913,OTHER,Pulverizadora,Monitor,G5Plus Universal,PCG5PUB190636,25.2 (10.31.3676-103),PCG5PUB190636,Monitor,Renovable esencial,A-S00698608,G5,No informado,2026-09-02,2027-09-03,338.0,Activo,Vigente,Operations Center,Serie de monitor,PCG5PUB190636,A-S00698608
2026-09-30,2026-09-30 17:17:34.007363,20260930_171734_c8c847,ARROYITO,6187951.0,MIRETTI RODOLFO,J 7200,1J07200JEKD000161,7200J,Tractor,Monitor,G5 Universal,PCG5MUB189115,25.4 (10.35.3817-13),PCG5MUB189115,Monitor,Renovable esencial,A-S00632401,G5,No informado,,,,Activo,Vigente,Operations Center,Serie de monitor,PCG5MUB189115,A-S00632401
2026-09-30,2026-09-30 17:17:34.007363,20260930_171734_c8c847,ARROYITO,6187951.0,MIRETTI RODOLFO,J 7200,1J07200JEKD000161,7200J,Tractor,Receptores de posición,SF7500,PCS75UA256672,2.40P,PCS75UA256672,Receptor de posición,SF-RTK,A-S00716522,SF7500,No informado,2026-09-23,2027-09-24,359.0,Activo,Vigente,Operations Center,Serie de receptor,PCS75UA256672,A-S00716522
2026-09-30,2026-09-30 17:17:34.007363,20260930_171734_c8c847,ARROYITO,6094196.0,Francisca Carlos,,,,,,,,,,,Renovable esencial,A-S00685732,Otra,No informado,,,,Cancelada,Cancelada,Operations Center,Sin serie asignada,,A-S00685732
2026-09-30,2026-09-30 17:17:34.007363,20260930_171734_c8c847,ARROYITO,6094196.0,Francisca Carlos,6170J,1J06170JEHD000113,6170J,Tractor,Monitor,G5 Universal,PCG5MUB169755,25.2 (10.31.3676-103),PCG5MUB169755,Monitor,Renovable esencial,A-S00688270,G5,No informado,,,,Activo,Vigente,Operations Center,Serie de monitor,PCG5MUB169755,A-S00688270
2026-09-30,2026-09-30 17:17:34.007363,20260930_171734_c8c847,PILAR,6186427.0,LAMBERTI EDUARDO JOSE,7515,CQ7515A035691,7515,Tractor,Monitor,G5 Universal,PCG5MUB188457,25.3 (10.32.3817-138),PCG5MUB188457,Monitor,Renovable esencial,A-S00643549,G5,No informado,,,,Activo,Vigente,Operations Center,Serie de monitor,PCG5MUB188457,A-S00643549
2026-09-30,2026-09-30 17:17:34.007363,20260930_171734_c8c847,,7259925.0,RENOVALES GROUP,9650 sts RGS,CQ9650A060013,9650 STS,Cosechadora,Monitor,G5 Universal,PCG5MUB194444,25.4 (10.35.3817-13),PCG5MUB194444,Monitor,Renovable esencial,A-S00615348,G5,No informado,2026-03-17,2027-03-19,170.0,Activo,Vigente,Operations Center,Serie de monitor,PCG5MUB194444,A-S00615348
2026-09-30,2026-09-30 17:17:34.007363,20260930_171734_c8c847,,7259925.0,RENOVALES GROUP,8R250 CINCO MARIAS,1BM8250RPSS000184,8250R,Tractor,Monitor,G5 CommandCenter,PCG5CSC245064,25.4 (10.35.3817-13),1BM8250RPSS000184,Machine,G5 Advanced - Tractor de la serie 7/8/9,A-S00637031,G5,No informado,2026-05-13,2027-05-15,227.0,Activo,Vigente,Operations Center,Serie de máquina,PCG5CSC245064,A-S00637031
2026-09-30,2026-09-30 17:17:34.007363,20260930_171734_c8c847,,7259925.0,RENOVALES GROUP,8R250 CINCO MARIAS,1BM8250RPSS000184,8250R,Tractor,Receptores de posición,SF7500,PCS75UA248635,2.50F,PCS75UA248635,Receptor de posición,SF-RTK,A-S00641645,SF7500,No informado,2026-05-13,2027-05-15,227.0,Activo,Vigente,Operations Center,Serie de receptor,PCS75UA248635,A-S00641645
2026-09-30,2026-09-30 17:17:34.007363,20260930_171734_c8c847,ARROYITO,8089080.0,BIRAGHI MATIAS,1J07200CPS3000320,1J07200CPS3000320,7M 200,Tractor,Receptores de posición,SF7500,PCS75UA178670,2.50F,PCS75UA178670,Receptor de posición,SF-RTK,A-S00621662,SF7500,No informado,2026-05-19,2027-05-21,233.0,Activo,Vigente,Operations Center,Serie de receptor,PCS75UA178670,A-S00621662
2026-09-30,2026-09-30 17:17:34.007363,20260930_171734_c8c847,ARROYITO,8089080.0,BIRAGHI MATIAS,1J07200CPS3000320,1J07200CPS3000320,7M 200,Tractor,Monitor,G5 CommandCenter,PCG5CSC222498,25.4 (10.35.3817-13),1J07200CPS3000320,Machine,G5 Advanced - Tractor de la serie 7/8/9,A-S00637106,G5,No informado,2026-05-19,2027-05-21,233.0,Activo,Vigente,Operations Center,Serie de máquina,PCG5CSC222498,A-S00637106
2026-09-30,2026-09-30 17:17:34.007363,20260930_171734_c8c847,CORDOBA,8914000.0,LA TERESITA SRL,1J06190JTSD600474,1J06190JTSD600474,6190J,Tractor,Receptores de posición,SF7500,PCS75UA207954,2.50F,PCS75UA207954,Receptor de posición,SF-RTK,A-S00614836,SF7500,No informado,2026-07-01,2027-07-01,274.0,Activo,Vigente,Operations Center,Serie de receptor,PCS75UA207954,A-S00614836
2026-09-30,2026-09-30 17:17:34.007363,20260930_171734_c8c847,,7180980.0,BERRINO JORGE ALBERTO,S780 Berrino Jorge,1J0S780BHS0155155,S780,Cosechadora,Monitor,G5 CommandCenter,PCG5CSB206138,25.3 (10.32.3817-138),1J0S780BHS0155155,Machine,G5 Advanced - Cosechadora,A-S00639968,G5,No informado,2025-07-28,2028-07-30,669.0,Activo,Vigente,Operations Center,Serie de máquina,PCG5CSB206138,A-S00639968
2026-09-30,2026-09-30 17:17:34.007363,20260930_171734_c8c847,PILAR,7379700.0,Palaciuk SA,,,,,Monitor,G5 Universal,,,PCG5MUB190891,Monitor,Renovable esencial,A-S00624465,Otra,No informado,,,,Activo,Vigente,Operations Center,No encontrado,PCG5MUB190891,A-S00624465
2026-09-30,2026-09-30 17:17:34.007363,20260930_171734_c8c847,,8119560.0,MALDONADO DARIO HERNAN,1J07230CHT3000671,1J07230CHT3000671,7M 230,Tractor,Receptores de posición,SF7500,PCS75UA253142,2.50F,PCS75UA253142,Receptor de posición,SF-RTK,A-S00641227,SF7500,No informado,,,,No activado,No activada,Operations Center,Serie de receptor,PCS75UA253142,A-S00641227
2026-09-30,2026-09-30 17:17:34.007363,20260930_171734_c8c847,,8119560.0,MALDONADO DARIO HERNAN,1J07230CHT3000671,1J07230CHT3000671,7M 230,Tractor,Monitor,G5 CommandCenter,PCG5CSC245240,25.4 (10.35.3817-13),1J07230CHT3000671,Machine,G5 Advanced - Tractor de la serie 7/8/9,A-S00643074,G5,No informado,2026-05-19,2027-05-21,233.0,Activo,Vigente,Operations Center,Serie de máquina,PCG5CSC245240,A-S00643074
2026-09-30,2026-09-30 17:17:34.007363,20260930_171734_c8c847,PILAR,7719300.0,MANSILLA ALFREDO MARIO,7M 230 Alfredo Mansilla,1J07230CJS3000662,7M 230,Tractor,Monitor,G5 CommandCenter,PCG5CSC245537,26.3 (11.3.4160-52),1J07230CJS3000662,Machine,G5 Advanced - Tractor de la serie 7/8/9,A-S00631941,G5,No informado,2026-05-25,2027-05-27,239.0,Activo,Vigente,Operations Center,Serie de máquina,PCG5CSC245537,A-S00631941
2026-09-30,2026-09-30 17:17:34.007363,20260930_171734_c8c847,ARROYITO,7037655.0,MONTI RENE Y MONTI MARCELO,N04730X005487,N04730X005487,4730,Pulverizadora,Monitor,G5 Universal,PCG5MUB188638,25.3 (10.32.3817-138),PCG5MUB188638,Monitor,Renovable esencial,A-S00618540,G5,No informado,,,,Activo,Vigente,Operations Center,Serie de monitor,PCG5MUB188638,A-S00618540
2026-09-30,2026-09-30 17:17:34.007363,20260930_171734_c8c847,SINSACATE,7304760.0,BONELLI MARIO FRANCISCO,9750 sts,CQ9750A070168,9750 STS,Cosechadora,Monitor,G5 Universal,PCG5MUB188454,25.4 (10.35.3817-13),PCG5MUB188454,Monitor,Renovable esencial,A-S00642179,G5,No informado,2026-03-29,2027-03-31,182.0,Activo,Vigente,Operations Center,Serie de monitor,PCG5MUB188454,A-S00642179
2026-09-30,2026-09-30 17:17:34.007363,20260930_171734_c8c847,PILAR,7305460.0,MARCOS BELTRAMO,1CQ9670ALB009,1CQ9670ALB009,---,---,Monitor,G5 Universal,PCG5MUB186598,25.4 (10.35.3817-13),PCG5MUB186598,Monitor,Renovable esencial,A-S00634923,G5,No informado,2026-03-31,,,Activo,Vigente,Operations Center,Serie de monitor,PCG5MUB186598,A-S00634923
2026-09-30,2026-09-30 17:17:34.007363,20260930_171734_c8c847,PILAR,7199921.0,ZEMCAR SA,,,,,Monitor,G5Plus Universal,,,PCG5PUB190376,Monitor,Renovable esencial,A-S00622488,Otra,No informado,2026-03-02,2027-03-04,155.0,Activo,Vigente,Operations Center,No encontrado,PCG5PUB190376,A-S00622488
2026-09-30,2026-09-30 17:17:34.007363,20260930_171734_c8c847,PILAR,8295160.0,CALCAGNI GONZALO,CQ7515A037339,CQ7515A037339,7515,Tractor,Monitor,G5 Universal,PCG5MUB199112,26.3 (11.3.4160-52),PCG5MUB199112,Monitor,Renovable esencial,A-S00622449,G5,No informado,2026-09-17,2027-09-17,352.0,Activo,Vigente,Operations Center,Serie de monitor,PCG5MUB199112,A-S00622449
2026-09-30,2026-09-30 17:17:34.007363,20260930_171734_c8c847,PILAR,7100141.0,EMILIANO VAGNI,9650 STS VAGNI,CQ9650A080026,9650 STS,Cosechadora,Monitor,G5Plus Universal,PCG5PUB200329,25.4 (10.35.3817-13),PCG5PUB200329,Monitor,Renovable esencial,A-S00633669,G5,No informado,2026-03-29,2027-03-31,182.0,Activo,Vigente,Operations Center,Serie de monitor,PCG5PUB200329,A-S00633669
2026-09-30,2026-09-30 17:17:34.007363,20260930_171734_c8c847,PILAR,7214101.0,EMFEL AGRO SA,S550 EMFEL AGRO,1J0S550BHF0090009,S550,Cosechadora,Monitor,G5 Universal,PCG5MUB185198,25.4 (10.35.3817-13),PCG5MUB185198,Monitor,Renovable esencial,A-S00623504,G5,No informado,2026-03-10,2027-03-12,163.0,Activo,Vigente,Operations Center,Serie de monitor,PCG5MUB185198,A-S00623504
2026-09-30,2026-09-30 17:17:34.007363,20260930_171734_c8c847,,8877361.0,JAVIERSERVER,,,,,Monitor,G5 Universal,,,PCG5MUB199236,Monitor,Renovable esencial,A-S00639073,Otra,No informado,2026-06-29,2027-06-29,272.0,Activo,Vigente,Operations Center,No encontrado,PCG5MUB199236,A-S00639073
2026-09-30,2026-09-30 17:17:34.007363,20260930_171734_c8c847,,8598180.0,MATTALIA RICARDO RUBEN,9858,9858,PLA,Pulverizadora,Monitor,G5 Universal,PCG5MUB190863,25.4 (10.35.3817-13),PCG5MUB190863,Monitor,Renovable esencial,A-S00641191,G5,No informado,2026-06-16,2027-06-16,259.0,Activo,Vigente,Operations Center,Serie de monitor,PCG5MUB190863,A-S00641191
2026-09-30,2026-09-30 17:17:34.007363,20260930_171734_c8c847,PILAR,7719880.0,AGRO 3.0 S.A.,1CQ9670AEA0090431,1CQ9670AEA0090431,9670 STS,Cosechadora,Monitor,G5 Universal,PCG5MUB186937,25.4 (10.35.3817-13),PCG5MUB186937,Monitor,Renovable esencial,A-S00626194,G5,No informado,,2027-05-01,213.0,Activo,Vigente,Operations Center,Serie de monitor,PCG5MUB186937,A-S00626194
2026-09-30,2026-09-30 17:17:34.007363,20260930_171734_c8c847,ARROYITO,7239125.0,Martin Alvarez,CQ9750A080377,CQ9750A080377,9750 STS,Cosechadora,Monitor,G5Plus Universal,PCG5PUB189084,25.4 (10.35.3817-13),PCG5PUB189084,Monitor,Renovable esencial,A-S00629697,G5,No informado,2026-03-12,2027-03-14,165.0,Activo,Vigente,Operations Center,Serie de monitor,PCG5PUB189084,A-S00629697
2026-09-30,2026-09-30 17:17:34.007363,20260930_171734_c8c847,PILAR,7259004.0,TALANORD SA,9570 STS Talanord SA,1CQ9570AED0091523,9570 STS,Cosechadora,Monitor,G5 Universal,PCG5MUB185228,25.4 (10.35.3817-13),PCG5MUB185228,Monitor,Renovable esencial,A-S00641927,G5,No informado,2026-03-30,,,Activo,Vigente,Operations Center,Serie de monitor,PCG5MUB185228,A-S00641927
2026-09-30,2026-09-30 17:17:34.007363,20260930_171734_c8c847,SANTA ROSA,7566441.0,FABIO ISUARDI,9670 STS,1CQ9670ACB0091234,9670 STS,Cosechadora,Monitor,G5 Universal,PCG5MUB188085,25.4 (10.35.3817-13),PCG5MUB188085,Monitor,Renovable esencial,A-S00643619,G5,No informado,,,,Activo,Vigente,Operations Center,Serie de monitor,PCG5MUB188085,A-S00643619
2026-09-30,2026-09-30 17:17:34.007363,20260930_171734_c8c847,CORDOBA,6193555.0,FEDERICO GENESIO,CQ9750A080143,CQ9750A080143,9750 STS,Cosechadora,Monitor,G5 Universal,PCG5MUB188580,25.4 (10.35.3817-13),PCG5MUB188580,Monitor,Renovable esencial,A-S00643623,G5,No informado,2026-03-24,2027-03-26,177.0,Activo,Vigente,Operations Center,Serie de monitor,PCG5MUB188580,A-S00643623
2026-09-30,2026-09-30 17:17:34.007363,20260930_171734_c8c847,PILAR,7304044.0,FABJAV HNOS SAS,9750 STS,CQ9750A080011,9750 STS,Cosechadora,Monitor,G5 Universal,PCG5MUB187124,25.4 (10.35.3817-13),PCG5MUB187124,Monitor,Renovable esencial,A-S00635313,G5,No informado,2026-03-30,,,Activo,Vigente,Operations Center,Serie de monitor,PCG5MUB187124,A-S00635313
2026-09-30,2026-09-30 17:17:34.007363,20260930_171734_c8c847,SANTA ROSA,7442600.0,Diego y Cristian Vaccarini,9650 STS,CQ9650A060005,9650 STS,Cosechadora,Monitor,G5 Universal,PCG5MUB186752,25.4 (10.35.3817-13),PCG5MUB186752,Monitor,Renovable esencial,A-S00645122,G5,No informado,2026-03-29,2027-03-31,182.0,Activo,Vigente,Operations Center,Serie de monitor,PCG5MUB186752,A-S00645122
2026-09-30,2026-09-30 17:17:34.007363,20260930_171734_c8c847,SANTA ROSA,7580760.0,DON ADOLFO,PLA 3300,1YE3300CASA009208,3300,Pulverizadora,Receptores de posición,SF7000,PCS17UB210741,6.80C,PCS17UB210741,Receptor de posición,SF-RTK - Demostración,A-S00647507,SF7000,No informado,2026-06-18,2026-07-19,-73.0,Vencido,Vencida,Operations Center,Serie de receptor,PCS17UB210741,A-S00647507
2026-09-30,2026-09-30 17:17:34.007363,20260930_171734_c8c847,,9026640.0,FRANDINO DARIO ARIEL,1J07230CVS3000485,1J07230CVS3000485,7M 230,Tractor,Monitor,G5 CommandCenter,PCG5CSC221776,26.3 (11.3.4160-40),1J07230CVS3000485,Machine,G5 Advanced - Tractor de la serie 7/8/9,A-S00653593,G5,No informado,2026-07-13,2027-07-15,288.0,Activo,Vigente,Operations Center,Serie de máquina,PCG5CSC221776,A-S00653593
2026-09-30,2026-09-30 17:17:34.007363,20260930_171734_c8c847,,9026640.0,FRANDINO DARIO ARIEL,1J07230CVS3000485,1J07230CVS3000485,7M 230,Tractor,Receptores de posición,SF7500,PCS75UA210454,2.20N,PCS75UA210454,Receptor de posición,SF-RTK,A-S00653595,SF7500,No informado,2026-09-15,2027-09-17,352.0,Activo,Vigente,Operations Center,Serie de receptor,PCS75UA210454,A-S00653595
2026-09-30,2026-09-30 17:17:34.007363,20260930_171734_c8c847,,9489800.0,RUBEN FANTINI,,,,,Monitor,G5 Universal,,,PCG5MUB190783,Monitor,Renovable esencial,A-S00636353,Otra,No informado,,,,Activo,Vigente,Operations Center,No encontrado,PCG5MUB190783,A-S00636353
2026-09-30,2026-09-30 17:17:34.007363,20260930_171734_c8c847,,9489800.0,RUBEN FANTINI,,,,,Receptor de posición,SF7500,,,PCS75UA291211,Receptor de posición,SF-RTK,A-S00686909,Otra,No informado,,,,Activo,Vigente,Operations Center,No encontrado,PCS75UA291211,A-S00686909
2026-09-30,2026-09-30 17:17:34.007363,20260930_171734_c8c847,,10016140.0,DIEGO PETTINA,BM7815X080308,BM7815X080308,7815,Tractor,Monitor,G5Plus Universal,PCG5PUB193414,26.3 (11.3.4160-40),PCG5PUB193414,Monitor,Renovable esencial,A-S00617168,G5,No informado,2026-09-29,2027-09-29,364.0,Activo,Vigente,Operations Center,Serie de monitor,PCG5PUB193414,A-S00617168
2026-09-30,2026-09-30 17:17:34.007363,20260930_171734_c8c847,,10016140.0,DIEGO PETTINA,,,,,Receptor de posición,SF7500,,,PCS75UA277390,Receptor de posición,SF-RTK,A-S00721755,Otra,No informado,2026-09-29,2027-09-30,365.0,Activo,Vigente,Operations Center,No encontrado,PCS75UA277390,A-S00721755
2026-09-30,2026-09-30 17:17:34.007363,20260930_171734_c8c847,CORDOBA,9749760.0,RUBEN STEFANELLO,Rosendo Stefanello 6165J,1BM6165JCAD000308,6165J,Tractor,Monitor,G5 Universal,PCG5MUB176865,26.3 (11.3.4160-52),PCG5MUB176865,Monitor,Renovable esencial,A-S00721643,G5,No informado,2026-09-29,2027-09-30,365.0,Activo,Vigente,Operations Center,Serie de monitor,PCG5MUB176865,A-S00721643
2026-09-30,2026-09-30 17:17:34.007363,20260930_171734_c8c847,,9689420.0,Lucas Marguello,1BM7185JTBH000359,1BM7185JTBH000359,7185J,Tractor,Monitor,G5 Universal,PCG5MUB192151,26.3 (11.3.4160-40),PCG5MUB192151,Monitor,Renovable esencial,A-S00621535,G5,No informado,2026-09-02,2027-09-02,337.0,Activo,Vigente,Operations Center,Serie de monitor,PCG5MUB192151,A-S00621535
2026-09-30,2026-09-30 17:17:34.007363,20260930_171734_c8c847,,9489600.0,Jose German Braga,,,,,Monitor,G5 Universal,,,PCG5MUB192326,Monitor,Renovable esencial,A-S00644543,Otra,No informado,,,,Activo,Vigente,Operations Center,No encontrado,PCG5MUB192326,A-S00644543
2026-09-30,2026-09-30 17:17:34.007363,20260930_171734_c8c847,,9635901.0,VACCARINI JUAN FRANCO,7M230 VACCARINI,1J07230CTS3000656,7M 230,Tractor,Monitor,G5 CommandCenter,PCG5CSC244932,26.3 (11.3.4160-52),1J07230CTS3000656,Machine,G5 Advanced - Tractor de la serie 7/8/9,A-S00652336,G5,No informado,,2027-09-01,336.0,Activo,Vigente,Operations Center,Serie de máquina,PCG5CSC244932,A-S00652336
2026-09-30,2026-09-30 17:17:34.007363,20260930_171734_c8c847,,,COMERCIAL CONCI SRL DEALER 242428,,,,,Monitor,Monitor Gen 4,PCGU2UA202829,,PCGU2UA202829,Monitor Gen 4,Nuevo - N Sensing,-,Gen4,Nuevo,2024-08-23,,,VENCIDO,Vencida,Control administrativo,No encontrado,PCGU2UA202829,-
2026-09-30,2026-09-30 17:17:34.007363,20260930_171734_c8c847,CORDOBA,356035.0,CESAR VACCARINI,Tractor 8245 Vaccarini Hns.,1BM8245RCJ0100013,8245R,Tractor,Monitor,Monitor Gen 4,PCGUPSA654072,25.4 (10.35.3817-60),PCGUPSA654072,Monitor Gen 4,Nuevo - CommandCenter Master 1.0,356035,Gen4,Nuevo,2024-10-25,2025-10-25,-340.0,VIGENTE,Vencida,Control administrativo,Serie de componente,PCGUPSA654072,356035
2026-09-30,2026-09-30 17:17:34.007363,20260930_171734_c8c847,SANTA ROSA,1485201.0,DANIEL CHIAMBRETTO,1J07200JPPD000611,1J07200JPPD000611,7200J,Tractor,Monitor,Monitor Gen 4,PCGU6UD135499,23-3 (10.27.3135-111),PCGU6UD135499,Monitor Gen 4,Nuevo - 4640 Master 1.0,1485201,Gen4,Nuevo,2023-08-04,2024-08-04,-787.0,VENCIDO,Vencida,Control administrativo,Serie de componente,PCGU6UD135499,1485201
2026-09-30,2026-09-30 17:17:34.007363,20260930_171734_c8c847,,,UNIVERSIDAD CATOLICA,,,,,Receptor de posición,Antena 6000,PCGT3TB805483,,PCGT3TB805483,Antena 6000,Nuevo - SF2,4254201,SF6000,Nuevo,2025-11-25,2026-05-25,-128.0,VENCIDO,Vencida,Control administrativo,No encontrado,PCGT3TB805483,4254201
2026-09-30,2026-09-30 17:17:34.007363,20260930_171734_c8c847,,,ALDO LONDERO,,,,,Receptor de posición,Antena 6000,PCGT3TA483687,,PCGT3TA483687,Antena 6000,Nuevo - SF2,1274201,SF6000,Nuevo,2024-10-24,2025-01-24,-614.0,VENCIDO,Vencida,Control administrativo,No encontrado,PCGT3TA483687,1274201
2026-09-30,2026-09-30 17:17:34.007363,20260930_171734_c8c847,,,JUAN CARLOS CONCI,,,,,Receptor de posición,Antena 6000,PCGT3TA336340,,PCGT3TA336340,Antena 6000,Nuevo - SF2,-,SF6000,Nuevo,2024-02-16,2025-02-16,-591.0,VIGENTE,Vencida,Control administrativo,No encontrado,PCGT3TA336340,-
2026-09-30,2026-09-30 17:17:34.007363,20260930_171734_c8c847,,,D242415J VANDERHOEVENAGRICOLAS A,,,,,Receptor de posición,Antena 6000,PCGT3TA105994,,PCGT3TA105994,Antena 6000,Nuevo - SF2,-,SF6000,Nuevo,2024-10-15,2025-10-15,-350.0,VENCIDO,Vencida,Control administrativo,No encontrado,PCGT3TA105994,-
2026-09-30,2026-09-30 17:17:34.007363,20260930_171734_c8c847,PILAR,5858542.0,JUAN CARLOS CONCI,LORENZATTI S760,1J0S760BLP0145171,S760,Cosechadora,Monitor,Monitor Gen 4,PCGUPSB972613,25.1 (10.30.3567-82),PCGUPSB972613,Monitor Gen 4,Nuevo - CommandCenter Master 1.0,5858542,Gen4,Nuevo,2024-06-26,2025-06-26,-461.0,VENCIDO,Vencida,Control administrativo,Serie de componente,PCGUPSB972613,5858542
2026-09-30,2026-09-30 17:17:34.007363,20260930_171734_c8c847,CORDOBA,406172.0,MARCELO DEFILIPPO,MADARO 8345R  N°2,1BM8345RKPS101234,8345R,Tractor,Monitor,Monitor Gen 4,PCGUPSB964006,25.4 (10.35.3817-13),PCGUPSB964006,Monitor Gen 4,Nuevo - CommandCenter Automation 4,,Gen4,Nuevo,2026-01-02,2027-01-02,94.0,VIGENTE,Vigente,Control administrativo,Serie de componente,PCGUPSB964006,Nuevo - CommandCenter Automation 4
2026-09-30,2026-09-30 17:17:34.007363,20260930_171734_c8c847,SINSACATE,408834.0,MARCELO DEFRANCISCO BUTELER,7230R Erca 24,1RW7230RAKS105391,7230R,Tractor,Monitor,Monitor Gen 4,PCGUPSA733846,25.4 (10.35.3817-13),PCGUPSA733846,Monitor Gen 4,Renovar - CommandCenter Automation 4,408834,Gen4,Renovación,2024-12-07,2025-12-07,-297.0,VENCIDO,Vencida,Control administrativo,Serie de componente,PCGUPSA733846,408834
2026-09-30,2026-09-30 17:17:34.007363,20260930_171734_c8c847,SINSACATE,408834.0,MARCELO DEFRANCISCO BUTELER,7230R ERCA 28,1RW7230RPJS101333,7230R,Tractor,Monitor,Monitor Gen 4,PCGUPSA677215,25.4 (10.35.3817-13),PCGUPSA677215,Monitor Gen 4,Nuevo - CommandCenter Automation 4,408834,Gen4,Nuevo,2024-10-10,2025-10-10,-355.0,VENCIDO,Vencida,Control administrativo,Serie de componente,PCGUPSA677215,408834
2026-09-30,2026-09-30 17:17:34.007363,20260930_171734_c8c847,,,COMERCIALCONCI COMERCIALCONCI,,,,,Monitor,Monitor Gen 4,PCGUMUB076644,,PCGUMUB076644,Monitor Gen 4,Nuevo - 4240 Section Control,423003,Gen4,Nuevo,2024-07-24,2025-07-24,-433.0,VENCIDO,Vencida,Control administrativo,No encontrado,PCGUMUB076644,423003
2026-09-30,2026-09-30 17:17:34.007363,20260930_171734_c8c847,,,Dominguez Lucas ,,,,,Monitor,Monitor Gen 4,PCGUMUB072787,,PCGUMUB072787,Monitor Gen 4,Nuevo - 4240 Section Control,369276,Gen4,Nuevo,2024-05-30,2025-05-30,-488.0,VENCIDO,Vencida,Control administrativo,No encontrado,PCGUMUB072787,369276
2026-09-30,2026-09-30 17:17:34.007363,20260930_171734_c8c847,,,COMERCIALCONCI COMERCIALCONCI,,,,,Monitor,Monitor Gen 4,PCGUMUB072655,,PCGUMUB072655,Monitor Gen 4,Nuevo - 4240 Section Control,406172,Gen4,Nuevo,2023-11-30,2024-11-30,-669.0,VENCIDO,Vencida,Control administrativo,No encontrado,PCGUMUB072655,406172
2026-09-30,2026-09-30 17:17:34.007363,20260930_171734_c8c847,SINSACATE,440733.0,Pablo Ariel Fantini Rostirolla,1J07230JEPD000864,1J07230JEPD000864,7230J,Tractor,Monitor,Monitor Gen 4,PCGU6UD140751,25.1 (10.30.3567-72),PCGU6UD140751,Monitor Gen 4,Nuevo - 4640 Master 1.0,440733,Gen4,Nuevo,2023-11-14,2024-11-14,-685.0,VENCIDO,Vencida,Control administrativo,Serie de componente,PCGU6UD140751,440733
2026-09-30,2026-09-30 17:17:34.007363,20260930_171734_c8c847,SINSACATE,4866681.0,JUAN CARLOS CONCI,carreño rene 7230J,1J07230JHPD000751,7230J,Tractor,Monitor,Monitor Gen 4,PCGU6UD140687,24-2 (10.29.3422-90),PCGU6UD140687,Monitor Gen 4,Nuevo - 4640 Master 1.0,4866681,Gen4,Nuevo,2023-11-13,2024-11-13,-686.0,VENCIDO,Vencida,Control administrativo,Serie de componente,PCGU6UD140687,4866681
2026-09-30,2026-09-30 17:17:34.007363,20260930_171734_c8c847,SINSACATE,413239.0,VÍCTOR DEGIORGIO,4730 De Giorgio Victor,N04730X008066,4730,Pulverizadora,Monitor,Monitor Gen 4,PCGU6UD140179,25.2 (10.31.3676-103),PCGU6UD140179,Monitor Gen 4,Nuevo - 4640 Master 1.0,413239,Gen4,Nuevo,2025-06-11,2026-06-11,-111.0,VENCIDO,Vencida,Control administrativo,Serie de componente,PCGU6UD140179,413239
2026-09-30,2026-09-30 17:17:34.007363,20260930_171734_c8c847,,,BONANNATA GARCIA MARCELO RUBEN,,,,,Monitor,Monitor Gen 4,PCGU6UD140166,,PCGU6UD140166,Monitor Gen 4,Nuevo - 4640 Master 1.0,5885876,Gen4,Nuevo,2024-08-16,2025-08-16,-410.0,VENCIDO,Vencida,Control administrativo,No encontrado,PCGU6UD140166,5885876
2026-09-30,2026-09-30 17:17:34.007363,20260930_171734_c8c847,ARROYITO,4427201.0,COMERCIALCONCI COMERCIALCONCI,1J07230JHPD000801,1J07230JHPD000801,7230J,Tractor,Monitor,Monitor Gen 4,PCGU6UD140143,23-2 (10.26.2927-110),PCGU6UD140143,Monitor Gen 4,Nuevo - 4640 Master 1.0,4427201,Gen4,Nuevo,2023-10-11,2024-10-11,-719.0,VENCIDO,Vencida,Control administrativo,Serie de componente,PCGU6UD140143,4427201
2026-09-30,2026-09-30 17:17:34.007363,20260930_171734_c8c847,SINSACATE,276591.0,ALBANO RIZZI,7230J RIZZI,1J07230JVPD000650,7230J,Tractor,Monitor,Monitor Gen 4,PCGU6UD135570,25.3 (10.32.3817-94),PCGU6UD135570,Monitor Gen 4,Nuevo - 4640 Master 1.0,276591,Gen4,Nuevo,2023-06-02,2024-06-02,-850.0,VENCIDO,Vencida,Control administrativo,Serie de componente,PCGU6UD135570,276591
2026-09-30,2026-09-30 17:17:34.007363,20260930_171734_c8c847,,,Federico Marinozzi,,,,,Monitor,Monitor Gen 4,PCGU6UD126277,,PCGU6UD126277,Monitor Gen 4,Nuevo - 4640 Master 1.0,444715,Gen4,Nuevo,2024-11-04,2025-11-04,-330.0,VENCIDO,Vencida,Control administrativo,No encontrado,PCGU6UD126277,444715
2026-09-30,2026-09-30 17:17:34.007363,20260930_171734_c8c847,CORDOBA,308408.0,LEONEL CALDERON,S780 N°2,1J0S780BVN0145113,S780,Cosechadora,Monitor,Monitor Gen 4,PCGUPSB875147,25.4 (10.35.3817-13),PCGUPSB875147,Monitor Gen 4,Actualización - CommandCenter Automation 4,,Gen4,Actualización,2026-05-06,2026-12-30,91.0,VIGENTE,Vigente,Control administrativo,Serie de componente,PCGUPSB875147,Actualización - CommandCenter Automation 4
2026-09-30,2026-09-30 17:17:34.007363,20260930_171734_c8c847,CORDOBA,308408.0,LEONEL CALDERON,S780 N°1,1J0S780BHN0140157,S780,Cosechadora,Monitor,Monitor Gen 4,PCGUPSB853921,25.4 (10.35.3817-13),PCGUPSB853921,Monitor Gen 4,Actualización - CommandCenter Automation 4,,Gen4,Actualización,2026-05-06,2027-07-19,292.0,VIGENTE,Vigente,Control administrativo,Serie de componente,PCGUPSB853921,Actualización - CommandCenter Automation 4
2026-09-30,2026-09-30 17:17:34.007363,20260930_171734_c8c847,,,LUIS MARIA RODRIGUEZ,,,,,Monitor,Monitor Gen 4,PCGUPSA752002,,PCGUPSA752002,Monitor Gen 4,Nuevo - CommandCenter Master 1.0,,Gen4,Nuevo,2025-11-28,2026-11-28,59.0,VIGENTE,Vence en 60 días,Control administrativo,No encontrado,PCGUPSA752002,Nuevo - CommandCenter Master 1.0
2026-09-30,2026-09-30 17:17:34.007363,20260930_171734_c8c847,SINSACATE,408834.0,MARCELO DEFRANCISCO BUTELER,7230R Erca 24,1RW7230RAKS105391,7230R,Tractor,Monitor,Monitor Gen 4,PCGUPSA733846,25.4 (10.35.3817-13),PCGUPSA733846,Monitor Gen 4,Nuevo - CommandCenter Automation 4,408834,Gen4,Nuevo,2023-12-06,2024-12-06,-663.0,VENCIDO,Vencida,Control administrativo,Serie de componente,PCGUPSA733846,408834
2026-09-30,2026-09-30 17:17:34.007363,20260930_171734_c8c847,SINSACATE,495864.0,Luis María Rodriguez,M4040 Pulverizadora Rodriguez,1NW4040MTLF200008,M4040,Pulverizadora,Monitor,Monitor Gen 4,PCGUPSA721864,25.2 (10.31.3676-103),PCGUPSA721864,Monitor Gen 4,Nuevo - CommandCenter Master 1.0,,Gen4,Nuevo,2025-11-03,2026-11-03,34.0,VIGENTE,Vence en 60 días,Control administrativo,Serie de componente,PCGUPSA721864,Nuevo - CommandCenter Master 1.0
2026-09-30,2026-09-30 17:17:34.007363,20260930_171734_c8c847,PILAR,5891933.0,COMERCIALCONCI COMERCIALCONCI,6190J,1J06190JLRD600317,6190J,Tractor,Monitor,Monitor Gen 4,PCGUMUB076000,24-1 (10.28.3314-79),PCGUMUB076000,Monitor Gen 4,Nuevo - 4240 Section Control,5891933,Gen4,Nuevo,2024-08-22,2025-08-22,-404.0,VENCIDO,Vencida,Control administrativo,Serie de componente,PCGUMUB076000,5891933
2026-09-30,2026-09-30 17:17:34.007363,20260930_171734_c8c847,SINSACATE,617517.0,Joaquin Calde,ESACOM 7230J,1J07230JCPD000792,7230J,Tractor,Monitor,Monitor Gen 4,PCGU6UD141474,23-2 (10.26.2927-110),PCGU6UD141474,Monitor Gen 4,Nuevo - 4640 Master 1.0,617517,Gen4,Nuevo,2023-11-22,2024-11-22,-677.0,VENCIDO,Vencida,Control administrativo,Serie de componente,PCGU6UD141474,617517
2026-09-30,2026-09-30 17:17:34.007363,20260930_171734_c8c847,,,La Lucia,,,,,Monitor,Monitor Gen 4,PCGU6UD140709,,PCGU6UD140709,Monitor Gen 4,Nuevo - 4640 Master 1.0,5827561,Gen4,Nuevo,2024-05-15,2025-05-15,-503.0,VENCIDO,Vencida,Control administrativo,No encontrado,PCGU6UD140709,5827561
2026-09-30,2026-09-30 17:17:34.007363,20260930_171734_c8c847,ARROYITO,447056.0,JUAN CARLOS CONCI,JD 7J200 n2 sociedad,1J07200JPPD000589,7200J,Tractor,Monitor,Monitor Gen 4,PCGU6UD140461,25.3 (10.32.3817-138),PCGU6UD140461,Monitor Gen 4,Nuevo - 4640 Master 1.0,447056,Gen4,Nuevo,2023-12-19,2024-12-19,-650.0,VENCIDO,Vencida,Control administrativo,Serie de componente,PCGU6UD140461,447056
2026-09-30,2026-09-30 17:17:34.007363,20260930_171734_c8c847,PILAR,5833877.0,COMERCIALCONCI COMERCIALCONCI,7200J,1J07200JVRD000701,7200J,Tractor,Monitor,Monitor Gen 4,PCGU6UD140431,23-3 (10.27.3135-113),PCGU6UD140431,Monitor Gen 4,Nuevo - 4640 Master 1.0,5833877,Gen4,Nuevo,2024-05-17,2025-05-17,-501.0,VENCIDO,Vencida,Control administrativo,Serie de componente,PCGU6UD140431,5833877
2026-09-30,2026-09-30 17:17:34.007363,20260930_171734_c8c847,SINSACATE,413239.0,Giorgio Victor Hugo,4730 De Giorgio Victor,N04730X008066,4730,Pulverizadora,Monitor,Monitor Gen 4,PCGU6UD140179,25.2 (10.31.3676-103),PCGU6UD140179,Monitor Gen 4,Nuevo - 4640 Master 1.0,413239,Gen4,Nuevo,2024-06-05,2025-06-05,-482.0,VENCIDO,Vencida,Control administrativo,Serie de componente,PCGU6UD140179,413239
2026-09-30,2026-09-30 17:17:34.007363,20260930_171734_c8c847,SINSACATE,613183.0,Fernando Daniel Vaca,1J07200JHPD000635,1J07200JHPD000635,7200J,Tractor,Monitor,Monitor Gen 4,PCGU6UD139788,25.4 (10.35.3817-13),PCGU6UD139788,Monitor Gen 4,Nuevo - 4640 Master 1.0,613183,Gen4,Nuevo,2023-08-29,2024-08-29,-762.0,VENCIDO,Vencida,Control administrativo,Serie de componente,PCGU6UD139788,613183
2026-09-30,2026-09-30 17:17:34.007363,20260930_171734_c8c847,SINSACATE,492480.0,AGRO COLIBRI,7230R Tractor Agro Colibrí,1RW7230SELC110688,7R 230,Tractor,Receptor de posición,Antena 6000,PCGT6FB325224,4.60H,PCGT6FB325224,Antena 6000,Renovar - SF3,492480,SF6000,Renovación,2025-11-26,2026-11-26,57.0,VIGENTE,Vence en 60 días,Control administrativo,Serie de componente,PCGT6FB325224,492480
2026-09-30,2026-09-30 17:17:34.007363,20260930_171734_c8c847,,,roger marchese,,,,,Receptor de posición,Antena 6000,PCGT3TA344298,,PCGT3TA344298,Antena 6000,Nuevo - SF2,,SF6000,Nuevo,2025-11-25,2026-02-25,-217.0,VENCIDO,Vencida,Control administrativo,No encontrado,PCGT3TA344298,Nuevo - SF2
2026-09-30,2026-09-30 17:17:34.007363,20260930_171734_c8c847,PILAR,4136401.0,Gabriel Oscar Sugar,SUGAR 7230J,1J07230JVPD000776,7230J,Tractor,Monitor,Monitor Gen 4,PCGU6UD139582,23-2 (10.26.2927-120),PCGU6UD139582,Monitor Gen 4,Nuevo - 4640 Master 1.0,4136401,Gen4,Nuevo,2023-12-01,2024-12-01,-668.0,VENCIDO,Vencida,Control administrativo,Serie de componente,PCGU6UD139582,4136401
2026-09-30,2026-09-30 17:17:34.007363,20260930_171734_c8c847,PILAR,522572.0,Javier Balcells,Don Julian 7230J,1J07230JVPD000857,7230J,Tractor,Monitor,Monitor Gen 4,PCGU6UD135673,23-2 (10.26.2927-120),PCGU6UD135673,Monitor Gen 4,Nuevo - 4640 Master 1.0,522572,Gen4,Nuevo,2023-11-24,2024-11-24,-675.0,VENCIDO,Vencida,Control administrativo,Serie de componente,PCGU6UD135673,522572
2026-09-30,2026-09-30 17:17:34.007363,20260930_171734_c8c847,,1644441.0,Federico Ascanelli,AGROAGUILA3GSA 7215J,1J07215JCND000407,7215J,Tractor,Monitor,Monitor Gen 4,PCGU6UD126300,25.2 (10.31.3676-103),PCGU6UD126300,Monitor Gen 4,Nuevo - 4640 Master 1.0,1644441,Gen4,Nuevo,2023-04-21,2024-04-21,-892.0,VENCIDO,Vencida,Control administrativo,Serie de componente,PCGU6UD126300,1644441
2026-09-30,2026-09-30 17:17:34.007363,20260930_171734_c8c847,PILAR,1416041.0,JUAN CARLOS CONCI,RUBEN SORIANO 7230J,1J07230JEPD000699,7230J,Tractor,Monitor,Monitor Gen 4,PCGU6UD126184,25.3 (10.32.3817-138),PCGU6UD126184,Monitor Gen 4,Nuevo - 4640 Master 1.0,1416041,Gen4,Nuevo,2023-04-10,2024-04-10,-903.0,VENCIDO,Vencida,Control administrativo,Serie de componente,PCGU6UD126184,1416041
2026-09-30,2026-09-30 17:17:34.007363,20260930_171734_c8c847,ARROYITO,1922401.0,JUAN CARLOS CONCI,Agricola VT 7215J,1J07215JVPD000452,7215J,Tractor,Monitor,Monitor Gen 4,PCGU6UD125730,25.2 (10.31.3676-103),PCGU6UD125730,Monitor Gen 4,Nuevo - 4640 Master 1.0,1922401,Gen4,Nuevo,2023-05-05,2024-05-05,-878.0,VENCIDO,Vencida,Control administrativo,Serie de componente,PCGU6UD125730,1922401
2026-09-30,2026-09-30 17:17:34.007363,20260930_171734_c8c847,CORDOBA,277819.0,Miguel Campetella,PLA - 3600,1YE3600FNA08050,PLA,Pulverizadora,Monitor,Monitor Gen 4,PCGU6UD115517,25.4 (10.35.3817-60),PCGU6UD115517,Monitor Gen 4,Nuevo - 4640 Master 1.0,277819,Gen4,Nuevo,2025-12-04,2026-12-04,65.0,VIGENTE,Vence en 90 días,Control administrativo,Serie de componente,PCGU6UD115517,277819
2026-09-30,2026-09-30 17:17:34.007363,20260930_171734_c8c847,,,Elias Maldonado,,,,,Monitor,Monitor Gen 4,PCGU6UD114568,,PCGU6UD114568,Monitor Gen 4,Nuevo - 4640 Master 1.0,,Gen4,Nuevo,2025-12-04,2026-12-04,65.0,VIGENTE,Vence en 90 días,Control administrativo,No encontrado,PCGU6UD114568,Nuevo - 4640 Master 1.0
2026-09-30,2026-09-30 17:17:34.007363,20260930_171734_c8c847,,,JUAN CARLOS CONCI,,,,,Monitor,Monitor Gen 4,PCGU6UD111227,,PCGU6UD111227,Monitor Gen 4,Nuevo - 4640 Master 1.0,459215,Gen4,Nuevo,2023-09-14,2024-09-14,-746.0,VENCIDO,Vencida,Control administrativo,No encontrado,PCGU6UD111227,459215
2026-09-30,2026-09-30 17:17:34.007363,20260930_171734_c8c847,,,Agronorte Agronorte,,,,,Monitor,Monitor Gen 4,PCGU6UD121246,,PCGU6UD121246,Monitor Gen 4,Renovar - 4640 Master 1.0,3709361,Gen4,Renovación,2023-12-28,2024-12-28,-641.0,VENCIDO,Vencida,Control administrativo,No encontrado,PCGU6UD121246,3709361
2026-09-30,2026-09-30 17:17:34.007363,20260930_171734_c8c847,,,Agronorte Agronorte,,,,,Monitor,Monitor Gen 4,PCGU6UD121246,,PCGU6UD121246,Monitor Gen 4,Renovar - 4640 Master 1.0,3709361,Gen4,Renovación,2024-12-29,2025-12-29,-275.0,VENCIDO,Vencida,Control administrativo,No encontrado,PCGU6UD121246,3709361
2026-09-30,2026-09-30 17:17:34.007363,20260930_171734_c8c847,SINSACATE,324409.0,DANIEL DEGIORGIO,4730 DEGIORGIO NUEVA,1NW4730XKJ0055992,4730,Pulverizadora,Monitor,Monitor Gen 4,PCGU6UD121242,25.4 (10.35.3817-13),PCGU6UD121242,Monitor Gen 4,Renovar - 4640 Master 1.0,324409,Gen4,Renovación,2023-10-07,2024-10-07,-723.0,VIGENTE,Vencida,Control administrativo,Serie de componente,PCGU6UD121242,324409
2026-09-30,2026-09-30 17:17:34.007363,20260930_171734_c8c847,SINSACATE,324409.0,DANIEL DEGIORGIO,4730 DEGIORGIO NUEVA,1NW4730XKJ0055992,4730,Pulverizadora,Monitor,Monitor Gen 4,PCGU6UD121242,25.4 (10.35.3817-13),PCGU6UD121242,Monitor Gen 4,Nuevo - 4640 Master 1.0,324409,Gen4,Nuevo,2024-10-10,2025-10-10,-355.0,VIGENTE,Vencida,Control administrativo,Serie de componente,PCGU6UD121242,324409
2026-09-30,2026-09-30 17:17:34.007363,20260930_171734_c8c847,SINSACATE,324409.0,DANIEL DEGIORGIO,4730 DEGIORGIO NUEVA,1NW4730XKJ0055992,4730,Pulverizadora,Monitor,Monitor Gen 4,PCGU6UD121242,25.4 (10.35.3817-13),PCGU6UD121242,Monitor Gen 4,Nuevo - 4640 Universal Automation 4,324409,Gen4,Nuevo,2025-04-30,2026-04-30,-153.0,VIGENTE,Vencida,Control administrativo,Serie de componente,PCGU6UD121242,324409
2026-09-30,2026-09-30 17:17:34.007363,20260930_171734_c8c847,SINSACATE,324409.0,DANIEL DEGIORGIO,4730 DEGIORGIO NUEVA,1NW4730XKJ0055992,4730,Pulverizadora,Monitor,Monitor Gen 4,PCGU6UD121242,25.4 (10.35.3817-13),PCGU6UD121242,Monitor Gen 4,Renovar - 4640 Universal Automation 4,324409,Gen4,Renovación,2026-05-01,2027-05-01,213.0,VIGENTE,Vigente,Control administrativo,Serie de componente,PCGU6UD121242,324409
2026-09-30,2026-09-30 17:17:34.007363,20260930_171734_c8c847,ARROYITO,5748738.0,COMERCIALCONCI COMERCIALCONCI,PLA 3300,1YE3300CTNA008281,3300,Pulverizadora,Monitor,Monitor Gen 4,PCGU6UD121014,25.4 (10.35.3817-13),PCGU6UD121014,Monitor Gen 4,Nuevo - 4640 Master 1.0,5748738,Gen4,Nuevo,2024-01-24,2025-01-24,-614.0,VIGENTE,Vencida,Control administrativo,Serie de componente,PCGU6UD121014,5748738
2026-09-30,2026-09-30 17:17:34.007363,20260930_171734_c8c847,ARROYITO,5748738.0,Jose Luis Magnano,PLA 3300,1YE3300CTNA008281,3300,Pulverizadora,Monitor,Monitor Gen 4,PCGU6UD121014,25.4 (10.35.3817-13),PCGU6UD121014,Monitor Gen 4,Nuevo - 4640 Master 1.0,5748738,Gen4,Nuevo,2025-01-28,2026-01-28,-245.0,VIGENTE,Vencida,Control administrativo,Serie de componente,PCGU6UD121014,5748738
2026-09-30,2026-09-30 17:17:34.007363,20260930_171734_c8c847,,,Julian Peressini,,,,,Monitor,Monitor Gen 4,PCGU6UD117717,,PCGU6UD117717,Monitor Gen 4,Renovar - 4640 Master 1.0,491313,Gen4,Renovación,2024-08-04,2025-08-04,-422.0,VENCIDO,Vencida,Control administrativo,No encontrado,PCGU6UD117717,491313
2026-09-30,2026-09-30 17:17:34.007363,20260930_171734_c8c847,,,Julian Peressini,,,,,Monitor,Monitor Gen 4,PCGU6UD117717,,PCGU6UD117717,Monitor Gen 4,Nuevo - 4640 Master 1.0,491313,Gen4,Nuevo,2025-08-08,2026-08-08,-53.0,VENCIDO,Vencida,Control administrativo,No encontrado,PCGU6UD117717,491313
2026-09-30,2026-09-30 17:17:34.007363,20260930_171734_c8c847,,,Julian Peressini,,,,,Monitor,Monitor Gen 4,PCGU6UD117717,,PCGU6UD117717,Monitor Gen 4,Nuevo - 4640 Master 1.0,491313,Gen4,Nuevo,2023-08-03,2024-08-03,-788.0,VENCIDO,Vencida,Control administrativo,No encontrado,PCGU6UD117717,491313
2026-09-30,2026-09-30 17:17:34.007363,20260930_171734_c8c847,,,Ruben Dario Riorda,,,,,Monitor,Monitor Gen 4,PCGU6UD117358,,PCGU6UD117358,Monitor Gen 4,Nuevo - 4640 Master 1.0,4002881,Gen4,Nuevo,2023-09-01,2024-09-01,-759.0,VIGENTE,Vencida,Control administrativo,No encontrado,PCGU6UD117358,4002881
2026-09-30,2026-09-30 17:17:34.007363,20260930_171734_c8c847,,,Ruben Dario Riorda,,,,,Monitor,Monitor Gen 4,PCGU6UD117358,,PCGU6UD117358,Monitor Gen 4,Renovar - 4640 Master 1.0,4002881,Gen4,Renovación,2025-09-07,2026-09-07,-23.0,VIGENTE,Vencida,Control administrativo,No encontrado,PCGU6UD117358,4002881
2026-09-30,2026-09-30 17:17:34.007363,20260930_171734_c8c847,,,Ruben Dario Riorda,,,,,Monitor,Monitor Gen 4,PCGU6UD117358,,PCGU6UD117358,Monitor Gen 4,Nuevo - 4640 Master 1.0,4002881,Gen4,Nuevo,2024-09-06,2025-09-06,-389.0,VIGENTE,Vencida,Control administrativo,No encontrado,PCGU6UD117358,4002881
2026-09-30,2026-09-30 17:17:34.007363,20260930_171734_c8c847,CORDOBA,406172.0,MAURICIO DEFILIPPO,PLA 3300 - 8080 N°1,1YE3300CANA008080,3300,Pulverizadora,Monitor,Monitor Gen 4,PCGU6UD116223,25.4 (10.35.3817-60),PCGU6UD116223,Monitor Gen 4,Nuevo - 4640 Master 1.0,406172,Gen4,Nuevo,2023-08-14,2024-08-14,-777.0,VIGENTE,Vencida,Control administrativo,Serie de componente,PCGU6UD116223,406172
2026-09-30,2026-09-30 17:17:34.007363,20260930_171734_c8c847,CORDOBA,406172.0,MARCELO DEFILIPPO,PLA 3300 - 8080 N°1,1YE3300CANA008080,3300,Pulverizadora,Monitor,Monitor Gen 4,PCGU6UD116223,25.4 (10.35.3817-60),PCGU6UD116223,Monitor Gen 4,Nuevo - 4640 Master 1.0,406172,Gen4,Nuevo,2025-08-16,2026-08-16,-45.0,VIGENTE,Vencida,Control administrativo,Serie de componente,PCGU6UD116223,406172
2026-09-30,2026-09-30 17:17:34.007363,20260930_171734_c8c847,CORDOBA,406172.0,MARCELO DEFILIPPO,PLA 3300 - 8080 N°1,1YE3300CANA008080,3300,Pulverizadora,Monitor,Monitor Gen 4,PCGU6UD116223,25.4 (10.35.3817-60),PCGU6UD116223,Monitor Gen 4,Nuevo - 4640 Master 1.0,406172,Gen4,Nuevo,2024-08-15,2025-08-15,-411.0,VIGENTE,Vencida,Control administrativo,Serie de componente,PCGU6UD116223,406172
2026-09-30,2026-09-30 17:17:34.007363,20260930_171734_c8c847,,,FRANKLIN BOGLICH,,,,,Monitor,Monitor Gen 4,PCGU6UD115980,,PCGU6UD115980,Monitor Gen 4,Nuevo - 4640 Master 1.0,2780382,Gen4,Nuevo,2023-11-10,2024-11-10,-689.0,VIGENTE,Vencida,Control administrativo,No encontrado,PCGU6UD115980,2780382
2026-09-30,2026-09-30 17:17:34.007363,20260930_171734_c8c847,,,FRANKLIN BOGLICH,,,,,Monitor,Monitor Gen 4,PCGU6UD115980,,PCGU6UD115980,Monitor Gen 4,Nuevo - 4640 Master 1.0,2780382,Gen4,Nuevo,2024-11-13,2025-11-13,-321.0,VIGENTE,Vencida,Control administrativo,No encontrado,PCGU6UD115980,2780382
2026-09-30,2026-09-30 17:17:34.007363,20260930_171734_c8c847,,,FRANKLIN BOGLICH,,,,,Monitor,Monitor Gen 4,PCGU6UD115980,,PCGU6UD115980,Monitor Gen 4,Nuevo - 4640 Master 1.0,2780382,Gen4,Nuevo,2025-11-15,2026-11-15,46.0,VIGENTE,Vence en 60 días,Control administrativo,No encontrado,PCGU6UD115980,2780382
2026-09-30,2026-09-30 17:17:34.007363,20260930_171734_c8c847,,,Fernando Daniel Vaca,,,,,Monitor,Monitor Gen 4,PCGU6UD108532,,PCGU6UD108532,Monitor Gen 4,Renovar - 4640 Master 1.0,613183,Gen4,Renovación,2025-01-02,2026-01-02,-271.0,VENCIDO,Vencida,Control administrativo,No encontrado,PCGU6UD108532,613183
2026-09-30,2026-09-30 17:17:34.007363,20260930_171734_c8c847,,,Carlos Osvaldo Rojas,,,,,Monitor,Monitor Gen 4,PCGU6UD108505,,PCGU6UD108505,Monitor Gen 4,Renovar - 4640 Master 1.0,610697,Gen4,Renovación,2024-08-10,2025-08-10,-416.0,VENCIDO,Vencida,Control administrativo,No encontrado,PCGU6UD108505,610697
2026-09-30,2026-09-30 17:17:34.007363,20260930_171734_c8c847,PILAR,491902.0,JOAQUIN MARTINEZ,Pla Map 2900,1YE2900CCMM007774,2900,Pulverizadora,Monitor,Monitor Gen 4,PCGU6UD108457,23-1 (10.25.2820-66),PCGU6UD108457,Monitor Gen 4,Nuevo - 4640 Master 1.0,,Gen4,Nuevo,2025-11-06,2026-11-06,37.0,VIGENTE,Vence en 60 días,Control administrativo,Serie de componente,PCGU6UD108457,Nuevo - 4640 Master 1.0
2026-09-30,2026-09-30 17:17:34.007363,20260930_171734_c8c847,ARROYITO,603852.0,SERGIO PRIOTTI,PLA 8367,1YE3300FHPM008367,3300,Pulverizadora,Monitor,Monitor Gen 4,PCGU6UD108451,25.4 (10.35.3817-13),PCGU6UD108451,Monitor Gen 4,Nuevo - 4640 Master 1.0,603852,Gen4,Nuevo,2025-05-14,2026-05-14,-139.0,VENCIDO,Vencida,Control administrativo,Serie de componente,PCGU6UD108451,603852
2026-09-30,2026-09-30 17:17:34.007363,20260930_171734_c8c847,,,Carlos Alberto Barbana,,,,,Monitor,Monitor Gen 4,PCGU6UD115936,,PCGU6UD115936,Monitor Gen 4,Nuevo - 4640 Master 1.0,592778,Gen4,Nuevo,2025-09-05,2026-09-05,-25.0,VENCIDO,Vencida,Control administrativo,No encontrado,PCGU6UD115936,592778
2026-09-30,2026-09-30 17:17:34.007363,20260930_171734_c8c847,SINSACATE,579120.0,Alberto Micoli,Pulve_PLA,1YE3300FHNA008108,3300,Pulverizadora,Monitor,Monitor Gen 4,PCGU6UD115770,25.4 (10.35.3817-60),PCGU6UD115770,Monitor Gen 4,Nuevo - 4640 Master 1.0,579120,Gen4,Nuevo,2023-08-12,2024-08-12,-779.0,VIGENTE,Vencida,Control administrativo,Serie de componente,PCGU6UD115770,579120
2026-09-30,2026-09-30 17:17:34.007363,20260930_171734_c8c847,SINSACATE,579120.0,Alberto Micoli,Pulve_PLA,1YE3300FHNA008108,3300,Pulverizadora,Monitor,Monitor Gen 4,PCGU6UD115770,25.4 (10.35.3817-60),PCGU6UD115770,Monitor Gen 4,Nuevo - 4640 Master 1.0,579120,Gen4,Nuevo,2024-08-15,2025-08-15,-411.0,VIGENTE,Vencida,Control administrativo,Serie de componente,PCGU6UD115770,579120
2026-09-30,2026-09-30 17:17:34.007363,20260930_171734_c8c847,SINSACATE,579120.0,Alberto Micoli,Pulve_PLA,1YE3300FHNA008108,3300,Pulverizadora,Monitor,Monitor Gen 4,PCGU6UD115770,25.4 (10.35.3817-60),PCGU6UD115770,Monitor Gen 4,Nuevo - 4640 Master 1.0,579120,Gen4,Nuevo,2025-08-28,2026-08-28,-33.0,VIGENTE,Vencida,Control administrativo,Serie de componente,PCGU6UD115770,579120
2026-09-30,2026-09-30 17:17:34.007363,20260930_171734_c8c847,CORDOBA,277819.0,Miguel Campetella,PLA - 3600,1YE3600FNA08050,PLA,Pulverizadora,Monitor,Monitor Gen 4,PCGU6UD115517,25.4 (10.35.3817-60),PCGU6UD115517,Monitor Gen 4,Nuevo - 4640 Master 1.0,277819,Gen4,Nuevo,2024-12-02,2025-12-02,-302.0,VIGENTE,Vencida,Control administrativo,Serie de componente,PCGU6UD115517,277819
2026-09-30,2026-09-30 17:17:34.007363,20260930_171734_c8c847,CORDOBA,277819.0,Miguel Campetella,PLA - 3600,1YE3600FNA08050,PLA,Pulverizadora,Monitor,Monitor Gen 4,PCGU6UD115517,25.4 (10.35.3817-60),PCGU6UD115517,Monitor Gen 4,Nuevo - 4640 Master 1.0,277819,Gen4,Nuevo,2023-12-01,2024-12-01,-668.0,VIGENTE,Vencida,Control administrativo,Serie de componente,PCGU6UD115517,277819
2026-09-30,2026-09-30 17:17:34.007363,20260930_171734_c8c847,,,Carolina Balsuar,,,,,Monitor,Monitor Gen 4,PCGU6UD114661,,PCGU6UD114661,Monitor Gen 4,Nuevo - 4640 Master 1.0,,Gen4,Nuevo,2026-02-09,2027-02-09,132.0,VIGENTE,Vigente,Control administrativo,No encontrado,PCGU6UD114661,Nuevo - 4640 Master 1.0
2026-09-30,2026-09-30 17:17:34.007363,20260930_171734_c8c847,SINSACATE,579120.0,Alberto Micoli,1BM8320RJPS100792,1BM8320RJPS100792,8320R,Tractor,Monitor,Monitor Gen 4,PCGUPSB959639,25.2 (10.31.3676-103),PCGUPSB959639,Monitor Gen 4,Actualización - CommandCenter Automation 4,579120,Gen4,Actualización,2025-09-01,2029-10-28,1124.0,VIGENTE,Vigente,Control administrativo,Serie de componente,PCGUPSB959639,579120
2026-09-30,2026-09-30 17:17:34.007363,20260930_171734_c8c847,SANTA ROSA,479802.0,Dario Jensen,Pulverizadora 4025M Jensen,1NW4025MKK0190436,M4025,Pulverizadora,Monitor,Monitor Gen 4,PCGUPSA721929,25.2 (10.31.3676-103),PCGUPSA721929,Monitor Gen 4,Nuevo - CommandCenter Master 1.0,479802,Gen4,Nuevo,2025-07-23,2026-07-23,-69.0,VIGENTE,Vencida,Control administrativo,Serie de componente,PCGUPSA721929,479802
2026-09-30,2026-09-30 17:17:34.007363,20260930_171734_c8c847,SINSACATE,425653.0,MARIANO CARRENO,Tractor 8245R (1),1BM8245RCKS100074,8245R,Tractor,Monitor,Monitor Gen 4,PCGUPSA717776,25.4 (10.35.3817-13),PCGUPSA717776,Monitor Gen 4,Nuevo - CommandCenter Automation 4,425653,Gen4,Nuevo,2025-10-29,2026-10-29,29.0,POR VENCER,Vence en 30 días,Control administrativo,Serie de componente,PCGUPSA717776,425653
2026-09-30,2026-09-30 17:17:34.007363,20260930_171734_c8c847,,,Hector Canavesio,,,,,Monitor,Monitor Gen 4,PCGUMUB033944,,PCGUMUB033944,Monitor Gen 4,Renovar - 4240 Section Control,-,Gen4,Renovación,2024-12-15,2025-12-15,-289.0,VENCIDO,Vencida,Control administrativo,No encontrado,PCGUMUB033944,-
2026-09-30,2026-09-30 17:17:34.007363,20260930_171734_c8c847,ARROYITO,4638841.0,gianfranco drusian,CQ9650A080289,CQ9650A080289,9650 STS,Cosechadora,Monitor,Monitor Gen 4,PCGU6UD143693,25.1 (10.30.3567-82),PCGU6UD143693,Monitor Gen 4,Nuevo - 4640 Master 1.0,4638841,Gen4,Nuevo,2024-10-02,2025-10-02,-363.0,VENCIDO,Vencida,Control administrativo,Serie de componente,PCGU6UD143693,4638841
2026-09-30,2026-09-30 17:17:34.007363,20260930_171734_c8c847,,,JHL Lomas S.A.,,,,,Monitor,Monitor Gen 4,PCGU6UD111341,,PCGU6UD111341,Monitor Gen 4,Nuevo - 4640 Master 1.0,2948381,Gen4,Nuevo,2024-04-05,2025-04-05,-543.0,VENCIDO,Vencida,Control administrativo,No encontrado,PCGU6UD111341,2948381
2026-09-30,2026-09-30 17:17:34.007363,20260930_171734_c8c847,,,LUIS MARIA RODRIGUEZ,,,,,Monitor,Monitor Gen 4,PCGU6UD105579,,PCGU6UD105579,Monitor Gen 4,Renovar - 4640 Master 1.0,495864,Gen4,Renovación,2025-12-21,2026-12-21,82.0,VIGENTE,Vence en 90 días,Control administrativo,No encontrado,PCGU6UD105579,495864
2026-09-30,2026-09-30 17:17:34.007363,20260930_171734_c8c847,,,JHL Lomas S.A.,,,,,Monitor,Monitor Gen 4,PCGU6UD111341,,PCGU6UD111341,Monitor Gen 4,Nuevo - 4640 Master 1.0,2948381,Gen4,Nuevo,2025-04-07,2026-04-07,-176.0,VENCIDO,Vencida,Control administrativo,No encontrado,PCGU6UD111341,2948381
2026-09-30,2026-09-30 17:17:34.007363,20260930_171734_c8c847,SINSACATE,413239.0,VÍCTOR DEGIORGIO,4730 De Giorgio Victor,N04730X008066,4730,Pulverizadora,Monitor,Monitor Gen 4,PCGU6UD140179,25.2 (10.31.3676-103),PCGU6UD140179,Monitor Gen 4,Nuevo - 4640 Universal Automation 4,413239,Gen4,Nuevo,2025-08-20,2026-08-20,-41.0,VENCIDO,Vencida,Control administrativo,Serie de componente,PCGU6UD140179,413239
2026-09-30,2026-09-30 17:17:34.007363,20260930_171734_c8c847,CORDOBA,547251.0,Carolina Balsuar,PLA BY 3300 GD BT 2625,7939,3300,Pulverizadora,Monitor,Monitor Gen 4,PCGU6UD111216,25.4 (10.35.3817-9),PCGU6UD111216,Monitor Gen 4,Nuevo - 4640 Master 1.0,,Gen4,Nuevo,2026-01-22,2027-01-22,114.0,VIGENTE,Vigente,Control administrativo,Serie de componente,PCGU6UD111216,Nuevo - 4640 Master 1.0
2026-09-30,2026-09-30 17:17:34.007363,20260930_171734_c8c847,,,Rodolfo Jose Pierangeli,,,,,Monitor,Monitor Gen 4,PCGU6UD111176,,PCGU6UD111176,Monitor Gen 4,Nuevo - 4640 Master 1.0,2789141,Gen4,Nuevo,2024-01-29,2025-01-29,-609.0,VIGENTE,Vencida,Control administrativo,No encontrado,PCGU6UD111176,2789141
2026-09-30,2026-09-30 17:17:34.007363,20260930_171734_c8c847,,,Rodolfo Jose Pierangeli,,,,,Monitor,Monitor Gen 4,PCGU6UD111176,,PCGU6UD111176,Monitor Gen 4,Renovar - 4640 Master 1.0,2789141,Gen4,Renovación,2025-01-30,2026-01-30,-243.0,VIGENTE,Vencida,Control administrativo,No encontrado,PCGU6UD111176,2789141
2026-09-30,2026-09-30 17:17:34.007363,20260930_171734_c8c847,,,Rodolfo Jose Pierangeli,,,,,Monitor,Monitor Gen 4,PCGU6UD111176,,PCGU6UD111176,Monitor Gen 4,Nuevo - 4640 Master 1.0,2789141,Gen4,Nuevo,2026-02-02,2027-02-02,125.0,VIGENTE,Vigente,Control administrativo,No encontrado,PCGU6UD111176,2789141
2026-09-30,2026-09-30 17:17:34.007363,20260930_171734_c8c847,,,Antonio Ansibio Guijarro,,,,,Monitor,Monitor Gen 4,PCGU6UD111172,,PCGU6UD111172,Monitor Gen 4,Renovar - 4640 Master 1.0,4603881,Gen4,Renovación,2023-05-24,2024-05-24,-859.0,VIGENTE,Vencida,Control administrativo,No encontrado,PCGU6UD111172,4603881
2026-09-30,2026-09-30 17:17:34.007363,20260930_171734_c8c847,,,Antonio Ansibio Guijarro,,,,,Monitor,Monitor Gen 4,PCGU6UD111172,,PCGU6UD111172,Monitor Gen 4,Nuevo - 4640 Master 1.0,4603881,Gen4,Nuevo,2024-05-30,2025-05-30,-488.0,VIGENTE,Vencida,Control administrativo,No encontrado,PCGU6UD111172,4603881
2026-09-30,2026-09-30 17:17:34.007363,20260930_171734_c8c847,,,Antonio Ansibio Guijarro,,,,,Monitor,Monitor Gen 4,PCGU6UD111172,,PCGU6UD111172,Monitor Gen 4,Nuevo - 4640 Master 1.0,4603881,Gen4,Nuevo,2025-06-09,2026-06-09,-113.0,VIGENTE,Vencida,Control administrativo,No encontrado,PCGU6UD111172,4603881
2026-09-30,2026-09-30 17:17:34.007363,20260930_171734_c8c847,,,Antonio Ansibio Guijarro,,,,,Monitor,Monitor Gen 4,PCGU6UD111172,,PCGU6UD111172,Monitor Gen 4,Nuevo - 4640 Master 1.0,4603881,Gen4,Nuevo,2026-06-15,2027-06-15,258.0,VIGENTE,Vigente,Control administrativo,No encontrado,PCGU6UD111172,4603881
2026-09-30,2026-09-30 17:17:34.007363,20260930_171734_c8c847,,,GUSTAVO PAGLIALUNGA,,,,,Receptor de posición,Antena 6000,PCGT3TB792793,,PCGT3TB792793,Antena 6000,Nuevo - SF2,307486,SF6000,Nuevo,2023-12-06,2024-03-06,-938.0,VENCIDO,Vencida,Control administrativo,No encontrado,PCGT3TB792793,307486
2026-09-30,2026-09-30 17:17:34.007363,20260930_171734_c8c847,,,JUAN CARLOS CONCI,,,,,Monitor,Monitor Gen 4,PCGU6UD111165,,PCGU6UD111165,Monitor Gen 4,Nuevo - 4640 Master 1.0,2780721,Gen4,Nuevo,2023-05-22,2024-05-22,-861.0,VIGENTE,Vencida,Control administrativo,No encontrado,PCGU6UD111165,2780721
2026-09-30,2026-09-30 17:17:34.007363,20260930_171734_c8c847,,,JUAN CARLOS CHIAPPAFREDDO,,,,,Monitor,Monitor Gen 4,PCGU6UD111165,,PCGU6UD111165,Monitor Gen 4,Nuevo - 4640 Master 1.0,2780721,Gen4,Nuevo,2024-05-30,2025-05-30,-488.0,VIGENTE,Vencida,Control administrativo,No encontrado,PCGU6UD111165,2780721
2026-09-30,2026-09-30 17:17:34.007363,20260930_171734_c8c847,,,JUAN CARLOS CHIAPPAFREDDO,,,,,Monitor,Monitor Gen 4,PCGU6UD111165,,PCGU6UD111165,Monitor Gen 4,Nuevo - 4640 Master 1.0,2780721,Gen4,Nuevo,2025-06-04,2026-06-04,-118.0,VIGENTE,Vencida,Control administrativo,No encontrado,PCGU6UD111165,2780721
2026-09-30,2026-09-30 17:17:34.007363,20260930_171734_c8c847,PILAR,4114801.0,DEALER 243395 NAVARRO SA,SOL SRL - PLA 3300 MD,7948,3300,Pulverizadora,Monitor,Monitor Gen 4,PCGU6UD110617,24-1 (10.28.3314-79),PCGU6UD110617,Monitor Gen 4,Renovar - 4640 Master 1.0,4114801,Gen4,Renovación,2024-01-08,2025-01-08,-630.0,VENCIDO,Vencida,Control administrativo,Serie de componente,PCGU6UD110617,4114801
2026-09-30,2026-09-30 17:17:34.007363,20260930_171734_c8c847,PILAR,4114801.0,DEALER 243395 NAVARRO SA,SOL SRL - PLA 3300 MD,7948,3300,Pulverizadora,Monitor,Monitor Gen 4,PCGU6UD110617,24-1 (10.28.3314-79),PCGU6UD110617,Monitor Gen 4,Renovar - 4640 Master 1.0,4114801,Gen4,Renovación,2025-01-09,2026-01-09,-264.0,VENCIDO,Vencida,Control administrativo,Serie de componente,PCGU6UD110617,4114801
2026-09-30,2026-09-30 17:17:34.007363,20260930_171734_c8c847,,,ROBERTO PAIRETTI,,,,,Monitor,Monitor Gen 4,PCGU6UD108627,,PCGU6UD108627,Monitor Gen 4,Renovar - 4640 Master 1.0,358684,Gen4,Renovación,2025-10-28,2026-10-28,28.0,POR VENCER,Vence en 30 días,Control administrativo,No encontrado,PCGU6UD108627,358684
2026-09-30,2026-09-30 17:17:34.007363,20260930_171734_c8c847,,,ROBERTO PAIRETTI,,,,,Monitor,Monitor Gen 4,PCGU6UD108627,,PCGU6UD108627,Monitor Gen 4,Nuevo - 4640 Master 1.0,358684,Gen4,Nuevo,2023-10-26,2024-10-26,-704.0,POR VENCER,Vencida,Control administrativo,No encontrado,PCGU6UD108627,358684
2026-09-30,2026-09-30 17:17:34.007363,20260930_171734_c8c847,,,ROBERTO PAIRETTI,,,,,Monitor,Monitor Gen 4,PCGU6UD108627,,PCGU6UD108627,Monitor Gen 4,Renovar - 4640 Master 1.0,358684,Gen4,Renovación,2024-10-27,2025-10-27,-338.0,POR VENCER,Vencida,Control administrativo,No encontrado,PCGU6UD108627,358684
2026-09-30,2026-09-30 17:17:34.007363,20260930_171734_c8c847,,,Carlos Osvaldo Rojas,,,,,Monitor,Monitor Gen 4,PCGU6UD108505,,PCGU6UD108505,Monitor Gen 4,Nuevo - 4640 Master 1.0,610697,Gen4,Nuevo,2023-08-09,2024-08-09,-782.0,VENCIDO,Vencida,Control administrativo,No encontrado,PCGU6UD108505,610697
2026-09-30,2026-09-30 17:17:34.007363,20260930_171734_c8c847,,,Alexis Emanuel Giacoletti,,,,,Monitor,Monitor Gen 4,PCGU6UD108252,,PCGU6UD108252,Monitor Gen 4,Nuevo - 4640 Master 1.0,4523941,Gen4,Nuevo,2023-11-23,2024-11-23,-676.0,VIGENTE,Vencida,Control administrativo,No encontrado,PCGU6UD108252,4523941
2026-09-30,2026-09-30 17:17:34.007363,20260930_171734_c8c847,,,Priotti Mauricio,,,,,Monitor,Monitor Gen 4,PCGU6UD108027,,PCGU6UD108027,Monitor Gen 4,Renovar - 4640 Master 1.0,4185081,Gen4,Renovación,2024-05-29,2025-05-29,-489.0,VENCIDO,Vencida,Control administrativo,No encontrado,PCGU6UD108027,4185081
2026-09-30,2026-09-30 17:17:34.007363,20260930_171734_c8c847,,,JUAN CARLOS CONCI,,,,,Receptor de posición,Antena 6000,PCGT3TA117778,,PCGT3TA117778,Antena 6000,Nuevo - SF2,-,SF6000,Nuevo,2025-10-17,2026-01-17,-256.0,VENCIDO,Vencida,Control administrativo,No encontrado,PCGT3TA117778,-
2026-09-30,2026-09-30 17:17:34.007363,20260930_171734_c8c847,,,JOSE MARIA FULGENZI,,,,,Monitor,Monitor Gen 4,PCGU6UD107983,,PCGU6UD107983,Monitor Gen 4,Renovar - 4640 Master 1.0,4660901,Gen4,Renovación,2024-02-03,2025-02-03,-604.0,VIGENTE,Vencida,Control administrativo,No encontrado,PCGU6UD107983,4660901
2026-09-30,2026-09-30 17:17:34.007363,20260930_171734_c8c847,,,Jorge Carra,,,,,Monitor,Monitor Gen 4,PCGU6UB533572,,PCGU6UB533572,Monitor Gen 4,Renovar - 4640 Master 1.0,2769601,Gen4,Renovación,2024-10-22,2025-10-22,-343.0,POR VENCER,Vencida,Control administrativo,No encontrado,PCGU6UB533572,2769601
2026-09-30,2026-09-30 17:17:34.007363,20260930_171734_c8c847,,,ELIO CARREGGIO,,,,,Monitor,Monitor Gen 4,PCGU6UD107954,,PCGU6UD107954,Monitor Gen 4,Renovar - 4640 Master 1.0,566049,Gen4,Renovación,2024-11-12,2025-11-12,-322.0,VIGENTE,Vencida,Control administrativo,No encontrado,PCGU6UD107954,566049
2026-09-30,2026-09-30 17:17:34.007363,20260930_171734_c8c847,,,ELIO CARREGGIO,,,,,Monitor,Monitor Gen 4,PCGU6UD107954,,PCGU6UD107954,Monitor Gen 4,Renovar - 4640 Master 1.0,566049,Gen4,Renovación,2025-11-13,2026-11-13,44.0,VIGENTE,Vence en 60 días,Control administrativo,No encontrado,PCGU6UD107954,566049
2026-09-30,2026-09-30 17:17:34.007363,20260930_171734_c8c847,,,Luis María Rodriguez,,,,,Monitor,Monitor Gen 4,PCGU6UD105579,,PCGU6UD105579,Monitor Gen 4,Nuevo - 4640 Master 1.0,495864,Gen4,Nuevo,2024-12-20,2025-12-20,-284.0,VIGENTE,Vencida,Control administrativo,No encontrado,PCGU6UD105579,495864
2026-09-30,2026-09-30 17:17:34.007363,20260930_171734_c8c847,SINSACATE,324409.0,DANIEL DEGIORGIO,8320 DeGiorgio,1RW8320RLGP112400,8320R,Tractor,Monitor,Monitor Gen 4,PCGU6UD104729,25.4 (10.35.3817-60),PCGU6UD104729,Monitor Gen 4,Actualización - 4640 Universal Automation 4,324409,Gen4,Actualización,2025-04-30,2026-06-22,-100.0,VIGENTE,Vencida,Control administrativo,Serie de componente,PCGU6UD104729,324409
2026-09-30,2026-09-30 17:17:34.007363,20260930_171734_c8c847,,,FERNANDO RUATTA,,,,,Monitor,Monitor Gen 4,PCGU6UD102023,,PCGU6UD102023,Monitor Gen 4,Nuevo - 4640 Master 1.0,447056,Gen4,Nuevo,2023-10-30,2024-10-30,-700.0,VIGENTE,Vencida,Control administrativo,No encontrado,PCGU6UD102023,447056
2026-09-30,2026-09-30 17:17:34.007363,20260930_171734_c8c847,,,FERNANDO RUATTA,,,,,Monitor,Monitor Gen 4,PCGU6UD102023,,PCGU6UD102023,Monitor Gen 4,Nuevo - 4640 Master 1.0,447056,Gen4,Nuevo,2024-11-12,2025-11-12,-322.0,VIGENTE,Vencida,Control administrativo,No encontrado,PCGU6UD102023,447056
2026-09-30,2026-09-30 17:17:34.007363,20260930_171734_c8c847,,,FERNANDO RUATTA,,,,,Monitor,Monitor Gen 4,PCGU6UD102023,,PCGU6UD102023,Monitor Gen 4,Nuevo - 4640 Master 1.0,447056,Gen4,Nuevo,2025-11-14,2026-11-14,45.0,VIGENTE,Vence en 60 días,Control administrativo,No encontrado,PCGU6UD102023,447056
2026-09-30,2026-09-30 17:17:34.007363,20260930_171734_c8c847,,,Priotti Mauricio,,,,,Monitor,Monitor Gen 4,PCGU6UD108027,,PCGU6UD108027,Monitor Gen 4,Nuevo - 4640 Master 1.0,4185081,Gen4,Nuevo,2023-05-28,2024-05-28,-855.0,VENCIDO,Vencida,Control administrativo,No encontrado,PCGU6UD108027,4185081
2026-09-30,2026-09-30 17:17:34.007363,20260930_171734_c8c847,ARROYITO,584365.0,Gerardo Villosio,PLA MAP 3 2900,1YE2900CHMM007845,2900,Pulverizadora,Monitor,Monitor Gen 4,PCGU6UD102010,22-3 (10.24.2669-82),PCGU6UD102010,Monitor Gen 4,Renovar - 4640 Master 1.0,584365,Gen4,Renovación,2026-07-30,2027-07-30,303.0,VIGENTE,Vigente,Control administrativo,Serie de componente,PCGU6UD102010,584365
2026-09-30,2026-09-30 17:17:34.007363,20260930_171734_c8c847,ARROYITO,584365.0,Gerardo Villosio,PLA MAP 3 2900,1YE2900CHMM007845,2900,Pulverizadora,Monitor,Monitor Gen 4,PCGU6UD102010,22-3 (10.24.2669-82),PCGU6UD102010,Monitor Gen 4,Renovar - 4640 Master 1.0,584365,Gen4,Renovación,2025-07-29,2026-07-29,-63.0,VIGENTE,Vencida,Control administrativo,Serie de componente,PCGU6UD102010,584365
2026-09-30,2026-09-30 17:17:34.007363,20260930_171734_c8c847,PILAR,8295160.0,CARLOS ALBERTO PAGAN,PLA 3300,7687,BX-3300 MD BT,Pulverizadora,Monitor,Monitor Gen 4,PCGU6UB544162,25.4 (10.35.3817-9),PCGU6UB544162,Monitor Gen 4,Renovar - 4640 Master 1.0,450652,Gen4,Renovación,2024-05-20,2025-05-20,-498.0,VIGENTE,Vencida,Control administrativo,Serie de componente,PCGU6UB544162,450652
2026-09-30,2026-09-30 17:17:34.007363,20260930_171734_c8c847,PILAR,8295160.0,CARLOS ALBERTO PAGAN,PLA 3300,7687,BX-3300 MD BT,Pulverizadora,Monitor,Monitor Gen 4,PCGU6UB544162,25.4 (10.35.3817-9),PCGU6UB544162,Monitor Gen 4,Renovar - 4640 Master 1.0,450652,Gen4,Renovación,2025-05-21,2026-05-21,-132.0,VIGENTE,Vencida,Control administrativo,Serie de componente,PCGU6UB544162,450652
2026-09-30,2026-09-30 17:17:34.007363,20260930_171734_c8c847,,,CRISTIAN MIRANDA,,,,,Monitor,Monitor Gen 4,PCGU6UB544140,,PCGU6UB544140,Monitor Gen 4,Nuevo - 4640 Master 1.0,,Gen4,Nuevo,2026-06-10,2027-06-10,253.0,VIGENTE,Vigente,Control administrativo,No encontrado,PCGU6UB544140,Nuevo - 4640 Master 1.0
2026-09-30,2026-09-30 17:17:34.007363,20260930_171734_c8c847,,,Mario Borgna,,,,,Monitor,Monitor Gen 4,PCGU6UB544077,,PCGU6UB544077,Monitor Gen 4,Nuevo - 4640 Master 1.0,5946444,Gen4,Nuevo,2025-05-20,2026-05-20,-133.0,VIGENTE,Vencida,Control administrativo,No encontrado,PCGU6UB544077,5946444
2026-09-30,2026-09-30 17:17:34.007363,20260930_171734_c8c847,,,Mario Borgna,,,,,Monitor,Monitor Gen 4,PCGU6UB544077,,PCGU6UB544077,Monitor Gen 4,Renovar - 4640 Master 1.0,5946444,Gen4,Renovación,2024-05-18,2025-05-18,-500.0,VIGENTE,Vencida,Control administrativo,No encontrado,PCGU6UB544077,5946444
2026-09-30,2026-09-30 17:17:34.007363,20260930_171734_c8c847,,,Mario Borgna,,,,,Monitor,Monitor Gen 4,PCGU6UB544077,,PCGU6UB544077,Monitor Gen 4,Nuevo - 4640 Master 1.0,5946444,Gen4,Nuevo,2026-05-22,2027-05-22,234.0,VIGENTE,Vigente,Control administrativo,No encontrado,PCGU6UB544077,5946444
2026-09-30,2026-09-30 17:17:34.007363,20260930_171734_c8c847,,,COMERCIALCONCI COMERCIALCONCI,,,,,Monitor,Monitor Gen 4,PCGU6UB543035,,PCGU6UB543035,Monitor Gen 4,Renovar - 4640 Master 1.0,540704,Gen4,Renovación,2024-10-27,2025-10-27,-338.0,VENCIDO,Vencida,Control administrativo,No encontrado,PCGU6UB543035,540704
2026-09-30,2026-09-30 17:17:34.007363,20260930_171734_c8c847,,,PRO CAMPO,,,,,Monitor,Monitor Gen 4,PCGU6UB543035,,PCGU6UB543035,Monitor Gen 4,Renovar - 4640 Master 1.0,540704,Gen4,Renovación,2023-10-26,2024-10-26,-704.0,VENCIDO,Vencida,Control administrativo,No encontrado,PCGU6UB543035,540704
2026-09-30,2026-09-30 17:17:34.007363,20260930_171734_c8c847,,,Javier Balcells,,,,,Monitor,Monitor Gen 4,PCGU6UB533932,,PCGU6UB533932,Monitor Gen 4,Nuevo - 4640 Master 1.0,496369,Gen4,Nuevo,2023-12-07,2024-12-07,-662.0,VIGENTE,Vencida,Control administrativo,No encontrado,PCGU6UB533932,496369
2026-09-30,2026-09-30 17:17:34.007363,20260930_171734_c8c847,,,Javier Balcells,,,,,Monitor,Monitor Gen 4,PCGU6UB533932,,PCGU6UB533932,Monitor Gen 4,Nuevo - 4640 Master 1.0,496369,Gen4,Nuevo,2024-12-20,2025-12-20,-284.0,VIGENTE,Vencida,Control administrativo,No encontrado,PCGU6UB533932,496369
2026-09-30,2026-09-30 17:17:34.007363,20260930_171734_c8c847,,,Jorge Carra,,,,,Monitor,Monitor Gen 4,PCGU6UB533572,,PCGU6UB533572,Monitor Gen 4,Renovar - 4640 Master 1.0,2769601,Gen4,Renovación,2025-10-23,2026-10-23,23.0,POR VENCER,Vence en 30 días,Control administrativo,No encontrado,PCGU6UB533572,2769601
2026-09-30,2026-09-30 17:17:34.007363,20260930_171734_c8c847,,,GUSTAVO PAGLIALUNGA,,,,,Monitor,Monitor Gen 4,PCGU6UB533535,,PCGU6UB533535,Monitor Gen 4,Nuevo - 4640 Master 1.0,307486,Gen4,Nuevo,2025-09-23,2026-09-23,-7.0,VIGENTE,Vencida,Control administrativo,No encontrado,PCGU6UB533535,307486
2026-09-30,2026-09-30 17:17:34.007363,20260930_171734_c8c847,ARROYITO,1965561.0,HUGO GHIO,1J0S680BVG0110156,1J0S680BVG0110156,S680,Cosechadora,Monitor,Monitor Gen 4,PCGU2UG576007,3.36.1073,PCGU2UG576007,Monitor Gen 4,Nuevo - N Sensing,1965561,Gen4,Nuevo,2025-04-30,,,VENCIDO,Vencida,Control administrativo,Serie de componente,PCGU2UG576007,1965561
2026-09-30,2026-09-30 17:17:34.007363,20260930_171734_c8c847,,,Marcos Sbiglio,,,,,Receptor de posición,Antena 6000,PCGT6TA374604,,PCGT6TA374604,Antena 6000,Nuevo - SF3,521300,SF6000,Nuevo,2023-11-25,2024-02-25,-948.0,VENCIDO,Vencida,Control administrativo,No encontrado,PCGT6TA374604,521300
2026-09-30,2026-09-30 17:17:34.007363,20260930_171734_c8c847,CORDOBA,587263.0,Leandro Giannobi,4730,N04730X005486,4730,Pulverizadora,Monitor,Monitor Gen 4,PCGU6UD121130,25.2 (10.31.3676-103),PCGU6UD121130,Monitor Gen 4,Renovar - 4640 Master 1.0,587263,Gen4,Renovación,2023-10-05,2024-10-05,-725.0,VIGENTE,Vencida,Control administrativo,Serie de componente,PCGU6UD121130,587263
2026-09-30,2026-09-30 17:17:34.007363,20260930_171734_c8c847,,,Marcos Sbiglio,,,,,Receptor de posición,Antena 6000,PCGT6TA374604,,PCGT6TA374604,Antena 6000,Nuevo - SF3,521300,SF6000,Nuevo,2024-05-20,2025-05-20,-498.0,VENCIDO,Vencida,Control administrativo,No encontrado,PCGT6TA374604,521300
2026-09-30,2026-09-30 17:17:34.007363,20260930_171734_c8c847,SINSACATE,530850.0,MARCELO RUIZ,7230J RUIZ MARCELO,1RW7230STLC120124,7R 230,Tractor,Receptor de posición,Antena 6000,PCGT6FB365192,4.60H,PCGT6FB365192,Antena 6000,Renovar - SF3,530850,SF6000,Renovación,2024-08-01,2025-08-01,-425.0,VIGENTE,Vencida,Control administrativo,Serie de componente,PCGT6FB365192,530850
2026-09-30,2026-09-30 17:17:34.007363,20260930_171734_c8c847,,,SEGUNDO MIGUEL DELGADO,,,,,Monitor,Monitor Gen 4,PCGU6UD141457,,PCGU6UD141457,Monitor Gen 4,Nuevo - 4640 Master 1.0,4411781,Gen4,Nuevo,2023-10-20,2024-10-20,-710.0,VENCIDO,Vencida,Control administrativo,No encontrado,PCGU6UD141457,4411781
2026-09-30,2026-09-30 17:17:34.007363,20260930_171734_c8c847,SINSACATE,530850.0,MARCELO RUIZ,7230J RUIZ MARCELO,1RW7230STLC120124,7R 230,Tractor,Receptor de posición,Antena 6000,PCGT6FB365192,4.60H,PCGT6FB365192,Antena 6000,Renovar - SF3,530850,SF6000,Renovación,2025-08-02,2026-08-02,-59.0,VIGENTE,Vencida,Control administrativo,Serie de componente,PCGT6FB365192,530850
2026-09-30,2026-09-30 17:17:34.007363,20260930_171734_c8c847,,,GUSTAVO PAGLIALUNGA,,,,,Receptor de posición,Antena 6000,PCGT3TB792793,,PCGT3TB792793,Antena 6000,Nuevo - SF2,307486,SF6000,Nuevo,2024-10-25,2025-01-25,-613.0,VENCIDO,Vencida,Control administrativo,No encontrado,PCGT3TB792793,307486
2026-09-30,2026-09-30 17:17:34.007363,20260930_171734_c8c847,SINSACATE,530850.0,MARCELO RUIZ,7230J RUIZ MARCELO,1RW7230STLC120124,7R 230,Tractor,Receptor de posición,Antena 6000,PCGT6FB365192,4.60H,PCGT6FB365192,Antena 6000,Renovar - SF3,530850,SF6000,Renovación,2023-07-31,2024-07-31,-791.0,VIGENTE,Vencida,Control administrativo,Serie de componente,PCGT6FB365192,530850
2026-09-30,2026-09-30 17:17:34.007363,20260930_171734_c8c847,,,ELIO CARREGGIO,,,,,Monitor,Monitor Gen 4,PCGU6UD107954,,PCGU6UD107954,Monitor Gen 4,Renovar - 4640 Master 1.0,566049,Gen4,Renovación,2023-11-11,2024-11-11,-688.0,VIGENTE,Vencida,Control administrativo,No encontrado,PCGU6UD107954,566049
2026-09-30,2026-09-30 17:17:34.007363,20260930_171734_c8c847,,,ESTEBAN BURATTI,,,,,Monitor,Monitor Gen 4,PCGU6UD121300,,PCGU6UD121300,Monitor Gen 4,Nuevo - 4640 Master 1.0,426894,Gen4,Nuevo,2023-11-09,2024-11-09,-690.0,VENCIDO,Vencida,Control administrativo,No encontrado,PCGU6UD121300,426894
2026-09-30,2026-09-30 17:17:34.007363,20260930_171734_c8c847,SINSACATE,6004179.0,José Luis Moreno,7R230,1RW7230SELC111209,7R 230,Tractor,Receptor de posición,Antena 6000,PCGT6FB345609,4.60H,PCGT6FB345609,Antena 6000,Nuevo - SF3,6004179,SF6000,Nuevo,2024-11-11,2025-05-11,-507.0,VENCIDO,Vencida,Control administrativo,Serie de componente,PCGT6FB345609,6004179
2026-09-30,2026-09-30 17:17:34.007363,20260930_171734_c8c847,SINSACATE,6004179.0,José Luis Moreno,7R230,1RW7230SELC111209,7R 230,Tractor,Receptor de posición,Antena 6000,PCGT6FB345609,4.60H,PCGT6FB345609,Antena 6000,Nuevo - SF3,6004179,SF6000,Nuevo,2025-12-09,2026-03-09,-205.0,VENCIDO,Vencida,Control administrativo,Serie de componente,PCGT6FB345609,6004179
2026-09-30,2026-09-30 17:17:34.007363,20260930_171734_c8c847,SINSACATE,6004179.0,José Luis Moreno,7R230,1RW7230SELC111209,7R 230,Tractor,Receptor de posición,Antena 6000,PCGT6FB345609,4.60H,PCGT6FB345609,Antena 6000,Nuevo - SF3,6004179,SF6000,Nuevo,2023-11-21,2024-02-21,-952.0,VENCIDO,Vencida,Control administrativo,Serie de componente,PCGT6FB345609,6004179
2026-09-30,2026-09-30 17:17:34.007363,20260930_171734_c8c847,CORDOBA,509400.0,RUBEN PAPALINI,7230R SVR,1RW7230SKLC111023,7R 230,Tractor,Receptor de posición,Antena 6000,PCGT6FB341986,4.60H,PCGT6FB341986,Antena 6000,Nuevo - SF3,509400,SF6000,Nuevo,2023-08-11,2026-08-11,-50.0,VENCIDO,Vencida,Control administrativo,Serie de componente,PCGT6FB341986,509400
2026-09-30,2026-09-30 17:17:34.007363,20260930_171734_c8c847,CORDOBA,496369.0,Antonio Lupi,7230 R Lupi,1RW7230SPLC110940,7R 230,Tractor,Receptor de posición,Antena 6000,PCGT6FB341063,4.60H,PCGT6FB341063,Antena 6000,Nuevo - SF3,496369,SF6000,Nuevo,2023-12-01,2024-03-01,-943.0,VENCIDO,Vencida,Control administrativo,Serie de componente,PCGT6FB341063,496369
2026-09-30,2026-09-30 17:17:34.007363,20260930_171734_c8c847,CORDOBA,496369.0,Antonio Lupi,7230 R Lupi,1RW7230SPLC110940,7R 230,Tractor,Receptor de posición,Antena 6000,PCGT6FB341063,4.60H,PCGT6FB341063,Antena 6000,Nuevo - SF3,496369,SF6000,Nuevo,2025-11-17,2026-02-17,-225.0,VENCIDO,Vencida,Control administrativo,Serie de componente,PCGT6FB341063,496369
2026-09-30,2026-09-30 17:17:34.007363,20260930_171734_c8c847,SINSACATE,492480.0,AGRO COLIBRI,7230R Tractor Agro Colibrí,1RW7230SELC110688,7R 230,Tractor,Receptor de posición,Antena 6000,PCGT6FB325224,4.60H,PCGT6FB325224,Antena 6000,Renovar - SF3,492480,SF6000,Renovación,2023-11-24,2024-11-24,-675.0,VIGENTE,Vencida,Control administrativo,Serie de componente,PCGT6FB325224,492480
2026-09-30,2026-09-30 17:17:34.007363,20260930_171734_c8c847,SINSACATE,492480.0,AGRO COLIBRI,7230R Tractor Agro Colibrí,1RW7230SELC110688,7R 230,Tractor,Receptor de posición,Antena 6000,PCGT6FB325224,4.60H,PCGT6FB325224,Antena 6000,Renovar - SF3,492480,SF6000,Renovación,2024-11-25,2025-11-25,-309.0,VIGENTE,Vencida,Control administrativo,Serie de componente,PCGT6FB325224,492480
2026-09-30,2026-09-30 17:17:34.007363,20260930_171734_c8c847,,,gustavo pivetta,,,,,Receptor de posición,Antena 6000,PCGT3TB805503,,PCGT3TB805503,Antena 6000,Nuevo - SF2,496369,SF6000,Nuevo,2023-12-01,2024-03-01,-943.0,VENCIDO,Vencida,Control administrativo,No encontrado,PCGT3TB805503,496369
2026-09-30,2026-09-30 17:17:34.007363,20260930_171734_c8c847,,,gustavo pivetta,,,,,Receptor de posición,Antena 6000,PCGT3TB805503,,PCGT3TB805503,Antena 6000,Nuevo - SF2,496369,SF6000,Nuevo,2025-11-21,2026-02-21,-221.0,VENCIDO,Vencida,Control administrativo,No encontrado,PCGT3TB805503,496369
2026-09-30,2026-09-30 17:17:34.007363,20260930_171734_c8c847,,,UNIVERSIDAD CATOLICA,,,,,Receptor de posición,Antena 6000,PCGT3TB805483,,PCGT3TB805483,Antena 6000,Nuevo - SF2,4254201,SF6000,Nuevo,2024-10-16,2025-04-16,-532.0,VENCIDO,Vencida,Control administrativo,No encontrado,PCGT3TB805483,4254201
2026-09-30,2026-09-30 17:17:34.007363,20260930_171734_c8c847,,,Juan Carlos Conci,,,,,Receptor de posición,Antena 6000,PCGT3TB804322,,PCGT3TB804322,Antena 6000,Nuevo - SF2,410201,SF6000,Nuevo,2023-10-27,2024-01-27,-977.0,VENCIDO,Vencida,Control administrativo,No encontrado,PCGT3TB804322,410201
2026-09-30,2026-09-30 17:17:34.007363,20260930_171734_c8c847,,,Francisco Gardella,,,,,Receptor de posición,Antena 6000,PCGT3TB749730,,PCGT3TB749730,Antena 6000,Renovar - SF2,2357721,SF6000,Renovación,2025-11-15,2026-11-15,46.0,VIGENTE,Vence en 60 días,Control administrativo,No encontrado,PCGT3TB749730,2357721
2026-09-30,2026-09-30 17:17:34.007363,20260930_171734_c8c847,,,Agropecuaria las Marias SA,,,,,Receptor de posición,Antena 6000,PCGT3TB804322,,PCGT3TB804322,Antena 6000,Nuevo - SF2,410201,SF6000,Nuevo,2025-09-19,2026-03-19,-195.0,VENCIDO,Vencida,Control administrativo,No encontrado,PCGT3TB804322,410201
2026-09-30,2026-09-30 17:17:34.007363,20260930_171734_c8c847,,,Juan Carlos Conci,,,,,Receptor de posición,Antena 6000,PCGT3TB804322,,PCGT3TB804322,Antena 6000,Nuevo - SF2,410201,SF6000,Nuevo,2024-10-10,2025-01-10,-628.0,VENCIDO,Vencida,Control administrativo,No encontrado,PCGT3TB804322,410201
2026-09-30,2026-09-30 17:17:34.007363,20260930_171734_c8c847,CORDOBA,277829.0,Jose Adamo,Cosechadora s670 Jos-Dan,1J0S670BAF0090064,S670,Cosechadora,Receptor de posición,Antena 6000,PCGT3TA726105,2.80S,PCGT3TA726105,Antena 6000,Renovar - SF2,277829,SF6000,Renovación,2025-10-30,2026-10-30,30.0,POR VENCER,Vence en 30 días,Control administrativo,Serie de componente,PCGT3TA726105,277829
2026-09-30,2026-09-30 17:17:34.007363,20260930_171734_c8c847,,,PABLO INTERMEISTER,,,,,Receptor de posición,Antena 6000,PCGT3TB803147,,PCGT3TB803147,Antena 6000,Nuevo - SF2,444911,SF6000,Nuevo,2023-11-02,2024-02-02,-971.0,VENCIDO,Vencida,Control administrativo,No encontrado,PCGT3TB803147,444911
2026-09-30,2026-09-30 17:17:34.007363,20260930_171734_c8c847,,,JOSE OMAR CANALIS,,,,,Receptor de posición,Antena 6000,PCGT3TA552451,,PCGT3TA552451,Antena 6000,Renovar - SF2,495864,SF6000,Renovación,2023-12-08,2024-03-08,-936.0,VENCIDO,Vencida,Control administrativo,No encontrado,PCGT3TA552451,495864
2026-09-30,2026-09-30 17:17:34.007363,20260930_171734_c8c847,CORDOBA,5777190.0,NESTOR QUESADA,CQ9650A070599,CQ9650A070599,9650 STS,Cosechadora,Receptor de posición,Antena 6000,PCGT3TA711528,2.80S,PCGT3TA711528,Antena 6000,Renovar - SF2,509737,SF6000,Renovación,2024-01-03,2025-01-03,-635.0,VENCIDO,Vencida,Control administrativo,Serie de componente,PCGT3TA711528,509737
2026-09-30,2026-09-30 17:17:34.007363,20260930_171734_c8c847,,,SERGIO DONOFRIO,,,,,Receptor de posición,Antena 6000,PCGT3TB801927,,PCGT3TB801927,Antena 6000,Nuevo - SF2,,SF6000,Nuevo,2026-05-15,2027-05-15,227.0,VIGENTE,Vigente,Control administrativo,No encontrado,PCGT3TB801927,Nuevo - SF2
2026-09-30,2026-09-30 17:17:34.007363,20260930_171734_c8c847,,,Jorge Vanderhoeven,,,,,Receptor de posición,Antena 6000,PCGT3TB797970,,PCGT3TB797970,Antena 6000,Nuevo - SF2,,SF6000,Nuevo,2025-12-09,2026-03-09,-205.0,VENCIDO,Vencida,Control administrativo,No encontrado,PCGT3TB797970,Nuevo - SF2
2026-09-30,2026-09-30 17:17:34.007363,20260930_171734_c8c847,,,D242415J VANDERHOEVENAGRICOLAS A,,,,,Receptor de posición,Antena 6000,PCGT3TB797734,,PCGT3TB797734,Antena 6000,Nuevo - SF2,587263,SF6000,Nuevo,2023-10-04,2024-01-04,-1000.0,VENCIDO,Vencida,Control administrativo,No encontrado,PCGT3TB797734,587263
2026-09-30,2026-09-30 17:17:34.007363,20260930_171734_c8c847,,,Luis y Mario Losano,,,,,Receptor de posición,Antena 6000,PCGT3TA697449,,PCGT3TA697449,Antena 6000,Renovar - SF2,426894,SF6000,Renovación,2024-11-08,2025-11-08,-326.0,VIGENTE,Vencida,Control administrativo,No encontrado,PCGT3TA697449,426894
2026-09-30,2026-09-30 17:17:34.007363,20260930_171734_c8c847,,,CARLOS VERZINI,,,,,Receptor de posición,Antena 6000,PCGT3TB796389,,PCGT3TB796389,Antena 6000,Nuevo - SF2,408834,SF6000,Nuevo,2023-09-19,2024-09-19,-741.0,VENCIDO,Vencida,Control administrativo,No encontrado,PCGT3TB796389,408834
2026-09-30,2026-09-30 17:17:34.007363,20260930_171734_c8c847,,,RUBEN ZIN,,,,,Receptor de posición,Antena 6000,PCGT3TB777864,,PCGT3TB777864,Antena 6000,Nuevo - SF2,4033761,SF6000,Nuevo,2023-11-30,2024-02-29,-944.0,VENCIDO,Vencida,Control administrativo,No encontrado,PCGT3TB777864,4033761
2026-09-30,2026-09-30 17:17:34.007363,20260930_171734_c8c847,,,MARCOS ALLENDE PINTOS,,,,,Receptor de posición,Antena 6000,PCGT3TB775109,,PCGT3TB775109,Antena 6000,Nuevo - SF2,4412821,SF6000,Nuevo,2025-12-10,2026-03-10,-204.0,VENCIDO,Vencida,Control administrativo,No encontrado,PCGT3TB775109,4412821
2026-09-30,2026-09-30 17:17:34.007363,20260930_171734_c8c847,,,MARCOS ALLENDE PINTOS,,,,,Receptor de posición,Antena 6000,PCGT3TB775109,,PCGT3TB775109,Antena 6000,Nuevo - SF2,4412821,SF6000,Nuevo,2024-10-30,2025-01-30,-608.0,VENCIDO,Vencida,Control administrativo,No encontrado,PCGT3TB775109,4412821
2026-09-30,2026-09-30 17:17:34.007363,20260930_171734_c8c847,,,MARCOS ALLENDE PINTOS,,,,,Receptor de posición,Antena 6000,PCGT3TB775109,,PCGT3TB775109,Antena 6000,Nuevo - SF2,4412821,SF6000,Nuevo,2023-12-14,2024-03-14,-930.0,VENCIDO,Vencida,Control administrativo,No encontrado,PCGT3TB775109,4412821
2026-09-30,2026-09-30 17:17:34.007363,20260930_171734_c8c847,,,Marcelo Gianesini,,,,,Receptor de posición,Antena 6000,PCGT3TA683878,,PCGT3TA683878,Antena 6000,Renovar - SF2,585887,SF6000,Renovación,2024-11-11,2025-02-11,-596.0,VENCIDO,Vencida,Control administrativo,No encontrado,PCGT3TA683878,585887
2026-09-30,2026-09-30 17:17:34.007363,20260930_171734_c8c847,,,COMERCIAL CONCI SRL DEALER 242428,,,,,Receptor de posición,Antena 6000,PCGT3TA683562,,PCGT3TA683562,Antena 6000,Nuevo - SF2,2967581,SF6000,Nuevo,2024-09-27,2024-12-27,-642.0,VENCIDO,Vencida,Control administrativo,No encontrado,PCGT3TA683562,2967581
2026-09-30,2026-09-30 17:17:34.007363,20260930_171734_c8c847,,,Osvaldo Rey,,,,,Receptor de posición,Antena 6000,PCGT3TB773535,,PCGT3TB773535,Antena 6000,Nuevo - SF2,2866321,SF6000,Nuevo,2023-11-24,2024-02-24,-949.0,VENCIDO,Vencida,Control administrativo,No encontrado,PCGT3TB773535,2866321
2026-09-30,2026-09-30 17:17:34.007363,20260930_171734_c8c847,,,Osvaldo Rey,,,,,Receptor de posición,Antena 6000,PCGT3TB773535,,PCGT3TB773535,Antena 6000,Nuevo - SF2,2866321,SF6000,Nuevo,2025-09-16,2025-12-16,-288.0,VENCIDO,Vencida,Control administrativo,No encontrado,PCGT3TB773535,2866321
2026-09-30,2026-09-30 17:17:34.007363,20260930_171734_c8c847,,,Osvaldo Rey,,,,,Receptor de posición,Antena 6000,PCGT3TB773535,,PCGT3TB773535,Antena 6000,Nuevo - SF2,2866321,SF6000,Nuevo,2024-11-15,2025-02-15,-592.0,VENCIDO,Vencida,Control administrativo,No encontrado,PCGT3TB773535,2866321
2026-09-30,2026-09-30 17:17:34.007363,20260930_171734_c8c847,CORDOBA,358686.0,ANDRES REVOL,Argan 8330 tractor,RW8330P015310,8330,Tractor,Receptor de posición,Antena 6000,PCGT3TB758632,2.80S,PCGT3TB758632,Antena 6000,Renovar - SF2,358686,SF6000,Renovación,2023-11-26,2024-11-26,-673.0,VIGENTE,Vencida,Control administrativo,Serie de componente,PCGT3TB758632,358686
2026-09-30,2026-09-30 17:17:34.007363,20260930_171734_c8c847,CORDOBA,358686.0,ANDRES REVOL,Argan 8330 tractor,RW8330P015310,8330,Tractor,Receptor de posición,Antena 6000,PCGT3TB758632,2.80S,PCGT3TB758632,Antena 6000,Nuevo - SF2,358686,SF6000,Nuevo,2024-11-27,2025-11-27,-307.0,VIGENTE,Vencida,Control administrativo,Serie de componente,PCGT3TB758632,358686
2026-09-30,2026-09-30 17:17:34.007363,20260930_171734_c8c847,,,JUAN CARLOS CONCI,,,,,Receptor de posición,Antena 6000,PCGT3TB751810,,PCGT3TB751810,Antena 6000,Nuevo - SF2,4136401,SF6000,Nuevo,2023-12-01,2024-03-01,-943.0,VIGENTE,Vencida,Control administrativo,No encontrado,PCGT3TB751810,4136401
2026-09-30,2026-09-30 17:17:34.007363,20260930_171734_c8c847,,,Gabriel Oscar Sugar,,,,,Receptor de posición,Antena 6000,PCGT3TB751810,,PCGT3TB751810,Antena 6000,Nuevo - SF2,4136401,SF6000,Nuevo,2024-11-20,2025-02-20,-587.0,VIGENTE,Vencida,Control administrativo,No encontrado,PCGT3TB751810,4136401
2026-09-30,2026-09-30 17:17:34.007363,20260930_171734_c8c847,,,Gabriel Oscar Sugar,,,,,Receptor de posición,Antena 6000,PCGT3TB751810,,PCGT3TB751810,Antena 6000,Nuevo - SF2,4136401,SF6000,Nuevo,2025-12-17,2026-12-17,78.0,VIGENTE,Vence en 90 días,Control administrativo,No encontrado,PCGT3TB751810,4136401
2026-09-30,2026-09-30 17:17:34.007363,20260930_171734_c8c847,,,JOSE BRAGA,,,,,Receptor de posición,Antena 6000,PCGT3TA668789,,PCGT3TA668789,Antena 6000,Nuevo - SF2,-,SF6000,Nuevo,2026-05-08,2026-08-08,-53.0,VENCIDO,Vencida,Control administrativo,No encontrado,PCGT3TA668789,-
2026-09-30,2026-09-30 17:17:34.007363,20260930_171734_c8c847,,,JUAN CARLOS CONCI,,,,,Receptor de posición,Antena 6000,PCGT3TB749730,,PCGT3TB749730,Antena 6000,Nuevo - SF2,2357721,SF6000,Nuevo,2023-11-13,2024-11-13,-686.0,VIGENTE,Vencida,Control administrativo,No encontrado,PCGT3TB749730,2357721
2026-09-30,2026-09-30 17:17:34.007363,20260930_171734_c8c847,,,JUAN CARLOS CONCI,,,,,Receptor de posición,Antena 6000,PCGT3TA663193,,PCGT3TA663193,Antena 6000,Nuevo - SF2,277819,SF6000,Nuevo,2023-07-28,2023-10-28,-1068.0,VENCIDO,Vencida,Control administrativo,No encontrado,PCGT3TA663193,277819
2026-09-30,2026-09-30 17:17:34.007363,20260930_171734_c8c847,,,JUAN CARLOS CONCI,,,,,Receptor de posición,Antena 6000,PCGT3TB749730,,PCGT3TB749730,Antena 6000,Renovar - SF2,2357721,SF6000,Renovación,2024-11-14,2025-11-14,-320.0,VIGENTE,Vencida,Control administrativo,No encontrado,PCGT3TB749730,2357721
2026-09-30,2026-09-30 17:17:34.007363,20260930_171734_c8c847,,,Savorgnano Beto,,,,,Receptor de posición,Antena 6000,PCGT3TB742298,,PCGT3TB742298,Antena 6000,Nuevo - SF2,-,SF6000,Nuevo,2023-10-20,2024-01-20,-984.0,VENCIDO,Vencida,Control administrativo,No encontrado,PCGT3TB742298,-
2026-09-30,2026-09-30 17:17:34.007363,20260930_171734_c8c847,CORDOBA,277829.0,Jose Adamo,Cosechadora s670 Jos-Dan,1J0S670BAF0090064,S670,Cosechadora,Receptor de posición,Antena 6000,PCGT3TA726105,2.80S,PCGT3TA726105,Antena 6000,Renovar - SF2,277829,SF6000,Renovación,2023-10-28,2024-10-28,-702.0,POR VENCER,Vencida,Control administrativo,Serie de componente,PCGT3TA726105,277829
2026-09-30,2026-09-30 17:17:34.007363,20260930_171734_c8c847,CORDOBA,277829.0,Jose Adamo,Cosechadora s670 Jos-Dan,1J0S670BAF0090064,S670,Cosechadora,Receptor de posición,Antena 6000,PCGT3TA726105,2.80S,PCGT3TA726105,Antena 6000,Renovar - SF2,277829,SF6000,Renovación,2024-10-29,2025-10-29,-336.0,POR VENCER,Vencida,Control administrativo,Serie de componente,PCGT3TA726105,277829
2026-09-30,2026-09-30 17:17:34.007363,20260930_171734_c8c847,,,Don Nardo Lamberti,,,,,Receptor de posición,Antena 6000,PCGT3TA724424,,PCGT3TA724424,Antena 6000,Nuevo - SF2,445522,SF6000,Nuevo,2023-12-05,2024-03-05,-939.0,VENCIDO,Vencida,Control administrativo,No encontrado,PCGT3TA724424,445522
2026-09-30,2026-09-30 17:17:34.007363,20260930_171734_c8c847,,,MAIFER MAIFER,,,,,Receptor de posición,Antena 6000,PCGT3TA712385,,PCGT3TA712385,Antena 6000,Nuevo - SF2,277958,SF6000,Nuevo,2023-12-07,2024-12-07,-662.0,VENCIDO,Vencida,Control administrativo,No encontrado,PCGT3TA712385,277958
2026-09-30,2026-09-30 17:17:34.007363,20260930_171734_c8c847,,,roger marchese,,,,,Receptor de posición,Antena 6000,PCGT3TA698222,,PCGT3TA698222,Antena 6000,Nuevo - SF2,275960,SF6000,Nuevo,2024-11-21,2025-02-21,-586.0,VENCIDO,Vencida,Control administrativo,No encontrado,PCGT3TA698222,275960
2026-09-30,2026-09-30 17:17:34.007363,20260930_171734_c8c847,,,Luis y Mario Losano,,,,,Receptor de posición,Antena 6000,PCGT3TA697449,,PCGT3TA697449,Antena 6000,Nuevo - SF2,426894,SF6000,Nuevo,2023-11-07,2024-11-07,-692.0,VIGENTE,Vencida,Control administrativo,No encontrado,PCGT3TA697449,426894
2026-09-30,2026-09-30 17:17:34.007363,20260930_171734_c8c847,,,Luis y Mario Losano,,,,,Receptor de posición,Antena 6000,PCGT3TA697449,,PCGT3TA697449,Antena 6000,Nuevo - SF2,426894,SF6000,Nuevo,2025-11-17,2026-11-17,48.0,VIGENTE,Vence en 60 días,Control administrativo,No encontrado,PCGT3TA697449,426894
2026-09-30,2026-09-30 17:17:34.007363,20260930_171734_c8c847,,,GUSTAVO PERESSINI,,,,,Receptor de posición,Antena 6000,PCGT3TA683934,,PCGT3TA683934,Antena 6000,Nuevo - SF2,491313,SF6000,Nuevo,2024-12-05,2025-03-05,-574.0,VENCIDO,Vencida,Control administrativo,No encontrado,PCGT3TA683934,491313
2026-09-30,2026-09-30 17:17:34.007363,20260930_171734_c8c847,,,GANADERA DEL TOTORAL SA,,,,,Receptor de posición,Antena 6000,PCGT3TA600922,,PCGT3TA600922,Antena 6000,Nuevo - SF2,-,SF6000,Nuevo,2024-10-25,2025-01-25,-613.0,VENCIDO,Vencida,Control administrativo,No encontrado,PCGT3TA600922,-
2026-09-30,2026-09-30 17:17:34.007363,20260930_171734_c8c847,,,DAMIAN ZAYA,,,,,Receptor de posición,Antena 6000,PCGT3TA683898,,PCGT3TA683898,Antena 6000,Nuevo - SF2,-,SF6000,Nuevo,2025-09-30,2026-09-30,0.0,POR VENCER,Vence en 30 días,Control administrativo,No encontrado,PCGT3TA683898,-
2026-09-30,2026-09-30 17:17:34.007363,20260930_171734_c8c847,,,DAMIAN ZAYA,,,,,Receptor de posición,Antena 6000,PCGT3TA683898,,PCGT3TA683898,Antena 6000,Nuevo - SF2,-,SF6000,Nuevo,2023-11-27,2024-02-27,-946.0,POR VENCER,Vencida,Control administrativo,No encontrado,PCGT3TA683898,-
2026-09-30,2026-09-30 17:17:34.007363,20260930_171734_c8c847,,,DAMIAN ZAYA,,,,,Receptor de posición,Antena 6000,PCGT3TA683898,,PCGT3TA683898,Antena 6000,Nuevo - SF2,-,SF6000,Nuevo,2024-10-24,2025-01-24,-614.0,POR VENCER,Vencida,Control administrativo,No encontrado,PCGT3TA683898,-
2026-09-30,2026-09-30 17:17:34.007363,20260930_171734_c8c847,,,Marcelo Gianesini,,,,,Receptor de posición,Antena 6000,PCGT3TA683878,,PCGT3TA683878,Antena 6000,Renovar - SF2,585887,SF6000,Renovación,2023-11-10,2024-11-10,-689.0,VENCIDO,Vencida,Control administrativo,No encontrado,PCGT3TA683878,585887
2026-09-30,2026-09-30 17:17:34.007363,20260930_171734_c8c847,,,Savorgnano Beto,,,,,Receptor de posición,Antena 6000,PCGT3TA683531,,PCGT3TA683531,Antena 6000,Nuevo - SF2,4411781,SF6000,Nuevo,2023-10-20,2024-01-20,-984.0,VENCIDO,Vencida,Control administrativo,No encontrado,PCGT3TA683531,4411781
2026-09-30,2026-09-30 17:17:34.007363,20260930_171734_c8c847,,,ARCAMIR SUAREZ,,,,,Receptor de posición,Antena 6000,PCGT3TA683419,,PCGT3TA683419,Antena 6000,Nuevo - SF2,618901,SF6000,Nuevo,2024-09-30,2025-09-30,-365.0,VENCIDO,Vencida,Control administrativo,No encontrado,PCGT3TA683419,618901
2026-09-30,2026-09-30 17:17:34.007363,20260930_171734_c8c847,,,ANGEL QUINTEROS,,,,,Receptor de posición,Antena 6000,PCGT3TA366293,,PCGT3TA366293,Antena 6000,Nuevo - SF2,-,SF6000,Nuevo,2023-12-01,2024-03-01,-943.0,VENCIDO,Vencida,Control administrativo,No encontrado,PCGT3TA366293,-
2026-09-30,2026-09-30 17:17:34.007363,20260930_171734_c8c847,,,OMAR COMBA,,,,,Receptor de posición,Antena 6000,PCGT3TA366248,,PCGT3TA366248,Antena 6000,Nuevo - SF2,4411781,SF6000,Nuevo,2023-10-20,2024-01-20,-984.0,VENCIDO,Vencida,Control administrativo,No encontrado,PCGT3TA366248,4411781
2026-09-30,2026-09-30 17:17:34.007363,20260930_171734_c8c847,,,Juan Carlos Conci,,,,,Receptor de posición,Antena 6000,PCGT3TA683419,,PCGT3TA683419,Antena 6000,Nuevo - SF2,618901,SF6000,Nuevo,2024-06-19,2024-09-19,-741.0,VENCIDO,Vencida,Control administrativo,No encontrado,PCGT3TA683419,618901
2026-09-30,2026-09-30 17:17:34.007363,20260930_171734_c8c847,,,JUAN ADRIAN CALERIS,,,,,Receptor de posición,Antena 6000,PCGT3TA361276,,PCGT3TA361276,Antena 6000,Nuevo - SF2,5984838,SF6000,Nuevo,2024-11-14,2025-02-14,-593.0,VENCIDO,Vencida,Control administrativo,No encontrado,PCGT3TA361276,5984838
2026-09-30,2026-09-30 17:17:34.007363,20260930_171734_c8c847,,,JOSE BRAGA,,,,,Receptor de posición,Antena 6000,PCGT3TA668789,,PCGT3TA668789,Antena 6000,Nuevo - SF2,-,SF6000,Nuevo,2025-10-16,2026-01-16,-257.0,VENCIDO,Vencida,Control administrativo,No encontrado,PCGT3TA668789,-
2026-09-30,2026-09-30 17:17:34.007363,20260930_171734_c8c847,,,GANADERA DEL TOTORAL SA,,,,,Receptor de posición,Antena 6000,PCGT3TA344240,,PCGT3TA344240,Antena 6000,Nuevo - SF2,-,SF6000,Nuevo,2024-10-25,2025-01-25,-613.0,VENCIDO,Vencida,Control administrativo,No encontrado,PCGT3TA344240,-
2026-09-30,2026-09-30 17:17:34.007363,20260930_171734_c8c847,,,MARRACO MARRACO,,,,,Receptor de posición,Antena 6000,PCGT3TA343232,,PCGT3TA343232,Antena 6000,Nuevo - SF2,5864337,SF6000,Nuevo,2024-05-09,2025-05-09,-509.0,VENCIDO,Vencida,Control administrativo,No encontrado,PCGT3TA343232,5864337
2026-09-30,2026-09-30 17:17:34.007363,20260930_171734_c8c847,,,JOSE BRAGA,,,,,Receptor de posición,Antena 6000,PCGT3TA668789,,PCGT3TA668789,Antena 6000,Nuevo - SF2,-,SF6000,Nuevo,2025-05-21,2025-08-21,-405.0,VENCIDO,Vencida,Control administrativo,No encontrado,PCGT3TA668789,-
2026-09-30,2026-09-30 17:17:34.007363,20260930_171734_c8c847,,,ADOLFO BORTAGARAY,,,,,Receptor de posición,Antena 6000,PCGT3TA336528,,PCGT3TA336528,Antena 6000,Nuevo - SF2,591469,SF6000,Nuevo,2023-11-22,2024-11-22,-677.0,VENCIDO,Vencida,Control administrativo,No encontrado,PCGT3TA336528,591469
2026-09-30,2026-09-30 17:17:34.007363,20260930_171734_c8c847,,,GUILLERMO BULA,,,,,Receptor de posición,Antena 6000,PCGT3TA328871,,PCGT3TA328871,Antena 6000,Renovar - SF2,4513641,SF6000,Renovación,2024-01-04,2025-01-04,-634.0,VENCIDO,Vencida,Control administrativo,No encontrado,PCGT3TA328871,4513641
2026-09-30,2026-09-30 17:17:34.007363,20260930_171734_c8c847,,,ROMAGNIOLLI DIEGO,,,,,Receptor de posición,Antena 6000,PCGT3TA328420,,PCGT3TA328420,Antena 6000,Nuevo - SF2,406172,SF6000,Nuevo,2024-11-22,2025-02-22,-585.0,VENCIDO,Vencida,Control administrativo,No encontrado,PCGT3TA328420,406172
2026-09-30,2026-09-30 17:17:34.007363,20260930_171734_c8c847,,,Juan Campetella,,,,,Receptor de posición,Antena 6000,PCGT3TA668764,,PCGT3TA668764,Antena 6000,Nuevo - SF2,277819,SF6000,Nuevo,2023-12-22,2024-12-22,-647.0,VENCIDO,Vencida,Control administrativo,No encontrado,PCGT3TA668764,277819
2026-09-30,2026-09-30 17:17:34.007363,20260930_171734_c8c847,,,gianfranco drusian,,,,,Receptor de posición,Antena 6000,PCGT3TA665651,,PCGT3TA665651,Antena 6000,Nuevo - SF2,228477,SF6000,Nuevo,2023-12-13,2024-12-13,-656.0,VENCIDO,Vencida,Control administrativo,No encontrado,PCGT3TA665651,228477
2026-09-30,2026-09-30 17:17:34.007363,20260930_171734_c8c847,,,RAUL LORENZATI,,,,,Receptor de posición,Antena 6000,PCGT3TA663118,,PCGT3TA663118,Antena 6000,Nuevo - SF2,-,SF6000,Nuevo,2023-11-23,2024-02-23,-950.0,VENCIDO,Vencida,Control administrativo,No encontrado,PCGT3TA663118,-
2026-09-30,2026-09-30 17:17:34.007363,20260930_171734_c8c847,,,AGRO COLIBRI,,,,,Receptor de posición,Antena 6000,PCGT3TA649237,,PCGT3TA649237,Antena 6000,Nuevo - SF2,492480,SF6000,Nuevo,2023-11-15,2024-11-15,-684.0,VENCIDO,Vencida,Control administrativo,No encontrado,PCGT3TA649237,492480
2026-09-30,2026-09-30 17:17:34.007363,20260930_171734_c8c847,,,AGRO COLIBRI,,,,,Receptor de posición,Antena 6000,PCGT3TA649237,,PCGT3TA649237,Antena 6000,Nuevo - SF2,492480,SF6000,Nuevo,2025-10-09,2026-01-09,-264.0,VENCIDO,Vencida,Control administrativo,No encontrado,PCGT3TA649237,492480
2026-09-30,2026-09-30 17:17:34.007363,20260930_171734_c8c847,CORDOBA,466137.0,DANIEL DEGIORGIO,1J0S790BHM0135108,1J0S790BHM0135108,S790,Cosechadora,Monitor,Monitor Gen 4,PCGUPSB785203,25.4 (10.35.3817-13),PCGUPSB785203,Monitor Gen 4,Nuevo - CommandCenter Automation 4,324409,Gen4,Nuevo,2025-05-02,2026-05-02,-151.0,VENCIDO,Vencida,Control administrativo,Serie de componente,PCGUPSB785203,324409
2026-09-30,2026-09-30 17:17:34.007363,20260930_171734_c8c847,SINSACATE,495864.0,LUIS MARIA RODRIGUEZ,8345R Tractor n°1 Rodriguez,1BM8345RLLS100604,8345R,Tractor,Monitor,Monitor Gen 4,PCGUPSA752246,25.3 (10.32.3817-138),PCGUPSA752246,Monitor Gen 4,Nuevo - CommandCenter Automation 4,,Gen4,Nuevo,2025-11-28,2026-11-28,59.0,VIGENTE,Vence en 60 días,Control administrativo,Serie de componente,PCGUPSA752246,Nuevo - CommandCenter Automation 4
2026-09-30,2026-09-30 17:17:34.007363,20260930_171734_c8c847,,,JORGE ARIEL FAUSTINI,,,,,Receptor de posición,Antena 6000,PCGT3TA649007,,PCGT3TA649007,Antena 6000,Nuevo - SF2,-,SF6000,Nuevo,2024-10-24,2025-01-24,-614.0,VENCIDO,Vencida,Control administrativo,No encontrado,PCGT3TA649007,-
2026-09-30,2026-09-30 17:17:34.007363,20260930_171734_c8c847,CORDOBA,356035.0,CESAR VACCARINI,Tractor 8245 Vaccarini Hns.,1BM8245RCJ0100013,8245R,Tractor,Monitor,Monitor Gen 4,PCGUPSA654072,25.4 (10.35.3817-60),PCGUPSA654072,Monitor Gen 4,Nuevo - CommandCenter Master 1.0,356035,Gen4,Nuevo,2025-11-11,2026-11-11,42.0,VIGENTE,Vence en 60 días,Control administrativo,Serie de componente,PCGUPSA654072,356035
2026-09-30,2026-09-30 17:17:34.007363,20260930_171734_c8c847,,,COMERCIALCONCI COMERCIALCONCI,,,,,Monitor,Monitor Gen 4,PCGUMUB078101,,PCGUMUB078101,Monitor Gen 4,Nuevo - 4240 Section Control,-,Gen4,Nuevo,2024-09-18,2025-09-18,-377.0,VENCIDO,Vencida,Control administrativo,No encontrado,PCGUMUB078101,-
2026-09-30,2026-09-30 17:17:34.007363,20260930_171734_c8c847,ARROYITO,358684.0,ROBERTO PAIRETTI,7200J,1J07200JCPD000578,7200J,Tractor,Monitor,Monitor Gen 4,PCGU6UD141385,24-2 (10.29.3422-101),PCGU6UD141385,Monitor Gen 4,Nuevo - 4640 Master 1.0,358684,Gen4,Nuevo,2023-10-17,2024-10-17,-713.0,VENCIDO,Vencida,Control administrativo,Serie de componente,PCGU6UD141385,358684
2026-09-30,2026-09-30 17:17:34.007363,20260930_171734_c8c847,ARROYITO,358684.0,ROBERTO PAIRETTI,1J07200JJPD000692,1J07200JJPD000692,7200J,Tractor,Monitor,Monitor Gen 4,PCGU6UD140217,24-2 (10.29.3422-101),PCGU6UD140217,Monitor Gen 4,Nuevo - 4640 Master 1.0,358684,Gen4,Nuevo,2024-08-06,2025-08-06,-420.0,VENCIDO,Vencida,Control administrativo,Serie de componente,PCGU6UD140217,358684
2026-09-30,2026-09-30 17:17:34.007363,20260930_171734_c8c847,PILAR,536548.0,JUAN CARLOS CONCI,1J07200JARD000716,1J07200JARD000716,7200J,Tractor,Monitor,Monitor Gen 4,PCGU6UD140022,24-1 (10.28.3314-79),PCGU6UD140022,Monitor Gen 4,Nuevo - 4640 Master 1.0,536548,Gen4,Nuevo,2024-09-09,2025-09-09,-386.0,VENCIDO,Vencida,Control administrativo,Serie de componente,PCGU6UD140022,536548
2026-09-30,2026-09-30 17:17:34.007363,20260930_171734_c8c847,,,JORGE ARIEL FAUSTINI,,,,,Receptor de posición,Antena 6000,PCGT3TA649007,,PCGT3TA649007,Antena 6000,Nuevo - SF2,-,SF6000,Nuevo,2023-11-22,2024-02-22,-951.0,VENCIDO,Vencida,Control administrativo,No encontrado,PCGT3TA649007,-
2026-09-30,2026-09-30 17:17:34.007363,20260930_171734_c8c847,,,RAUL SALVUCHI,,,,,Receptor de posición,Antena 6000,PCGT3TA648122,,PCGT3TA648122,Antena 6000,Renovar - SF2,405100,SF6000,Renovación,2024-12-09,2025-03-09,-570.0,VENCIDO,Vencida,Control administrativo,No encontrado,PCGT3TA648122,405100
2026-09-30,2026-09-30 17:17:34.007363,20260930_171734_c8c847,,,RAUL SALVUCHI,,,,,Receptor de posición,Antena 6000,PCGT3TA648122,,PCGT3TA648122,Antena 6000,Renovar - SF2,405100,SF6000,Renovación,2023-12-08,2024-12-08,-661.0,VENCIDO,Vencida,Control administrativo,No encontrado,PCGT3TA648122,405100
2026-09-30,2026-09-30 17:17:34.007363,20260930_171734_c8c847,,,GANADERA DEL TOTORAL SA,,,,,Receptor de posición,Antena 6000,PCGT3TA600922,,PCGT3TA600922,Antena 6000,Nuevo - SF2,-,SF6000,Nuevo,2023-12-01,2024-03-01,-943.0,VENCIDO,Vencida,Control administrativo,No encontrado,PCGT3TA600922,-
2026-09-30,2026-09-30 17:17:34.007363,20260930_171734_c8c847,,,Dario Jensen,,,,,Receptor de posición,Antena 6000,PCGT3TA122615,,PCGT3TA122615,Antena 6000,Nuevo - SF2,479802,SF6000,Nuevo,2025-05-22,2026-05-22,-131.0,VENCIDO,Vencida,Control administrativo,No encontrado,PCGT3TA122615,479802
2026-09-30,2026-09-30 17:17:34.007363,20260930_171734_c8c847,,,GANADERA DEL TOTORAL SA,,,,,Receptor de posición,Antena 6000,PCGT3TA600922,,PCGT3TA600922,Antena 6000,Nuevo - SF2,-,SF6000,Nuevo,2025-10-29,2026-01-29,-244.0,VENCIDO,Vencida,Control administrativo,No encontrado,PCGT3TA600922,-
2026-09-30,2026-09-30 17:17:34.007363,20260930_171734_c8c847,,,Matias Camisassa,,,,,Receptor de posición,Antena 6000,PCGT3TA551729,,PCGT3TA551729,Antena 6000,Nuevo - SF2,5902984,SF6000,Nuevo,2024-10-10,2025-01-10,-628.0,VENCIDO,Vencida,Control administrativo,No encontrado,PCGT3TA551729,5902984
2026-09-30,2026-09-30 17:17:34.007363,20260930_171734_c8c847,,,ALDO LONDERO,,,,,Receptor de posición,Antena 6000,PCGT3TA483687,,PCGT3TA483687,Antena 6000,Nuevo - SF2,1274201,SF6000,Nuevo,2023-10-27,2024-01-27,-977.0,VENCIDO,Vencida,Control administrativo,No encontrado,PCGT3TA483687,1274201
2026-09-30,2026-09-30 17:17:34.007363,20260930_171734_c8c847,,,Fernando Daniel Vaca,,,,,Monitor,Monitor Gen 4,PCGU6UD108532,,PCGU6UD108532,Monitor Gen 4,Renovar - 4640 Master 1.0,613183,Gen4,Renovación,2024-01-01,2025-01-01,-637.0,VENCIDO,Vencida,Control administrativo,No encontrado,PCGU6UD108532,613183
2026-09-30,2026-09-30 17:17:34.007363,20260930_171734_c8c847,,,INTA MANFREDI,,,,,Monitor,Monitor Gen 4,PCGU6UD108519,,PCGU6UD108519,Monitor Gen 4,Nuevo - 4640 Master 1.0,,Gen4,Nuevo,2025-11-03,2026-11-03,34.0,VIGENTE,Vence en 60 días,Control administrativo,No encontrado,PCGU6UD108519,Nuevo - 4640 Master 1.0
2026-09-30,2026-09-30 17:17:34.007363,20260930_171734_c8c847,,,JULIAN ORECCHIA,,,,,Receptor de posición,Antena 6000,PCGT3TA113709,,PCGT3TA113709,Antena 6000,Nuevo - SF2,575330,SF6000,Nuevo,2024-10-14,2025-01-14,-624.0,VENCIDO,Vencida,Control administrativo,No encontrado,PCGT3TA113709,575330
2026-09-30,2026-09-30 17:17:34.007363,20260930_171734_c8c847,,,ALDO LONDERO,,,,,Receptor de posición,Antena 6000,PCGT3TA483687,,PCGT3TA483687,Antena 6000,Nuevo - SF2,1274201,SF6000,Nuevo,2025-11-07,2026-02-07,-235.0,VENCIDO,Vencida,Control administrativo,No encontrado,PCGT3TA483687,1274201
2026-09-30,2026-09-30 17:17:34.007363,20260930_171734_c8c847,,,JUAN CARLOS CONCI,,,,,Receptor de posición,Antena 6000,PCGT3TA336340,,PCGT3TA336340,Antena 6000,Nuevo - SF2,-,SF6000,Nuevo,2025-02-24,2026-02-24,-218.0,VIGENTE,Vencida,Control administrativo,No encontrado,PCGT3TA336340,-
2026-09-30,2026-09-30 17:17:34.007363,20260930_171734_c8c847,,,ALBERTO COLAUTTI,,,,,Receptor de posición,Antena 6000,PCGT3TA477425,,PCGT3TA477425,Antena 6000,Nuevo - SF2,4136401,SF6000,Nuevo,2023-11-16,2024-02-16,-957.0,VIGENTE,Vencida,Control administrativo,No encontrado,PCGT3TA477425,4136401
2026-09-30,2026-09-30 17:17:34.007363,20260930_171734_c8c847,,,ALBERTO COLAUTTI,,,,,Receptor de posición,Antena 6000,PCGT3TA477425,,PCGT3TA477425,Antena 6000,Nuevo - SF2,4136401,SF6000,Nuevo,2025-10-14,2026-01-14,-259.0,VIGENTE,Vencida,Control administrativo,No encontrado,PCGT3TA477425,4136401
2026-09-30,2026-09-30 17:17:34.007363,20260930_171734_c8c847,,,ALBERTO COLAUTTI,,,,,Receptor de posición,Antena 6000,PCGT3TA477425,,PCGT3TA477425,Antena 6000,Nuevo - SF2,4136401,SF6000,Nuevo,2024-10-14,2025-01-14,-624.0,VIGENTE,Vencida,Control administrativo,No encontrado,PCGT3TA477425,4136401
2026-09-30,2026-09-30 17:17:34.007363,20260930_171734_c8c847,,,D242415J VANDERHOEVENAGRICOLAS A,,,,,Receptor de posición,Antena 6000,PCGT3TA105994,,PCGT3TA105994,Antena 6000,Nuevo - SF2,-,SF6000,Nuevo,2025-10-17,2026-01-17,-256.0,VENCIDO,Vencida,Control administrativo,No encontrado,PCGT3TA105994,-
2026-09-30,2026-09-30 17:17:34.007363,20260930_171734_c8c847,,,Juan Jose Caula,,,,,Receptor de posición,Antena 6000,PCGT3TA474871,,PCGT3TA474871,Antena 6000,Nuevo - SF2,-,SF6000,Nuevo,2024-10-28,2025-01-28,-610.0,VENCIDO,Vencida,Control administrativo,No encontrado,PCGT3TA474871,-
2026-09-30,2026-09-30 17:17:34.007363,20260930_171734_c8c847,,,JUAN CARLOS CONCI,,,,,Receptor de posición,Antena 6000,PCGT3TA366153,,PCGT3TA366153,Antena 6000,Nuevo - SF2,461298,SF6000,Nuevo,2023-07-28,2023-10-28,-1068.0,VENCIDO,Vencida,Control administrativo,No encontrado,PCGT3TA366153,461298
2026-09-30,2026-09-30 17:17:34.007363,20260930_171734_c8c847,,,JUAN ADRIAN CALERIS,,,,,Receptor de posición,Antena 6000,PCGT3TA361276,,PCGT3TA361276,Antena 6000,Nuevo - SF2,5984838,SF6000,Nuevo,2023-11-03,2024-02-03,-970.0,VENCIDO,Vencida,Control administrativo,No encontrado,PCGT3TA361276,5984838
2026-09-30,2026-09-30 17:17:34.007363,20260930_171734_c8c847,,,Victor De Pol,,,,,Receptor de posición,Antena 6000,PCGT3TA358499,,PCGT3TA358499,Antena 6000,Nuevo - SF2,595583,SF6000,Nuevo,2024-11-05,2025-02-05,-602.0,VENCIDO,Vencida,Control administrativo,No encontrado,PCGT3TA358499,595583
2026-09-30,2026-09-30 17:17:34.007363,20260930_171734_c8c847,,,GANADERA DEL TOTORAL SA,,,,,Receptor de posición,Antena 6000,PCGT3TA344240,,PCGT3TA344240,Antena 6000,Nuevo - SF2,-,SF6000,Nuevo,2023-11-24,2024-02-24,-949.0,VENCIDO,Vencida,Control administrativo,No encontrado,PCGT3TA344240,-
2026-09-30,2026-09-30 17:17:34.007363,20260930_171734_c8c847,,,LEONEL CALDERON,,,,,Receptor de posición,Antena 6000,PCGT3TA339369,,PCGT3TA339369,Antena 6000,Nuevo - SF2,308408,SF6000,Nuevo,2024-10-15,2025-10-15,-350.0,POR VENCER,Vencida,Control administrativo,No encontrado,PCGT3TA339369,308408
2026-09-30,2026-09-30 17:17:34.007363,20260930_171734_c8c847,,,LEONEL CALDERON,,,,,Receptor de posición,Antena 6000,PCGT3TA339369,,PCGT3TA339369,Antena 6000,Renovar - SF2,308408,SF6000,Renovación,2025-10-16,2026-10-16,16.0,POR VENCER,Vence en 30 días,Control administrativo,No encontrado,PCGT3TA339369,308408
2026-09-30,2026-09-30 17:17:34.007363,20260930_171734_c8c847,,,Raul David Copello,,,,,Receptor de posición,Antena 6000,PCGT3TA336618,,PCGT3TA336618,Antena 6000,Nuevo - SF2,-,SF6000,Nuevo,2024-11-22,2025-02-22,-585.0,VENCIDO,Vencida,Control administrativo,No encontrado,PCGT3TA336618,-
2026-09-30,2026-09-30 17:17:34.007363,20260930_171734_c8c847,,,JUAN CARLOS CONCI,,,,,Receptor de posición,Antena 6000,PCGT3TA336340,,PCGT3TA336340,Antena 6000,Nuevo - SF2,-,SF6000,Nuevo,2026-04-28,2027-04-28,210.0,VIGENTE,Vigente,Control administrativo,No encontrado,PCGT3TA336340,-
2026-09-30,2026-09-30 17:17:34.007363,20260930_171734_c8c847,,,GUILLERMO BULA,,,,,Receptor de posición,Antena 6000,PCGT3TA328871,,PCGT3TA328871,Antena 6000,Renovar - SF2,4513641,SF6000,Renovación,2025-01-05,2026-01-05,-268.0,VENCIDO,Vencida,Control administrativo,No encontrado,PCGT3TA328871,4513641
2026-09-30,2026-09-30 17:17:34.007363,20260930_171734_c8c847,,,Alberto Sartori,,,,,Receptor de posición,Antena 6000,PCGT3TA313488,,PCGT3TA313488,Antena 6000,Nuevo - SF2,1274201,SF6000,Nuevo,2023-10-30,2024-01-30,-974.0,VENCIDO,Vencida,Control administrativo,No encontrado,PCGT3TA313488,1274201
2026-09-30,2026-09-30 17:17:34.007363,20260930_171734_c8c847,,,JOSE MARIA SERAFINI,,,,,Receptor de posición,Antena 6000,PCGT3TA313076,,PCGT3TA313076,Antena 6000,Nuevo - SF2,4513041,SF6000,Nuevo,2024-12-06,2025-03-06,-573.0,VENCIDO,Vencida,Control administrativo,No encontrado,PCGT3TA313076,4513041
2026-09-30,2026-09-30 17:17:34.007363,20260930_171734_c8c847,,,JOSE MARIA SERAFINI,,,,,Receptor de posición,Antena 6000,PCGT3TA313076,,PCGT3TA313076,Antena 6000,Nuevo - SF2,4513041,SF6000,Nuevo,2023-12-01,2024-03-01,-943.0,VENCIDO,Vencida,Control administrativo,No encontrado,PCGT3TA313076,4513041
2026-09-30,2026-09-30 17:17:34.007363,20260930_171734_c8c847,,,JOSE MARIA SERAFINI,,,,,Receptor de posición,Antena 6000,PCGT3TA311048,,PCGT3TA311048,Antena 6000,Nuevo - SF2,4513041,SF6000,Nuevo,2023-12-01,2024-03-01,-943.0,VENCIDO,Vencida,Control administrativo,No encontrado,PCGT3TA311048,4513041
2026-09-30,2026-09-30 17:17:34.007363,20260930_171734_c8c847,,,JOSE MARIA SERAFINI,,,,,Receptor de posición,Antena 6000,PCGT3TA311048,,PCGT3TA311048,Antena 6000,Nuevo - SF2,4513041,SF6000,Nuevo,2025-11-13,2026-02-13,-229.0,VENCIDO,Vencida,Control administrativo,No encontrado,PCGT3TA311048,4513041
2026-09-30,2026-09-30 17:17:34.007363,20260930_171734_c8c847,,,JUAN RAMAZZOTTI,,,,,Receptor de posición,Antena 6000,PCGT3TA307582,,PCGT3TA307582,Antena 6000,Nuevo - SF2,-,SF6000,Nuevo,2024-11-12,2025-02-12,-595.0,VENCIDO,Vencida,Control administrativo,No encontrado,PCGT3TA307582,-
2026-09-30,2026-09-30 17:17:34.007363,20260930_171734_c8c847,,,JUAN RAMAZZOTTI,,,,,Receptor de posición,Antena 6000,PCGT3TA307582,,PCGT3TA307582,Antena 6000,Nuevo - SF2,-,SF6000,Nuevo,2023-11-23,2024-02-23,-950.0,VENCIDO,Vencida,Control administrativo,No encontrado,PCGT3TA307582,-
2026-09-30,2026-09-30 17:17:34.007363,20260930_171734_c8c847,,,RAUL BOUGHEN,,,,,Receptor de posición,Antena 6000,PCGT3TA304452,,PCGT3TA304452,Antena 6000,Nuevo - SF2,440793,SF6000,Nuevo,2023-11-17,2024-02-17,-956.0,VENCIDO,Vencida,Control administrativo,No encontrado,PCGT3TA304452,440793
2026-09-30,2026-09-30 17:17:34.007363,20260930_171734_c8c847,,,Dario Jensen,,,,,Receptor de posición,Antena 6000,PCGT3TA122615,,PCGT3TA122615,Antena 6000,Nuevo - SF2,479802,SF6000,Nuevo,2024-05-22,2024-08-22,-769.0,VENCIDO,Vencida,Control administrativo,No encontrado,PCGT3TA122615,479802
2026-09-30,2026-09-30 17:17:34.007363,20260930_171734_c8c847,,,Dario Jensen,,,,,Receptor de posición,Antena 6000,PCGT3TA122615,,PCGT3TA122615,Antena 6000,Nuevo - SF2,479802,SF6000,Nuevo,2023-10-31,2024-01-31,-973.0,VENCIDO,Vencida,Control administrativo,No encontrado,PCGT3TA122615,479802
2026-09-30,2026-09-30 17:17:34.007363,20260930_171734_c8c847,,,Dario Jensen,,,,,Receptor de posición,Antena 6000,PCGT3TA122615,,PCGT3TA122615,Antena 6000,Nuevo - SF2,479802,SF6000,Nuevo,2024-11-12,2025-02-12,-595.0,VENCIDO,Vencida,Control administrativo,No encontrado,PCGT3TA122615,479802
2026-09-30,2026-09-30 17:17:34.007363,20260930_171734_c8c847,,,Marcelo Rey,,,,,Receptor de posición,Antena 6000,PCGT3TA122292,,PCGT3TA122292,Antena 6000,Nuevo - SF2,554758,SF6000,Nuevo,2023-04-14,2023-07-14,-1174.0,VENCIDO,Vencida,Control administrativo,No encontrado,PCGT3TA122292,554758
2026-09-30,2026-09-30 17:17:34.007363,20260930_171734_c8c847,,,MARCELO DEFILIPPO,,,,,Receptor de posición,Antena 6000,PCGT3TA118056,,PCGT3TA118056,Antena 6000,Nuevo - SF2,406172,SF6000,Nuevo,2024-10-28,2025-01-28,-610.0,VENCIDO,Vencida,Control administrativo,No encontrado,PCGT3TA118056,406172
2026-09-30,2026-09-30 17:17:34.007363,20260930_171734_c8c847,,,JUAN CARLOS CONCI,,,,,Receptor de posición,Antena 6000,PCGT3TA117778,,PCGT3TA117778,Antena 6000,Nuevo - SF2,-,SF6000,Nuevo,2024-10-22,2025-01-22,-616.0,VENCIDO,Vencida,Control administrativo,No encontrado,PCGT3TA117778,-
2026-09-30,2026-09-30 17:17:34.007363,20260930_171734_c8c847,,,JUAN CARLOS CONCI,,,,,Receptor de posición,Antena 6000,PCGT3TA117778,,PCGT3TA117778,Antena 6000,Nuevo - SF2,-,SF6000,Nuevo,2023-11-27,2024-02-27,-946.0,VENCIDO,Vencida,Control administrativo,No encontrado,PCGT3TA117778,-
2026-09-30,2026-09-30 17:17:34.007363,20260930_171734_c8c847,,,MARIANO ROMANO,,,,,Receptor de posición,Antena 6000,PCGT3TA114863,,PCGT3TA114863,Antena 6000,Nuevo - SF2,-,SF6000,Nuevo,2023-11-17,2024-11-17,-682.0,VENCIDO,Vencida,Control administrativo,No encontrado,PCGT3TA114863,-
2026-09-30,2026-09-30 17:17:34.007363,20260930_171734_c8c847,,,DEALER 242428 COMERCIAL CONCI SRL,,,,,Receptor de posición,Antena 6000,PCGT3TA110795,,PCGT3TA110795,Antena 6000,Nuevo - SF2,,SF6000,Nuevo,2025-10-13,2026-01-13,-260.0,VENCIDO,Vencida,Control administrativo,No encontrado,PCGT3TA110795,Nuevo - SF2
2026-09-30,2026-09-30 17:17:34.007363,20260930_171734_c8c847,,,Hector Canavesio,,,,,Receptor de posición,Antena 6000,PCGT3TA107989,,PCGT3TA107989,Antena 6000,Nuevo - SF2,-,SF6000,Nuevo,2024-12-02,2025-03-02,-577.0,VENCIDO,Vencida,Control administrativo,No encontrado,PCGT3TA107989,-
2026-09-30,2026-09-30 17:17:34.007363,20260930_171734_c8c847,,,David cavallera,,,,,Receptor de posición,Antena 6000,PCGT3TA106815,,PCGT3TA106815,Antena 6000,Nuevo - SF2,-,SF6000,Nuevo,2023-10-05,2024-01-05,-999.0,VENCIDO,Vencida,Control administrativo,No encontrado,PCGT3TA106815,-
2026-09-30,2026-09-30 17:17:34.007363,20260930_171734_c8c847,,,David cavallera,,,,,Receptor de posición,Antena 6000,PCGT3TA106815,,PCGT3TA106815,Antena 6000,Nuevo - SF2,-,SF6000,Nuevo,2024-11-01,2025-02-01,-606.0,VENCIDO,Vencida,Control administrativo,No encontrado,PCGT3TA106815,-
2026-09-30,2026-09-30 17:17:34.007363,20260930_171734_c8c847,,,D242415J VANDERHOEVENAGRICOLAS A,,,,,Receptor de posición,Antena 6000,PCGT3TA105994,,PCGT3TA105994,Antena 6000,Nuevo - SF2,-,SF6000,Nuevo,2023-09-04,2024-09-04,-756.0,VENCIDO,Vencida,Control administrativo,No encontrado,PCGT3TA105994,-
2026-09-30,2026-09-30 17:17:34.007363,20260930_171734_c8c847,,,ANGEL QUINTEROS,,,,,Receptor de posición,Antena 6000,PCGT3TA366293,,PCGT3TA366293,Antena 6000,Nuevo - SF2,-,SF6000,Nuevo,2025-11-20,2026-02-20,-222.0,VENCIDO,Vencida,Control administrativo,No encontrado,PCGT3TA366293,-
2026-09-30,2026-09-30 17:17:34.007363,20260930_171734_c8c847,,,David cavallera,,,,,Receptor de posición,Antena 6000,PCGT3TA106815,,PCGT3TA106815,Antena 6000,Nuevo - SF2,-,SF6000,Nuevo,2025-12-01,2026-03-01,-213.0,VENCIDO,Vencida,Control administrativo,No encontrado,PCGT3TA106815,-
2026-09-30,2026-09-30 17:17:34.007363,20260930_171734_c8c847,CORDOBA,358686.0,ANDRES REVOL,Argan 8330 tractor,RW8330P015310,8330,Tractor,Receptor de posición,Antena 6000,PCGT3TB758632,2.80S,PCGT3TB758632,Antena 6000,Nuevo - SF2,358686,SF6000,Nuevo,2025-12-19,2026-12-19,80.0,VIGENTE,Vence en 90 días,Control administrativo,Serie de componente,PCGT3TB758632,358686
2026-09-30,2026-09-30 17:17:34.007363,20260930_171734_c8c847,CORDOBA,428130.0,ALDO RUFFINO,7230R REMONDA CASTRO,1RW7230RTKS104054,7230R,Tractor,Monitor,Monitor Gen 4,PCGUPSA717020,25.2 (10.31.3676-98),PCGUPSA717020,Monitor Gen 4,Renovar - CommandCenter Automation 4,428130,Gen4,Renovación,2025-06-02,2026-06-02,-120.0,VENCIDO,Vencida,Control administrativo,Serie de componente,PCGUPSA717020,428130
2026-09-30,2026-09-30 17:17:34.007363,20260930_171734_c8c847,ARROYITO,359558.0,ALEJANDRO DOGLIANI,John Deere 7230R,1RW7230RKJS101575,7230R,Tractor,Monitor,Monitor Gen 4,PCGUPSA681889,25.4 (10.35.3817-13),PCGUPSA681889,Monitor Gen 4,Nuevo - CommandCenter Automation 4,359558,Gen4,Nuevo,2024-11-13,2025-11-13,-321.0,VENCIDO,Vencida,Control administrativo,Serie de componente,PCGUPSA681889,359558
2026-09-30,2026-09-30 17:17:34.007363,20260930_171734_c8c847,,,Javier Balcells,,,,,Monitor,Monitor Gen 4,PCGU6UB533932,,PCGU6UB533932,Monitor Gen 4,Nuevo - 4640 Master 1.0,496369,Gen4,Nuevo,2025-12-23,2026-12-23,84.0,VIGENTE,Vence en 90 días,Control administrativo,No encontrado,PCGU6UB533932,496369
2026-09-30,2026-09-30 17:17:34.007363,20260930_171734_c8c847,,,Alexis Emanuel Giacoletti,,,,,Monitor,Monitor Gen 4,PCGU6UD108252,,PCGU6UD108252,Monitor Gen 4,Nuevo - 4640 Master 1.0,4523941,Gen4,Nuevo,2026-01-13,2027-01-13,105.0,VIGENTE,Vigente,Control administrativo,No encontrado,PCGU6UD108252,4523941
2026-09-30,2026-09-30 17:17:34.007363,20260930_171734_c8c847,ARROYITO,5748738.0,Jose Luis Magnano,PLA 3300,1YE3300CTNA008281,3300,Pulverizadora,Monitor,Monitor Gen 4,PCGU6UD121014,25.4 (10.35.3817-13),PCGU6UD121014,Monitor Gen 4,Nuevo - 4640 Master 1.0,5748738,Gen4,Nuevo,2026-02-04,2027-02-04,127.0,VIGENTE,Vigente,Control administrativo,Serie de componente,PCGU6UD121014,5748738
2026-09-30,2026-09-30 17:17:34.007363,20260930_171734_c8c847,,,,,,,,Monitor,Monitor Gen 4,PCGU6UD107983,,PCGU6UD107983,Monitor Gen 4,Nuevo - 4640 Master 1.0,4660901,Gen4,Nuevo,2026-02-05,2027-02-05,128.0,VIGENTE,Vigente,Control administrativo,No encontrado,PCGU6UD107983,4660901
2026-09-30,2026-09-30 17:17:34.007363,20260930_171734_c8c847,,,ALBERTO COLAUTTI,,,,,Receptor de posición,Antena 6000,PCGT3TA477425,,PCGT3TA477425,Antena 6000,Nuevo - SF2,4136401,SF6000,Nuevo,2026-03-18,2027-03-18,169.0,VIGENTE,Vigente,Control administrativo,No encontrado,PCGT3TA477425,4136401
2026-09-30,2026-09-30 17:17:34.007363,20260930_171734_c8c847,CORDOBA,587263.0,HECTOR GIANNOBI,4730,N04730X005486,4730,Pulverizadora,Monitor,Monitor Gen 4,PCGU6UD121130,25.2 (10.31.3676-103),PCGU6UD121130,Monitor Gen 4,Nuevo - 4640 Master 1.0,587263,Gen4,Nuevo,2026-03-30,2027-03-30,181.0,VIGENTE,Vigente,Control administrativo,Serie de componente,PCGU6UD121130,587263
2026-09-30,2026-09-30 17:17:34.007363,20260930_171734_c8c847,CORDOBA,308408.0,LEONEL CALDERON,S780 N°3,1J0S780BHP0145166,S780,Cosechadora,Monitor,Monitor Gen 4,PCGUPSB922643,25.4 (10.35.3817-13),PCGUPSB922643,Monitor Gen 4,Nuevo - CommandCenter Premium 3.0,,Gen4,Nuevo,2026-04-03,2027-04-03,185.0,VIGENTE,Vigente,Control administrativo,Serie de componente,PCGUPSB922643,Nuevo - CommandCenter Premium 3.0
2026-09-30,2026-09-30 17:17:34.007363,20260930_171734_c8c847,CORDOBA,308408.0,LEONEL CALDERON,S780 N°3,1J0S780BHP0145166,S780,Cosechadora,Monitor,Monitor Gen 4,PCGUPSB922643,25.4 (10.35.3817-13),PCGUPSB922643,Monitor Gen 4,Actualización - CommandCenter Automation 4,,Gen4,Actualización,2026-05-06,2027-04-03,185.0,VIGENTE,Vigente,Control administrativo,Serie de componente,PCGUPSB922643,Actualización - CommandCenter Automation 4
2026-09-30,2026-09-30 17:17:34.007363,20260930_171734_c8c847,CORDOBA,308408.0,LEONEL CALDERON,S790,1J0S790BEP0145109,S790,Cosechadora,Monitor,Monitor Gen 4,PCGUPSB906190,25.4 (10.35.3817-13),PCGUPSB906190,Monitor Gen 4,Actualización - CommandCenter Automation 4,,Gen4,Actualización,2026-05-06,2026-12-30,91.0,VIGENTE,Vigente,Control administrativo,Serie de componente,PCGUPSB906190,Actualización - CommandCenter Automation 4
2026-09-30,2026-09-30 17:17:34.007363,20260930_171734_c8c847,,,ANGEL QUINTEROS,,,,,Receptor de posición,Antena 6000,PCGT3TA366293,,PCGT3TA366293,Antena 6000,Nuevo - SF2,-,SF6000,Nuevo,2024-11-02,2025-02-02,-605.0,VENCIDO,Vencida,Control administrativo,No encontrado,PCGT3TA366293,-
2026-09-30,2026-09-30 17:17:34.007363,20260930_171734_c8c847,,,DANILO NANEZ,,,,,Receptor de posición,Antena 6000,PCGT3TA361190,,PCGT3TA361190,Antena 6000,Nuevo - SF2,5903561,SF6000,Nuevo,2023-11-10,2024-11-10,-689.0,VENCIDO,Vencida,Control administrativo,No encontrado,PCGT3TA361190,5903561
2026-09-30,2026-09-30 17:17:34.007363,20260930_171734_c8c847,,,CARLOS R SANGOY,,,,,Receptor de posición,Antena 6000,PCGT3TA360540,,PCGT3TA360540,Antena 6000,Nuevo - SF2,,SF6000,Nuevo,2025-11-14,2026-02-14,-228.0,VENCIDO,Vencida,Control administrativo,No encontrado,PCGT3TA360540,Nuevo - SF2
2026-09-30,2026-09-30 17:17:34.007363,20260930_171734_c8c847,,,Raul David Copello,,,,,Receptor de posición,Antena 6000,PCGT3TA336618,,PCGT3TA336618,Antena 6000,Nuevo - SF2,-,SF6000,Nuevo,2025-11-15,2026-02-15,-227.0,VENCIDO,Vencida,Control administrativo,No encontrado,PCGT3TA336618,-
2026-09-30,2026-09-30 17:17:34.007363,20260930_171734_c8c847,PILAR,8295160.0,GONZALO CALCAGNI,PLA 3300,7687,BX-3300 MD BT,Pulverizadora,Monitor,Monitor Gen 4,PCGU6UB544162,25.4 (10.35.3817-9),PCGU6UB544162,Monitor Gen 4,Nuevo - 4640 Master 1.0,450652,Gen4,Nuevo,2026-07-02,2027-07-02,275.0,VIGENTE,Vigente,Control administrativo,Serie de componente,PCGU6UB544162,450652
2026-09-30,2026-09-30 17:17:34.007363,20260930_171734_c8c847,SANTA ROSA,479802.0,Dario Jensen,Pulverizadora 4025M Jensen,1NW4025MKK0190436,M4025,Pulverizadora,Monitor,Monitor Gen 4,PCGUPSA721929,25.2 (10.31.3676-103),PCGUPSA721929,Monitor Gen 4,Renovar - CommandCenter Master 1.0,479802,Gen4,Renovación,2026-07-24,2027-07-24,297.0,VIGENTE,Vigente,Control administrativo,Serie de componente,PCGUPSA721929,479802
2026-09-30,2026-09-30 17:17:34.007363,20260930_171734_c8c847,CORDOBA,406172.0,MARCELO DEFILIPPO,PLA 3300 - 8080 N°1,1YE3300CANA008080,3300,Pulverizadora,Monitor,Monitor Gen 4,PCGU6UD116223,25.4 (10.35.3817-60),PCGU6UD116223,Monitor Gen 4,Renovar - 4640 Master 1.0,406172,Gen4,Renovación,2026-08-17,2027-08-17,321.0,VIGENTE,Vigente,Control administrativo,Serie de componente,PCGU6UD116223,406172
2026-09-30,2026-09-30 17:17:34.007363,20260930_171734_c8c847,,,JUAN CARLOS CHIAPPAFREDDO,,,,,Monitor,Monitor Gen 4,PCGU6UD111165,,PCGU6UD111165,Monitor Gen 4,Nuevo - 4640 Master 1.0,2780721,Gen4,Nuevo,2026-07-27,2027-07-27,300.0,VIGENTE,Vigente,Control administrativo,No encontrado,PCGU6UD111165,2780721
2026-09-30,2026-09-30 17:17:34.007363,20260930_171734_c8c847,SINSACATE,530850.0,MARCELO RUIZ,7230J RUIZ MARCELO,1RW7230STLC120124,7R 230,Tractor,Receptor de posición,Antena 6000,PCGT6FB365192,4.60H,PCGT6FB365192,Antena 6000,Renovar - SF3,530850,SF6000,Renovación,2026-08-03,2027-08-03,307.0,VIGENTE,Vigente,Control administrativo,Serie de componente,PCGT6FB365192,530850
2026-09-30,2026-09-30 17:17:34.007363,20260930_171734_c8c847,,,Jose Luis Ochlensclager,,,,,Monitor,Monitor Gen 4,PCGU6UB542963,,PCGU6UB542963,Monitor Gen 4,Nuevo - 4640 Master 1.0,,Gen4,Nuevo,2026-08-21,2027-08-21,325.0,VIGENTE,Vigente,Control administrativo,No encontrado,PCGU6UB542963,Nuevo - 4640 Master 1.0
2026-09-30,2026-09-30 17:17:34.007363,20260930_171734_c8c847,SINSACATE,579120.0,TRANSPORTEELAGUILA,Pulve_PLA,1YE3300FHNA008108,3300,Pulverizadora,Monitor,Monitor Gen 4,PCGU6UD115770,25.4 (10.35.3817-60),PCGU6UD115770,Monitor Gen 4,Actualización - 4640 Universal Automation 4,579120,Gen4,Actualización,2026-08-28,2026-08-28,-33.0,VIGENTE,Vencida,Control administrativo,Serie de componente,PCGU6UD115770,579120
2026-09-30,2026-09-30 17:17:34.007363,20260930_171734_c8c847,SINSACATE,579120.0,TRANSPORTEELAGUILA,Pulve_PLA,1YE3300FHNA008108,3300,Pulverizadora,Monitor,Monitor Gen 4,PCGU6UD115770,25.4 (10.35.3817-60),PCGU6UD115770,Monitor Gen 4,Renovar - 4640 Universal Automation 4,579120,Gen4,Renovación,2026-08-29,2027-08-29,333.0,VIGENTE,Vigente,Control administrativo,Serie de componente,PCGU6UD115770,579120
2026-09-30,2026-09-30 17:17:34.007363,20260930_171734_c8c847,SINSACATE,491313.0,JULIANPERESSINI,8270R,1BM8270RCLS100500,8270R,Tractor,Monitor,Monitor Gen 4,PCGUPSA742227,25.4 (10.35.3817-60),PCGUPSA742227,Monitor Gen 4,Nuevo - CommandCenter Automation 4,,Gen4,Nuevo,2026-08-28,2027-08-28,332.0,VIGENTE,Vigente,Control administrativo,Serie de componente,PCGUPSA742227,Nuevo - CommandCenter Automation 4
2026-09-30,2026-09-30 17:17:34.007363,20260930_171734_c8c847,,,Ruben Dario Riorda,,,,,Monitor,Monitor Gen 4,PCGU6UD117358,,PCGU6UD117358,Monitor Gen 4,Nuevo - 4640 Master 1.0,4002881,Gen4,Nuevo,2026-09-08,2027-09-08,343.0,VENCIDO,Vigente,Control administrativo,No encontrado,PCGU6UD117358,4002881
2026-09-30,2026-09-30 17:17:34.007363,20260930_171734_c8c847,SINSACATE,324409.0,DANIEL DEGIORGIO,8320 DeGiorgio,1RW8320RLGP112400,8320R,Tractor,Monitor,Monitor Gen 4,PCGU6UD104729,25.4 (10.35.3817-60),PCGU6UD104729,Monitor Gen 4,Nuevo - 4640 Universal Automation 4,324409,Gen4,Nuevo,2026-09-08,2027-09-08,343.0,VENCIDO,Vigente,Control administrativo,Serie de componente,PCGU6UD104729,324409
2026-09-30,2026-09-30 17:17:34.007363,20260930_171734_c8c847,CORDOBA,445775.0,ROGELIO ADRIAN GARINO,Tractor 7230R Garino R,1RW7230RKJS101544,7230R,Tractor,Monitor,Monitor Gen 4,PCGUPSA680546,25.4 (10.35.3817-13),PCGUPSA680546,Monitor Gen 4,Nuevo - CommandCenter Automation 4,,Gen4,Nuevo,2026-09-11,2027-09-11,346.0,VENCIDO,Vigente,Control administrativo,Serie de componente,PCGUPSA680546,Nuevo - CommandCenter Automation 4
2026-09-30,2026-09-30 17:17:34.007363,20260930_171734_c8c847,,,GUSTAVO PAGLIALUNGA,,,,,Monitor,Monitor Gen 4,PCGU6UB533535,,PCGU6UB533535,Monitor Gen 4,Nuevo - 4640 Master 1.0,307486,Gen4,Nuevo,2026-09-24,2027-09-24,359.0,VENCIDO,Vigente,Control administrativo,No encontrado,PCGU6UB533535,307486
2026-10-07 00:00:00,2026-10-07 12:09:58.363968,20261007_120958_ba31ab,CORDOBA,356035,VACCARIN CESAR Y VACCARINI LEANDRO,M4040 Vaccarini Hns.,1NW4040MJSF250278,M4040,Pulverizadora,Receptores de posición,SF7500,PCS75UA248694,2.70F,PCS75UA248694,Receptor de posición,SF-RTK,A-S00614515,SF7500,No informado,2026-06-24 00:00:00,2027-06-24 00:00:00,260.0,Activo,Vigente,Operations Center,Serie de receptor,PCS75UA248694,A-S00614515
2026-10-07 00:00:00,2026-10-07 12:09:58.363968,20261007_120958_ba31ab,CORDOBA,356035,VACCARIN CESAR Y VACCARINI LEANDRO,M4040 Vaccarini Hns.,1NW4040MJSF250278,M4040,Pulverizadora,Monitor,G5 CommandCenter,PCG5CSC240422,26.3 (11.3.4160-52),1NW4040MJSF250278,Machine,G5 Advanced - Aplicación autopropulsada,A-S00631946,G5,No informado,2026-06-21 00:00:00,2027-06-21 00:00:00,257.0,Activo,Vigente,Operations Center,Serie de máquina,PCG5CSC240422,A-S00631946
2026-10-07 00:00:00,2026-10-07 12:09:58.363968,20261007_120958_ba31ab,PILAR,439215,BARTOMAR SAS   ,VÍCTOR S770 BRUNETTI N2,1J0S770BLS0155164,S770,Cosechadora,Monitor,G5 CommandCenter,PCG5CSB204194,25.4 (10.35.3817-13),1J0S770BLS0155164,Machine,G5 Advanced - Cosechadora,A-S00614556,G5,No informado,2025-03-30 00:00:00,,,Activo,Vigente,Operations Center,Serie de máquina,PCG5CSB204194,A-S00614556
2026-10-07 00:00:00,2026-10-07 12:09:58.363968,20261007_120958_ba31ab,PILAR,439215,BARTOMAR SAS   ,GERMAN S780 BRUNETTI N7,1J0S780BVS0155152,S780,Cosechadora,Monitor,G5 CommandCenter,PCG5CSB206786,26.3 (11.3.4160-52),1J0S780BVS0155152,Machine,G5 Advanced - Cosechadora,A-S00616914,G5,No informado,,,,Activo,Vigente,Operations Center,Serie de máquina,PCG5CSB206786,A-S00616914
2026-10-07 00:00:00,2026-10-07 12:09:58.363968,20261007_120958_ba31ab,PILAR,439215,BARTOMAR SAS   ,NICO S780 BRUNETTI N6,1J0S780BHS0155169,S780,Cosechadora,Monitor,G5 CommandCenter,PCG5CSB206080,25.4 (10.35.3817-13),1J0S780BHS0155169,Machine,G5 Advanced - Cosechadora,A-S00625237,G5,No informado,2025-06-22 00:00:00,2028-06-24 00:00:00,626.0,Activo,Vigente,Operations Center,Serie de máquina,PCG5CSB206080,A-S00625237
2026-10-07 00:00:00,2026-10-07 12:09:58.363968,20261007_120958_ba31ab,PILAR,439215,BARTOMAR SAS   ,NICO S780 BRUNETTI N6,1J0S780BHS0155169,S780,Cosechadora,Receptores de posición,SF7500,PCS75UA199618,2.30J,PCS75UA199618,Receptor de posición,SF-RTK,A-S00627345,SF7500,No informado,2025-06-22 00:00:00,2028-06-24 00:00:00,626.0,Activo,Vigente,Operations Center,Serie de receptor,PCS75UA199618,A-S00627345
2026-10-07 00:00:00,2026-10-07 12:09:58.363968,20261007_120958_ba31ab,PILAR,439215,BARTOMAR SAS   ,GERMAN S780 BRUNETTI N7,1J0S780BVS0155152,S780,Cosechadora,Receptores de posición,SF7500,PCS75UA197347,2.30J,PCS75UA197347,Receptor de posición,SF-RTK,A-S00629209,SF7500,No informado,2026-06-09 00:00:00,2029-06-11 00:00:00,978.0,Activo,Vigente,Operations Center,Serie de receptor,PCS75UA197347,A-S00629209
2026-10-07 00:00:00,2026-10-07 12:09:58.363968,20261007_120958_ba31ab,SINSACATE,425653,ADJ SRL,Tractor 7M 215,1J07215CHR3000191,7M 215,Tractor,Receptores de posición,SF7500,PCS75UA191870,2.40P,PCS75UA191870,Receptor de posición,SF-RTK,A-S00614779,SF7500,No informado,2025-09-01 00:00:00,2028-09-03 00:00:00,697.0,Activo,Vigente,Operations Center,Serie de receptor,PCS75UA191870,A-S00614779
2026-10-07 00:00:00,2026-10-07 12:09:58.363968,20261007_120958_ba31ab,SINSACATE,425653,ADJ SRL,Cosechadora S7 800,1J0S780BTS0160120,S7 800,Cosechadora,Receptores de posición,SF7500 Integrated,PCG75FA239177,2.50F,PCG75FA239177,Receptor de posición,SF-RTK,A-S00619045,SF7500,No informado,2026-03-18 00:00:00,2029-03-20 00:00:00,895.0,Activo,Vigente,Operations Center,Serie de receptor,PCG75FA239177,A-S00619045
2026-10-07 00:00:00,2026-10-07 12:09:58.363968,20261007_120958_ba31ab,SINSACATE,425653,ADJ SRL,Cosechadora S7 800,1J0S780BTS0160120,S7 800,Cosechadora,Monitor,G5 CommandCenter,PCG5CSB192005,26.3 (11.3.4160-40),1J0S780BTS0160120,Machine,Cosechadora S7/X9 Ultimate,A-S00622297,G5,No informado,,,,Activo,Vigente,Operations Center,Serie de máquina,PCG5CSB192005,A-S00622297
2026-10-07 00:00:00,2026-10-07 12:09:58.363968,20261007_120958_ba31ab,SINSACATE,425653,ADJ SRL,Cosechadora S790,1J0S790BVS0155108,S790,Cosechadora,Monitor,G5 CommandCenter,PCG5CSB191978,26.2 (11.2.4087-59),1J0S790BVS0155108,Machine,G5 Advanced - Cosechadora,A-S00622333,G5,No informado,2025-03-27 00:00:00,2028-03-29 00:00:00,539.0,Activo,Vigente,Operations Center,Serie de máquina,PCG5CSB191978,A-S00622333
2026-10-07 00:00:00,2026-10-07 12:09:58.363968,20261007_120958_ba31ab,ARROYITO,413552,GEROSA SANDRO LUIS,S7 700 CRISTIAN,1J0S770BKT0160200,S7 700,Cosechadora,Monitor,G5 CommandCenter,PCG5CSC264149,25.4 (10.35.3817-13),1J0S770BKT0160200,Machine,G5 Advanced - Cosechadora,A-S00614690,G5,No informado,,,,Activo,Vigente,Operations Center,Serie de máquina,PCG5CSC264149,A-S00614690
2026-10-07 00:00:00,2026-10-07 12:09:58.363968,20261007_120958_ba31ab,ARROYITO,413552,GEROSA SANDRO LUIS,S770 Jose Druetta,1CQS770AAR0155302,S770,Cosechadora,Receptores de posición,SF7500,PCS75UA181293,2.30J,PCS75UA181293,Receptor de posición,SF-RTK,A-S00619062,SF7500,No informado,2025-03-10 00:00:00,2028-03-12 00:00:00,522.0,Activo,Vigente,Operations Center,Serie de receptor,PCS75UA181293,A-S00619062
2026-10-07 00:00:00,2026-10-07 12:09:58.363968,20261007_120958_ba31ab,ARROYITO,413552,GEROSA SANDRO LUIS,S770 Jose Druetta,1CQS770AAR0155302,S770,Cosechadora,Monitor,G5 CommandCenter,PCG5CSB189394,25.2 (10.31.3676-103),1CQS770AAR0155302,Machine,G5 Advanced - Cosechadora,A-S00622853,G5,No informado,2025-03-10 00:00:00,2028-03-12 00:00:00,522.0,Activo,Vigente,Operations Center,Serie de máquina,PCG5CSB189394,A-S00622853
2026-10-07 00:00:00,2026-10-07 12:09:58.363968,20261007_120958_ba31ab,ARROYITO,413552,GEROSA SANDRO LUIS,S7 700 CRISTIAN,1J0S770BKT0160200,S7 700,Cosechadora,Receptores de posición,SF7500 Integrated,PCG75FA239105,2.50F,PCG75FA239105,Receptor de posición,SF-RTK,A-S00640133,SF7500,No informado,,,,Activo,Vigente,Operations Center,Serie de receptor,PCG75FA239105,A-S00640133
2026-10-07 00:00:00,2026-10-07 12:09:58.363968,20261007_120958_ba31ab,ARROYITO,413552,GEROSA SANDRO LUIS,S7 700 David,1J0S770BHT0160237,S7 700,Cosechadora,Monitor,G5 CommandCenter,PCG5CSC242843,26.3 (11.3.4160-46),1J0S770BHT0160237,Machine,G5 Advanced - Cosechadora,A-S00659528,G5,No informado,2026-07-28 00:00:00,2027-07-30 00:00:00,296.0,Activo,Vigente,Operations Center,Serie de máquina,PCG5CSC242843,A-S00659528
2026-10-07 00:00:00,2026-10-07 12:09:58.363968,20261007_120958_ba31ab,ARROYITO,413552,GEROSA SANDRO LUIS,S7 700 David,1J0S770BHT0160237,S7 700,Cosechadora,Receptores de posición,SF7500 Integrated,PCG75FA252020,2.50F,PCG75FA252020,Receptor de posición,SF-RTK,A-S00659529,SF7500,No informado,2026-07-28 00:00:00,2027-07-30 00:00:00,296.0,Activo,Vigente,Operations Center,Serie de receptor,PCG75FA252020,A-S00659529
2026-10-07 00:00:00,2026-10-07 12:09:58.363968,20261007_120958_ba31ab,,420917,Tozzi,MONA 135,1J0S780BVS0155135,S780,Cosechadora,Monitor,G5 CommandCenter,PCG5CSB194302,25.1 (10.30.3567-82),1J0S780BVS0155135,Machine,G5 Advanced - Cosechadora,A-S00616002,G5,No informado,2025-02-19 00:00:00,2028-02-21 00:00:00,502.0,Activo,Vigente,Operations Center,Serie de máquina,PCG5CSB194302,A-S00616002
2026-10-07 00:00:00,2026-10-07 12:09:58.363968,20261007_120958_ba31ab,,420917,Tozzi,OCHI 125,1J0S780BVS0160125,S7 800,Cosechadora,Monitor,G5 CommandCenter,PCG5CSC248922,26.3 (11.3.4160-52),1J0S780BVS0160125,Machine,Cosechadora S7/X9 Ultimate,A-S00623367,G5,No informado,2025-10-29 00:00:00,2028-10-31 00:00:00,755.0,Activo,Vigente,Operations Center,Serie de máquina,PCG5CSC248922,A-S00623367
2026-10-07 00:00:00,2026-10-07 12:09:58.363968,20261007_120958_ba31ab,,420917,Tozzi,Emi 125,1J0S780BHP0150125,S780,Cosechadora,Monitor,G5 CommandCenter,PCG5CSA108260,26.3 (11.3.4160-52),1J0S780BHP0150125,Machine,G5 Advanced - Cosechadora,A-S00625523,G5,No informado,2024-03-12 00:00:00,2027-03-14 00:00:00,158.0,Activo,Vigente,Operations Center,Serie de máquina,PCG5CSA108260,A-S00625523
2026-10-07 00:00:00,2026-10-07 12:09:58.363968,20261007_120958_ba31ab,,420917,Tozzi,MONA 135,1J0S780BVS0155135,S780,Cosechadora,Receptores de posición,SF7500,PCS75UA175147,2.30J,PCS75UA175147,Receptor de posición,SF-RTK,A-S00627299,SF7500,No informado,2025-02-19 00:00:00,2028-02-21 00:00:00,502.0,Activo,Vigente,Operations Center,Serie de receptor,PCS75UA175147,A-S00627299
2026-10-07 00:00:00,2026-10-07 12:09:58.363968,20261007_120958_ba31ab,,420917,Tozzi,OCHI 125,1J0S780BVS0160125,S7 800,Cosechadora,Receptores de posición,SF7500 Integrated,PCG75FA239107,2.50F,PCG75FA239107,Receptor de posición,SF-RTK,A-S00639214,SF7500,No informado,2025-10-29 00:00:00,2028-10-31 00:00:00,755.0,Activo,Vigente,Operations Center,Serie de receptor,PCG75FA239107,A-S00639214
2026-10-07 00:00:00,2026-10-07 12:09:58.363968,20261007_120958_ba31ab,CORDOBA,406172,MADARO SRL,S780 - Enzo,1J0S780BEN0145134,S780,Cosechadora,Receptores de posición,SF7000,PCS17UB127479,6.80C,PCS17UB127479,Receptor de posición,SF-RTK,A-S00620208,SF7000,No informado,,,,Activo,Vigente,Operations Center,Serie de receptor,PCS17UB127479,A-S00620208
2026-10-07 00:00:00,2026-10-07 12:09:58.363968,20261007_120958_ba31ab,CORDOBA,406172,MADARO SRL,,,,,Receptor de posición,SF7000,,,PCS17UB225160,Receptor de posición,SF-RTK,A-S00632085,Otra,No informado,,,,Activo,Vigente,Operations Center,No encontrado,PCS17UB225160,A-S00632085
2026-10-07 00:00:00,2026-10-07 12:09:58.363968,20261007_120958_ba31ab,CORDOBA,406172,MADARO SRL,S7 900 - Nestor,1J0S790BVT0160150,S7 900,Cosechadora,Monitor,G5 CommandCenter,PCG5CSC257711,26.3 (11.3.4160-65),1J0S790BVT0160150,Machine,Cosechadora S7/X9 Ultimate,A-S00632466,G5,No informado,,,,Activo,Vigente,Operations Center,Serie de máquina,PCG5CSC257711,A-S00632466
2026-10-07 00:00:00,2026-10-07 12:09:58.363968,20261007_120958_ba31ab,CORDOBA,406172,MADARO SRL,S780 - Antonio,1J0S780BEP0150112,S780,Cosechadora,Monitor,G5 CommandCenter,PCG5CSA107273,25.4 (10.35.3817-13),1J0S780BEP0150112,Machine,G5 Advanced - Cosechadora,A-S00634660,G5,No informado,2025-10-16 00:00:00,2026-06-16 00:00:00,-113.0,Cancelada,Cancelada,Operations Center,Serie de máquina,PCG5CSA107273,A-S00634660
2026-10-07 00:00:00,2026-10-07 12:09:58.363968,20261007_120958_ba31ab,CORDOBA,406172,MADARO SRL,S7 900 - Nestor,1J0S790BVT0160150,S7 900,Cosechadora,Receptores de posición,SF7500 Integrated,PCG75FA243047,2.70F,PCG75FA243047,Receptor de posición,SF-RTK,A-S00640267,SF7500,No informado,,,,Activo,Vigente,Operations Center,Serie de receptor,PCG75FA243047,A-S00640267
2026-10-07 00:00:00,2026-10-07 12:09:58.363968,20261007_120958_ba31ab,CORDOBA,406172,MADARO SRL,MADARO 6190J,1J06190JLRD600298,6190J,Tractor,Receptores de posición,SF7000,PCS17UB172853,6.80C,PCS17UB172853,Receptor de posición,SF-RTK,A-S00642621,SF7000,No informado,,,,Activo,Vigente,Operations Center,Serie de receptor,PCS17UB172853,A-S00642621
2026-10-07 00:00:00,2026-10-07 12:09:58.363968,20261007_120958_ba31ab,CORDOBA,308408,H&H Outfitters SA,4030M N2,1NW4030MKSF250564,M4030,Pulverizadora,Monitor,G5 CommandCenter,PCG5CSC227209,26.3 (11.3.4160-52),1NW4030MKSF250564,Machine,G5 Advanced - Aplicación autopropulsada,A-S00615156,G5,No informado,,,,Activo,Vigente,Operations Center,Serie de máquina,PCG5CSC227209,A-S00615156
2026-10-07 00:00:00,2026-10-07 12:09:58.363968,20261007_120958_ba31ab,CORDOBA,308408,H&H Outfitters SA,8400R,1BM8400RVSS102717,8400R,Tractor,Receptores de posición,SF7500,PCS75UA248277,2.30J,PCS75UA248277,Receptor de posición,RTK universal permanente,A-S00615260,SF7500,No informado,,,,Activo,Vigente,Operations Center,Serie de receptor,PCS75UA248277,A-S00615260
2026-10-07 00:00:00,2026-10-07 12:09:58.363968,20261007_120958_ba31ab,CORDOBA,308408,H&H Outfitters SA,8345R,1RW8345REGS109775,8345R,Tractor,Monitor,G5Plus Universal,PCG5PUB246686,25.4 (10.35.3817-13),PCG5PUB246686,Monitor,Renovable avanzada,A-S00615712,G5,No informado,,,,Activo,Vigente,Operations Center,Serie de monitor,PCG5PUB246686,A-S00615712
2026-10-07 00:00:00,2026-10-07 12:09:58.363968,20261007_120958_ba31ab,CORDOBA,308408,H&H Outfitters SA,,,,,Receptor de posición,SF7500,,,PCS75UA247608,Receptor de posición,SF-RTK,A-S00616237,Otra,No informado,2026-05-26 00:00:00,2027-05-27 00:00:00,232.0,Activo,Vigente,Operations Center,No encontrado,PCS75UA247608,A-S00616237
2026-10-07 00:00:00,2026-10-07 12:09:58.363968,20261007_120958_ba31ab,CORDOBA,308408,H&H Outfitters SA,S7 800,1J0S780BHS0160159,S7 800,Cosechadora,Receptores de posición,SF7500 Integrated,PCG75FA256186,2.50F,PCG75FA256186,Receptor de posición,RTK integrado permanente,A-S00617158,SF7500,No informado,2026-05-04 00:00:00,,,Activo,Vigente,Operations Center,Serie de receptor,PCG75FA256186,A-S00617158
2026-10-07 00:00:00,2026-10-07 12:09:58.363968,20261007_120958_ba31ab,CORDOBA,308408,H&H Outfitters SA,,,,,Receptor de posición,SF7500,,,PCS75UA311236,Receptor de posición,RTK universal permanente,A-S00617388,Otra,No informado,,,,Activo,Vigente,Operations Center,No encontrado,PCS75UA311236,A-S00617388
2026-10-07 00:00:00,2026-10-07 12:09:58.363968,20261007_120958_ba31ab,CORDOBA,308408,H&H Outfitters SA,8330,RW8330P027935,8330,Tractor,Monitor,G5Plus Universal,PCG5PUB246677,26.3 (11.3.4160-52),PCG5PUB246677,Monitor,Renovable avanzada,A-S00618208,G5,No informado,,,,Activo,Vigente,Operations Center,Serie de monitor,PCG5PUB246677,A-S00618208
2026-10-07 00:00:00,2026-10-07 12:09:58.363968,20261007_120958_ba31ab,CORDOBA,308408,H&H Outfitters SA,6190J CBA,1J06190JTSD600460,6190J,Tractor,Receptores de posición,SF7500,PCS75UA203477,2.30J,PCS75UA203477,Receptor de posición,SF-RTK,A-S00618262,SF7500,No informado,2026-10-04 00:00:00,2027-10-04 00:00:00,362.0,Activo,Vigente,Operations Center,Serie de receptor,PCS75UA203477,A-S00618262
2026-10-07 00:00:00,2026-10-07 12:09:58.363968,20261007_120958_ba31ab,CORDOBA,308408,H&H Outfitters SA,9410R,1RW9410RJDP010449,9410R,Tractor,Monitor,G5Plus Universal,PCG5PUB247050,25.4 (10.35.3817-13),PCG5PUB247050,Monitor,Renovable avanzada,A-S00620130,G5,No informado,,,,Activo,Vigente,Operations Center,Serie de monitor,PCG5PUB247050,A-S00620130
2026-10-07 00:00:00,2026-10-07 12:09:58.363968,20261007_120958_ba31ab,CORDOBA,308408,H&H Outfitters SA,,,,,Receptor de posición,SF7500,,,PCS75UA248869,Receptor de posición,RTK universal permanente,A-S00623934,Otra,No informado,,,,Activo,Vigente,Operations Center,No encontrado,PCS75UA248869,A-S00623934
2026-10-07 00:00:00,2026-10-07 12:09:58.363968,20261007_120958_ba31ab,CORDOBA,308408,H&H Outfitters SA,8330,RW8330P027935,8330,Tractor,Receptores de posición,SF7500,PCS75UA247616,2.40P,PCS75UA247616,Receptor de posición,RTK universal permanente,A-S00624409,SF7500,No informado,,,,Activo,Vigente,Operations Center,Serie de receptor,PCS75UA247616,A-S00624409
2026-10-07 00:00:00,2026-10-07 12:09:58.363968,20261007_120958_ba31ab,CORDOBA,308408,H&H Outfitters SA,,,,,Receptor de posición,SF7000,,,PCS17UB168563,Receptor de posición,SF-RTK,A-S00625356,Otra,No informado,,,,Activo,Vigente,Operations Center,No encontrado,PCS17UB168563,A-S00625356
2026-10-07 00:00:00,2026-10-07 12:09:58.363968,20261007_120958_ba31ab,CORDOBA,308408,H&H Outfitters SA,,,,,Receptor de posición,SF7500,,,PCS75UA249034,Receptor de posición,RTK universal permanente,A-S00627883,Otra,No informado,,,,Activo,Vigente,Operations Center,No encontrado,PCS75UA249034,A-S00627883
2026-10-07 00:00:00,2026-10-07 12:09:58.363968,20261007_120958_ba31ab,CORDOBA,308408,H&H Outfitters SA,8400R,1BM8400RVSS102717,8400R,Tractor,Receptores de posición,SF7500,PCS75UA248277,2.30J,PCS75UA248277,Receptor de posición,SF-RTK,A-S00628215,SF7500,No informado,,,,Activo,Vigente,Operations Center,Serie de receptor,PCS75UA248277,A-S00628215
2026-10-07 00:00:00,2026-10-07 12:09:58.363968,20261007_120958_ba31ab,CORDOBA,308408,H&H Outfitters SA,,,,,Receptor de posición,SF7500,,,PCS75UA243160,Receptor de posición,SF-RTK,A-S00628800,Otra,No informado,2025-11-30 00:00:00,,,Activo,Vigente,Operations Center,No encontrado,PCS75UA243160,A-S00628800
2026-10-07 00:00:00,2026-10-07 12:09:58.363968,20261007_120958_ba31ab,CORDOBA,308408,H&H Outfitters SA,,,,,Monitor,G5Plus Universal,,,PCG5PUB186432,Monitor,Renovable esencial,A-S00629648,Otra,No informado,2025-11-30 00:00:00,,,Activo,Vigente,Operations Center,No encontrado,PCG5PUB186432,A-S00629648
2026-10-07 00:00:00,2026-10-07 12:09:58.363968,20261007_120958_ba31ab,CORDOBA,308408,H&H Outfitters SA,,,,,Receptor de posición,SF7000,,,PCS17UB171566,Receptor de posición,SF-RTK,A-S00630146,Otra,No informado,2026-05-05 00:00:00,2027-05-07 00:00:00,212.0,Activo,Vigente,Operations Center,No encontrado,PCS17UB171566,A-S00630146
2026-10-07 00:00:00,2026-10-07 12:09:58.363968,20261007_120958_ba31ab,CORDOBA,308408,H&H Outfitters SA,6115J CBA,1J06115JLND600175,6115J,Tractor,Monitor,G5Plus Universal,PCG5PUB246774,25.4 (10.35.3817-13),PCG5PUB246774,Monitor,Renovable esencial,A-S00631095,G5,No informado,2026-05-14 00:00:00,2027-05-16 00:00:00,221.0,Activo,Vigente,Operations Center,Serie de monitor,PCG5PUB246774,A-S00631095
2026-10-07 00:00:00,2026-10-07 12:09:58.363968,20261007_120958_ba31ab,CORDOBA,308408,H&H Outfitters SA,S690,1CQS690ATH0120103,S690,Cosechadora,Monitor,G5 Universal,PCG5MUB169433,26.3 (11.3.4160-40),PCG5MUB169433,Monitor,Renovable avanzada,A-S00634885,G5,No informado,2025-10-08 00:00:00,2026-10-10 00:00:00,3.0,Activo,Vence en 30 días,Operations Center,Serie de monitor,PCG5MUB169433,A-S00634885
2026-10-07 00:00:00,2026-10-07 12:09:58.363968,20261007_120958_ba31ab,CORDOBA,308408,H&H Outfitters SA,9420R,1RW9420RLKP062835,9420R,Tractor,Monitor,G5Plus Universal,PCG5PUB247102,26.3 (11.3.4160-52),PCG5PUB247102,Monitor,Renovable avanzada,A-S00635896,G5,No informado,,,,Activo,Vigente,Operations Center,Serie de monitor,PCG5PUB247102,A-S00635896
2026-10-07 00:00:00,2026-10-07 12:09:58.363968,20261007_120958_ba31ab,CORDOBA,308408,H&H Outfitters SA,S680,1J0S680BKH0120103,S680,Cosechadora,Receptores de posición,SF7000,PCS17UB171554,6.60T,PCS17UB171554,Receptor de posición,SF-RTK,A-S00635954,SF7000,No informado,2026-05-05 00:00:00,2027-05-07 00:00:00,212.0,Activo,Vigente,Operations Center,Serie de receptor,PCS17UB171554,A-S00635954
2026-10-07 00:00:00,2026-10-07 12:09:58.363968,20261007_120958_ba31ab,CORDOBA,308408,H&H Outfitters SA,4030M N2,1NW4030MKSF250564,M4030,Pulverizadora,Receptores de posición,SF7500,PCS75UA246127,2.30J,PCS75UA246127,Receptor de posición,RTK universal permanente,A-S00635962,SF7500,No informado,,,,Activo,Vigente,Operations Center,Serie de receptor,PCS75UA246127,A-S00635962
2026-10-07 00:00:00,2026-10-07 12:09:58.363968,20261007_120958_ba31ab,CORDOBA,308408,H&H Outfitters SA,8400R,1BM8400RVSS102717,8400R,Tractor,Monitor,G5 CommandCenter,PCG5CSC244975,25.4 (10.35.3817-13),1BM8400RVSS102717,Machine,G5 Advanced - Tractor de la serie 7/8/9,A-S00637184,G5,No informado,,,,Activo,Vigente,Operations Center,Serie de máquina,PCG5CSC244975,A-S00637184
2026-10-07 00:00:00,2026-10-07 12:09:58.363968,20261007_120958_ba31ab,CORDOBA,308408,H&H Outfitters SA,8270R,1BM8270RPHP100020,8270R,Tractor,Monitor,G5 Universal,PCG5MUB113884,25.3 (10.32.3817-138),PCG5MUB113884,Monitor,G5 Advanced - Universal,A-S00638116,G5,No informado,2026-10-29 00:00:00,2027-10-29 00:00:00,387.0,Activo,Vigente,Operations Center,Serie de monitor,PCG5MUB113884,A-S00638116
2026-10-07 00:00:00,2026-10-07 12:09:58.363968,20261007_120958_ba31ab,CORDOBA,308408,H&H Outfitters SA,S7 800,1J0S780BHS0160159,S7 800,Cosechadora,Monitor,G5 CommandCenter,PCG5CSC258360,26.3 (11.3.4160-52),1J0S780BHS0160159,Machine,Cosechadora S7/X9 Ultimate,A-S00641546,G5,No informado,,,,Activo,Vigente,Operations Center,Serie de máquina,PCG5CSC258360,A-S00641546
2026-10-07 00:00:00,2026-10-07 12:09:58.363968,20261007_120958_ba31ab,CORDOBA,308408,H&H Outfitters SA,,,,,,,,,,,RTK universal permanente,A-S00641714,Otra,No informado,,,,Activo,Vigente,Operations Center,Sin serie asignada,,A-S00641714
2026-10-07 00:00:00,2026-10-07 12:09:58.363968,20261007_120958_ba31ab,CORDOBA,308408,H&H Outfitters SA,S680,1J0S680BKH0120103,S680,Cosechadora,Monitor,G5 Universal,PCG5MUB177010,26.3 (11.3.4160-40),PCG5MUB177010,Monitor,Renovable avanzada,A-S00643100,G5,No informado,2026-10-10 00:00:00,2027-10-10 00:00:00,368.0,Activo,Vigente,Operations Center,Serie de monitor,PCG5MUB177010,A-S00643100
2026-10-07 00:00:00,2026-10-07 12:09:58.363968,20261007_120958_ba31ab,CORDOBA,308408,H&H Outfitters SA,,,,,Receptor de posición,SF7500,,,PCS75UA217961,Receptor de posición,SF-RTK,A-S00643673,Otra,No informado,,,,Vencido,Vencida,Operations Center,No encontrado,PCS75UA217961,A-S00643673
2026-10-07 00:00:00,2026-10-07 12:09:58.363968,20261007_120958_ba31ab,CORDOBA,308408,H&H Outfitters SA,770P,1BZ770PALTCE00067,770 P,Motoniveladora,Receptores de posición,SF7500,PCS75UA257870,2.30J,PCS75UA257870,Receptor de posición,RTK universal permanente,A-S00645784,SF7500,No informado,2026-06-16 00:00:00,,,Activo,Vigente,Operations Center,Serie de receptor,PCS75UA257870,A-S00645784
2026-10-07 00:00:00,2026-10-07 12:09:58.363968,20261007_120958_ba31ab,CORDOBA,308408,H&H Outfitters SA,6190J CHACO,1J06190JLRD600334,6190J,Tractor,Receptores de posición,SF7000,PCS17UB168206,6.80C,PCS17UB168206,Receptor de posición,SF-RTK,A-S00654441,SF7000,No informado,2026-06-29 00:00:00,2027-06-30 00:00:00,266.0,Activo,Vigente,Operations Center,Serie de receptor,PCS17UB168206,A-S00654441
2026-10-07 00:00:00,2026-10-07 12:09:58.363968,20261007_120958_ba31ab,CORDOBA,308408,H&H Outfitters SA,4730 N°1,1NW4730XJH0055387,4730,Pulverizadora,Monitor,G5Plus Universal,PCG5PUB191287,26.3 (11.3.4160-52),PCG5PUB191287,Monitor,Renovable avanzada,A-S00690613,G5,No informado,,,,Activo,Vigente,Operations Center,Serie de monitor,PCG5PUB191287,A-S00690613
2026-10-07 00:00:00,2026-10-07 12:09:58.363968,20261007_120958_ba31ab,CORDOBA,308408,H&H Outfitters SA,4730 N°2,1NW4730XHJ0055998,4730,Pulverizadora,Monitor,G5Plus Universal,PCG5PUB190520,26.3 (11.3.4160-52),PCG5PUB190520,Monitor,Renovable avanzada,A-S00690736,G5,No informado,,,,Activo,Vigente,Operations Center,Serie de monitor,PCG5PUB190520,A-S00690736
2026-10-07 00:00:00,2026-10-07 12:09:58.363968,20261007_120958_ba31ab,CORDOBA,308408,H&H Outfitters SA,JD S7 800 165100,1J0S780BJT0165100,S7 800,Cosechadora,Receptores de posición,SF7500 Integrated,PCG75FA255445,2.50F,PCG75FA255445,Receptor de posición,SF-RTK,A-S00706875,SF7500,No informado,2026-10-01 00:00:00,2029-10-01 00:00:00,1090.0,Activo,Vigente,Operations Center,Serie de receptor,PCG75FA255445,A-S00706875
2026-10-07 00:00:00,2026-10-07 12:09:58.363968,20261007_120958_ba31ab,CORDOBA,308408,H&H Outfitters SA,JD S7 800 165100,1J0S780BJT0165100,S7 800,Cosechadora,Monitor,G5 CommandCenter,PCG5CSC295781,26.3 (11.3.4160-65),1J0S780BJT0165100,Machine,Cosechadora S7/X9 Ultimate,A-S00706880,G5,No informado,,,,No activado,No activada,Operations Center,Serie de máquina,PCG5CSC295781,A-S00706880
2026-10-07 00:00:00,2026-10-07 12:09:58.363968,20261007_120958_ba31ab,ARROYITO,419718,OMAR PONSO,Dario Merlini(3563-405699),1J0S790BES0160122,S7 900,Cosechadora,Receptores de posición,SF7500 Integrated,PCG75FA249193,2.50F,PCG75FA249193,Receptor de posición,SF-RTK,A-S00614777,SF7500,No informado,,,,Activo,Vigente,Operations Center,Serie de receptor,PCG75FA249193,A-S00614777
2026-10-07 00:00:00,2026-10-07 12:09:58.363968,20261007_120958_ba31ab,ARROYITO,419718,OMAR PONSO,Dario Merlini(3563-405699),1J0S790BES0160122,S7 900,Cosechadora,Monitor,G5 CommandCenter,PCG5CSC255633,26.3 (11.3.4160-40),1J0S790BES0160122,Machine,Cosechadora S7/X9 Ultimate,A-S00624262,G5,No informado,,,,Activo,Vigente,Operations Center,Serie de máquina,PCG5CSC255633,A-S00624262
2026-10-07 00:00:00,2026-10-07 12:09:58.363968,20261007_120958_ba31ab,ARROYITO,419718,OMAR PONSO,Antonio Caglieris(3563-409024),1J0S780BKR0155108,S780,Cosechadora,Monitor,G5 CommandCenter,PCG5CSA115381,25.4 (10.35.3817-9),1J0S780BKR0155108,Machine,G5 Advanced - Cosechadora,A-S00641303,G5,No informado,,,,Activo,Vigente,Operations Center,Serie de máquina,PCG5CSA115381,A-S00641303
2026-10-07 00:00:00,2026-10-07 12:09:58.363968,20261007_120958_ba31ab,ARROYITO,419718,OMAR PONSO,Antonio Caglieris(3563-409024),1J0S780BKR0155108,S780,Cosechadora,Receptores de posición,SF7500,PCS75UA190607,2.30J,PCS75UA190607,Receptor de posición,SF-RTK,A-S00643032,SF7500,No informado,,,,Activo,Vigente,Operations Center,Serie de receptor,PCS75UA190607,A-S00643032
2026-10-07 00:00:00,2026-10-07 12:09:58.363968,20261007_120958_ba31ab,CORDOBA,271361,CONCI SA,1BM8320RASS100952,1BM8320RASS100952,8320R,Tractor,Receptores de posición,SF7500,PCS75UA164832,2.70F,PCS75UA164832,Receptor de posición,SF-RTK,A-S00614907,SF7500,No informado,,,,Activo,Vigente,Operations Center,Serie de receptor,PCS75UA164832,A-S00614907
2026-10-07 00:00:00,2026-10-07 12:09:58.363968,20261007_120958_ba31ab,CORDOBA,271361,CONCI SA,cosechadora,1CQ9670ATB0091244,9670 STS,Cosechadora,Monitor,G5 Universal,PCG5MUB192134,26.3 (11.3.4160-40),PCG5MUB192134,Monitor,Renovable esencial,A-S00615629,G5,No informado,2026-07-13 00:00:00,2027-07-13 00:00:00,279.0,Activo,Vigente,Operations Center,Serie de monitor,PCG5MUB192134,A-S00615629
2026-10-07 00:00:00,2026-10-07 12:09:58.363968,20261007_120958_ba31ab,CORDOBA,271361,CONCI SA,,,,,,,,,,,SF-RTK,A-S00615896,Otra,No informado,,,,No activado,No activada,Operations Center,Sin serie asignada,,A-S00615896
2026-10-07 00:00:00,2026-10-07 12:09:58.363968,20261007_120958_ba31ab,CORDOBA,271361,CONCI SA,,,,,,,,,,,SF-RTK,A-S00615918,Otra,No informado,,,,No activado,No activada,Operations Center,Sin serie asignada,,A-S00615918
2026-10-07 00:00:00,2026-10-07 12:09:58.363968,20261007_120958_ba31ab,CORDOBA,271361,CONCI SA,,,,,,,,,,,SF-RTK,A-S00615925,Otra,No informado,,,,Cancelada,Cancelada,Operations Center,Sin serie asignada,,A-S00615925
2026-10-07 00:00:00,2026-10-07 12:09:58.363968,20261007_120958_ba31ab,CORDOBA,271361,CONCI SA,,,,,Monitor,G5 Universal,,,PCG5MUB192365,Monitor,Renovable esencial,A-S00617460,Otra,No informado,,,,No activado,No activada,Operations Center,No encontrado,PCG5MUB192365,A-S00617460
2026-10-07 00:00:00,2026-10-07 12:09:58.363968,20261007_120958_ba31ab,CORDOBA,271361,CONCI SA,,,,,Receptor de posición,SF7000,,,PCS17UB235988,Receptor de posición,SF-RTK,A-S00617600,Otra,No informado,,,,Activo,Vigente,Operations Center,No encontrado,PCS17UB235988,A-S00617600
2026-10-07 00:00:00,2026-10-07 12:09:58.363968,20261007_120958_ba31ab,CORDOBA,271361,CONCI SA,,,,,,,,,,,SF-RTK,A-S00618300,Otra,No informado,2025-10-29 00:00:00,2026-06-16 00:00:00,-113.0,Cancelada,Cancelada,Operations Center,Sin serie asignada,,A-S00618300
2026-10-07 00:00:00,2026-10-07 12:09:58.363968,20261007_120958_ba31ab,CORDOBA,271361,CONCI SA,4730 N°2,1NW4730XHJ0055998,4730,Pulverizadora,Monitor,G5Plus Universal,PCG5PUB190520,26.3 (11.3.4160-52),PCG5PUB190520,Monitor,Renovable avanzada,A-S00618598,G5,No informado,2025-07-31 00:00:00,,,Vencido,Vencida,Operations Center,Serie de monitor,PCG5PUB190520,A-S00618598
2026-10-07 00:00:00,2026-10-07 12:09:58.363968,20261007_120958_ba31ab,CORDOBA,271361,CONCI SA,,,,,,,,,,,SF-RTK,A-S00619280,Otra,No informado,2026-10-01 00:00:00,2026-10-02 00:00:00,-5.0,Cancelada,Cancelada,Operations Center,Sin serie asignada,,A-S00619280
2026-10-07 00:00:00,2026-10-07 12:09:58.363968,20261007_120958_ba31ab,CORDOBA,271361,CONCI SA,,,,,,,,,,,SF-RTK,A-S00620827,Otra,No informado,2026-09-10 00:00:00,2026-09-11 00:00:00,-26.0,Cancelada,Cancelada,Operations Center,Sin serie asignada,,A-S00620827
2026-10-07 00:00:00,2026-10-07 12:09:58.363968,20261007_120958_ba31ab,CORDOBA,271361,CONCI SA,,,,,,,,,,,SF-RTK,A-S00621771,Otra,No informado,2025-10-29 00:00:00,2026-06-16 00:00:00,-113.0,Cancelada,Cancelada,Operations Center,Sin serie asignada,,A-S00621771
2026-10-07 00:00:00,2026-10-07 12:09:58.363968,20261007_120958_ba31ab,CORDOBA,271361,CONCI SA,,,,,,,,,,,SF-RTK,A-S00621835,Otra,No informado,,,,No activado,No activada,Operations Center,Sin serie asignada,,A-S00621835
2026-10-07 00:00:00,2026-10-07 12:09:58.363968,20261007_120958_ba31ab,CORDOBA,271361,CONCI SA,,,,,Monitor,G5 Universal,,,PCG5MUB186623,Monitor,Renovable esencial,A-S00623532,Otra,No informado,,,,No activado,No activada,Operations Center,No encontrado,PCG5MUB186623,A-S00623532
2026-10-07 00:00:00,2026-10-07 12:09:58.363968,20261007_120958_ba31ab,CORDOBA,271361,CONCI SA,,,,,,,,,,,SF-RTK,A-S00624026,Otra,No informado,2026-05-14 00:00:00,2026-06-16 00:00:00,-113.0,Cancelada,Cancelada,Operations Center,Sin serie asignada,,A-S00624026
2026-10-07 00:00:00,2026-10-07 12:09:58.363968,20261007_120958_ba31ab,CORDOBA,271361,CONCI SA,,,,,Monitor,G5 Universal,,,PCG5MUB189594,Monitor,Renovable esencial,A-S00624443,Otra,No informado,,,,No activado,No activada,Operations Center,No encontrado,PCG5MUB189594,A-S00624443
2026-10-07 00:00:00,2026-10-07 12:09:58.363968,20261007_120958_ba31ab,CORDOBA,271361,CONCI SA,,,,,Monitor,G5 Universal,,,PCG5MUB189334,Monitor,Renovable esencial,A-S00624722,Otra,No informado,2026-09-21 00:00:00,2027-09-21 00:00:00,349.0,Activo,Vigente,Operations Center,No encontrado,PCG5MUB189334,A-S00624722
2026-10-07 00:00:00,2026-10-07 12:09:58.363968,20261007_120958_ba31ab,CORDOBA,271361,CONCI SA,,,,,Monitor,G5 Universal,,,PCG5MUB170369,Monitor,Renovable esencial,A-S00626169,Otra,No informado,2025-07-15 00:00:00,2026-07-17 00:00:00,-82.0,Vencido,Vencida,Operations Center,No encontrado,PCG5MUB170369,A-S00626169
2026-10-07 00:00:00,2026-10-07 12:09:58.363968,20261007_120958_ba31ab,CORDOBA,271361,CONCI SA,Tractor 7205J RAMOS,1BM7205JAAH000092,7205J,Tractor,Monitor,G5 Universal,PCG5MUB192485,26.3 (11.3.4160-40),PCG5MUB192485,Monitor,Renovable esencial,A-S00626320,G5,No informado,2026-09-27 00:00:00,2027-09-27 00:00:00,355.0,Activo,Vigente,Operations Center,Serie de monitor,PCG5MUB192485,A-S00626320
2026-10-07 00:00:00,2026-10-07 12:09:58.363968,20261007_120958_ba31ab,CORDOBA,271361,CONCI SA,,,,,,,,,,,SF-RTK,A-S00626547,Otra,No informado,2025-10-08 00:00:00,2026-06-16 00:00:00,-113.0,Cancelada,Cancelada,Operations Center,Sin serie asignada,,A-S00626547
2026-10-07 00:00:00,2026-10-07 12:09:58.363968,20261007_120958_ba31ab,CORDOBA,271361,CONCI SA,6170J,1J06170JEHD000113,6170J,Tractor,Monitor,G5 Universal,PCG5MUB169755,25.2 (10.31.3676-103),PCG5MUB169755,Monitor,Renovable avanzada,A-S00626767,G5,No informado,2025-07-14 00:00:00,2026-07-16 00:00:00,-83.0,Vencido,Vencida,Operations Center,Serie de monitor,PCG5MUB169755,A-S00626767
2026-10-07 00:00:00,2026-10-07 12:09:58.363968,20261007_120958_ba31ab,CORDOBA,271361,CONCI SA,,,,,Monitor,G5Plus Universal,,,PCG5PUB190146,Monitor,Renovable esencial,A-S00626801,Otra,No informado,,,,No activado,No activada,Operations Center,No encontrado,PCG5PUB190146,A-S00626801
2026-10-07 00:00:00,2026-10-07 12:09:58.363968,20261007_120958_ba31ab,CORDOBA,271361,CONCI SA,Marcelo Cisaro- 9650 STS,CQ9650A070005,9650 STS,Cosechadora,Monitor,G5 Universal,PCG5MUB186884,26.3 (11.3.4160-52),PCG5MUB186884,Monitor,Renovable esencial,A-S00626852,G5,No informado,,,,No activado,No activada,Operations Center,Serie de monitor,PCG5MUB186884,A-S00626852
2026-10-07 00:00:00,2026-10-07 12:09:58.363968,20261007_120958_ba31ab,CORDOBA,271361,CONCI SA,,,,,,,,,,,SF-RTK,A-S00627900,Otra,No informado,2026-02-19 00:00:00,2026-06-16 00:00:00,-113.0,Cancelada,Cancelada,Operations Center,Sin serie asignada,,A-S00627900
2026-10-07 00:00:00,2026-10-07 12:09:58.363968,20261007_120958_ba31ab,CORDOBA,271361,CONCI SA,1J06190JJSD600463,1J06190JJSD600463,6190J,Tractor,Receptores de posición,SF7500,PCS75UA210445,2.50F,PCS75UA210445,Receptor de posición,SF-RTK,A-S00629385,SF7500,No informado,2026-09-07 00:00:00,2027-09-07 00:00:00,335.0,Activo,Vigente,Operations Center,Serie de receptor,PCS75UA210445,A-S00629385
2026-10-07 00:00:00,2026-10-07 12:09:58.363968,20261007_120958_ba31ab,CORDOBA,271361,CONCI SA,,,,,,,,,,,SF-RTK,A-S00629818,Otra,No informado,2026-03-25 00:00:00,2026-06-16 00:00:00,-113.0,Cancelada,Cancelada,Operations Center,Sin serie asignada,,A-S00629818
2026-10-07 00:00:00,2026-10-07 12:09:58.363968,20261007_120958_ba31ab,CORDOBA,271361,CONCI SA,,,,,Monitor,G5Plus Universal,,,PCG5PUB192461,Monitor,Renovable esencial,A-S00630143,Otra,No informado,,,,No activado,No activada,Operations Center,No encontrado,PCG5PUB192461,A-S00630143
2026-10-07 00:00:00,2026-10-07 12:09:58.363968,20261007_120958_ba31ab,CORDOBA,271361,CONCI SA,,,,,,,,,,,SF-RTK,A-S00630282,Otra,No informado,2026-03-13 00:00:00,2026-06-16 00:00:00,-113.0,Cancelada,Cancelada,Operations Center,Sin serie asignada,,A-S00630282
2026-10-07 00:00:00,2026-10-07 12:09:58.363968,20261007_120958_ba31ab,CORDOBA,271361,CONCI SA,,,,,,,,,,,SF-RTK,A-S00630323,Otra,No informado,2026-09-10 00:00:00,2026-09-11 00:00:00,-26.0,Cancelada,Cancelada,Operations Center,Sin serie asignada,,A-S00630323
2026-10-07 00:00:00,2026-10-07 12:09:58.363968,20261007_120958_ba31ab,CORDOBA,271361,CONCI SA,9470 STS VOTTERO,1CQ9470ACB0000338,9470 STS,Cosechadora,Monitor,G5 Universal,PCG5MUB176390,26.3 (11.3.4160-40),PCG5MUB176390,Monitor,Renovable esencial,A-S00630526,G5,No informado,2025-07-16 00:00:00,2026-07-18 00:00:00,-81.0,Vencido,Vencida,Operations Center,Serie de monitor,PCG5MUB176390,A-S00630526
2026-10-07 00:00:00,2026-10-07 12:09:58.363968,20261007_120958_ba31ab,CORDOBA,271361,CONCI SA,,,,,,,,,,,SF-RTK,A-S00632709,Otra,No informado,2025-10-08 00:00:00,2026-06-16 00:00:00,-113.0,Cancelada,Cancelada,Operations Center,Sin serie asignada,,A-S00632709
2026-10-07 00:00:00,2026-10-07 12:09:58.363968,20261007_120958_ba31ab,CORDOBA,271361,CONCI SA,,,,,Receptor de posición,SF7500,,,PCS75UA178915,Receptor de posición,SF-RTK,A-S00633016,Otra,No informado,2025-11-05 00:00:00,2026-11-07 00:00:00,31.0,Activo,Vence en 60 días,Operations Center,No encontrado,PCS75UA178915,A-S00633016
2026-10-07 00:00:00,2026-10-07 12:09:58.363968,20261007_120958_ba31ab,CORDOBA,271361,CONCI SA,,,,,Receptor de posición,SF7500,,,PCS75UA145286,Receptor de posición,SF-RTK,A-S00633042,Otra,No informado,2025-09-14 00:00:00,2026-09-16 00:00:00,-21.0,Vencido,Vencida,Operations Center,No encontrado,PCS75UA145286,A-S00633042
2026-10-07 00:00:00,2026-10-07 12:09:58.363968,20261007_120958_ba31ab,CORDOBA,271361,CONCI SA,,,,,Receptor de posición,SF7000,,,PCS17UB209950,Receptor de posición,SF-RTK,A-S00633093,Otra,No informado,2025-11-05 00:00:00,2026-11-07 00:00:00,31.0,Activo,Vence en 60 días,Operations Center,No encontrado,PCS17UB209950,A-S00633093
2026-10-07 00:00:00,2026-10-07 12:09:58.363968,20261007_120958_ba31ab,CORDOBA,271361,CONCI SA,CQ1550A047731,CQ1550A047731,1550,Cosechadora,Monitor,G5 Universal,PCG5MUB192311,24-2 (10.29.3422-101),PCG5MUB192311,Monitor,Renovable esencial,A-S00634069,G5,No informado,,,,Activo,Vigente,Operations Center,Serie de monitor,PCG5MUB192311,A-S00634069
2026-10-07 00:00:00,2026-10-07 12:09:58.363968,20261007_120958_ba31ab,CORDOBA,271361,CONCI SA,,,,,Monitor,G5 Universal,,,PCG5MUB192280,Monitor,Renovable esencial,A-S00635031,Otra,No informado,,,,No activado,No activada,Operations Center,No encontrado,PCG5MUB192280,A-S00635031
2026-10-07 00:00:00,2026-10-07 12:09:58.363968,20261007_120958_ba31ab,CORDOBA,271361,CONCI SA,Rosendo Stefanello 6165J,1BM6165JCAD000308,6165J,Tractor,Monitor,G5 Universal,PCG5MUB176865,26.3 (11.3.4160-52),PCG5MUB176865,Monitor,Renovable esencial,A-S00635270,G5,No informado,,,,Vencido,Vencida,Operations Center,Serie de monitor,PCG5MUB176865,A-S00635270
2026-10-07 00:00:00,2026-10-07 12:09:58.363968,20261007_120958_ba31ab,CORDOBA,271361,CONCI SA,,,,,,,,,,,SF-RTK,A-S00636543,Otra,No informado,2025-10-23 00:00:00,2026-06-16 00:00:00,-113.0,Cancelada,Cancelada,Operations Center,Sin serie asignada,,A-S00636543
2026-10-07 00:00:00,2026-10-07 12:09:58.363968,20261007_120958_ba31ab,CORDOBA,271361,CONCI SA,,,,,Receptor de posición,SF7500,,,PCS75UA124990,Receptor de posición,SF-RTK,A-S00638229,Otra,No informado,2025-10-06 00:00:00,2026-10-08 00:00:00,1.0,Activo,Vence en 30 días,Operations Center,No encontrado,PCS75UA124990,A-S00638229
2026-10-07 00:00:00,2026-10-07 12:09:58.363968,20261007_120958_ba31ab,CORDOBA,271361,CONCI SA,,,,,,,,,,,SF-RTK,A-S00638377,Otra,No informado,,,,No activado,No activada,Operations Center,Sin serie asignada,,A-S00638377
2026-10-07 00:00:00,2026-10-07 12:09:58.363968,20261007_120958_ba31ab,CORDOBA,271361,CONCI SA,,,,,Monitor,G5Plus Universal,,,PCG5PUB192073,Monitor,Renovable esencial,A-S00638744,Otra,No informado,,,,No activado,No activada,Operations Center,No encontrado,PCG5PUB192073,A-S00638744
2026-10-07 00:00:00,2026-10-07 12:09:58.363968,20261007_120958_ba31ab,CORDOBA,271361,CONCI SA,,,,,Receptor de posición,SF7000,,,PCS17UB238844,Receptor de posición,SF-RTK,A-S00638768,Otra,No informado,2026-02-03 00:00:00,2027-02-05 00:00:00,121.0,Activo,Vigente,Operations Center,No encontrado,PCS17UB238844,A-S00638768
2026-10-07 00:00:00,2026-10-07 12:09:58.363968,20261007_120958_ba31ab,CORDOBA,271361,CONCI SA,1J07200CPR3000179,1J07200CPR3000179,7M 200,Tractor,Monitor,G5 CommandCenter,PCG5CSB158657,26.3 (11.3.4160-40),1J07200CPR3000179,Machine,G5 Advanced - Tractor de la serie 7/8/9,A-S00639430,G5,No informado,2026-06-23 00:00:00,2027-06-23 00:00:00,259.0,Activo,Vigente,Operations Center,Serie de máquina,PCG5CSB158657,A-S00639430
2026-10-07 00:00:00,2026-10-07 12:09:58.363968,20261007_120958_ba31ab,CORDOBA,271361,CONCI SA,BM7815X080119,BM7815X080119,7815,Tractor,Monitor,G5Plus Universal,PCG5PUB182474,26.3 (11.3.4160-52),PCG5PUB182474,Monitor,Renovable esencial,A-S00640155,G5,No informado,,,,No activado,No activada,Operations Center,Serie de monitor,PCG5PUB182474,A-S00640155
2026-10-07 00:00:00,2026-10-07 12:09:58.363968,20261007_120958_ba31ab,CORDOBA,271361,CONCI SA,,,,,,,,,,,SF-RTK,A-S00640336,Otra,No informado,2026-02-19 00:00:00,2026-06-16 00:00:00,-113.0,Cancelada,Cancelada,Operations Center,Sin serie asignada,,A-S00640336
2026-10-07 00:00:00,2026-10-07 12:09:58.363968,20261007_120958_ba31ab,CORDOBA,271361,CONCI SA,4730 N°1,1NW4730XJH0055387,4730,Pulverizadora,Monitor,G5Plus Universal,PCG5PUB191287,26.3 (11.3.4160-52),PCG5PUB191287,Monitor,Renovable avanzada,A-S00641117,G5,No informado,2025-07-31 00:00:00,,,Vencido,Vencida,Operations Center,Serie de monitor,PCG5PUB191287,A-S00641117
2026-10-07 00:00:00,2026-10-07 12:09:58.363968,20261007_120958_ba31ab,CORDOBA,271361,CONCI SA,,,,,,,,,,,SF-RTK,A-S00641723,Otra,No informado,2026-02-25 00:00:00,2026-06-16 00:00:00,-113.0,Cancelada,Cancelada,Operations Center,Sin serie asignada,,A-S00641723
2026-10-07 00:00:00,2026-10-07 12:09:58.363968,20261007_120958_ba31ab,CORDOBA,271361,CONCI SA,,,,,,,,,,,SF-RTK,A-S00641775,Otra,No informado,,,,No activado,No activada,Operations Center,Sin serie asignada,,A-S00641775
2026-10-07 00:00:00,2026-10-07 12:09:58.363968,20261007_120958_ba31ab,CORDOBA,271361,CONCI SA,,,,,Monitor,G5 Universal,,,PCG5MUB199131,Monitor,Renovable esencial,A-S00642574,Otra,No informado,,,,Activo,Vigente,Operations Center,No encontrado,PCG5MUB199131,A-S00642574
2026-10-07 00:00:00,2026-10-07 12:09:58.363968,20261007_120958_ba31ab,CORDOBA,271361,CONCI SA,,,,,Receptor de posición,SF7000,,,PCS17UB239628,Receptor de posición,SF-RTK,A-S00643184,Otra,No informado,,,,Activo,Vigente,Operations Center,No encontrado,PCS17UB239628,A-S00643184
2026-10-07 00:00:00,2026-10-07 12:09:58.363968,20261007_120958_ba31ab,CORDOBA,271361,CONCI SA,,,,,Receptor de posición,SF7000,,,PCS17UB225476,Receptor de posición,SF-RTK,A-S00643191,Otra,No informado,2025-11-03 00:00:00,2026-11-05 00:00:00,29.0,Activo,Vence en 30 días,Operations Center,No encontrado,PCS17UB225476,A-S00643191
2026-10-07 00:00:00,2026-10-07 12:09:58.363968,20261007_120958_ba31ab,CORDOBA,271361,CONCI SA,,,,,Receptor de posición,SF7500,,,PCS75UA251470,Receptor de posición,SF-RTK,A-S00643637,Otra,No informado,,,,No activado,No activada,Operations Center,No encontrado,PCS75UA251470,A-S00643637
2026-10-07 00:00:00,2026-10-07 12:09:58.363968,20261007_120958_ba31ab,CORDOBA,271361,CONCI SA,7M 230 Alfredo Mansilla,1J07230CJS3000662,7M 230,Tractor,Receptores de posición,SF7500,PCS75UA251431,2.50F,PCS75UA251431,Receptor de posición,SF-RTK,A-S00644127,SF7500,No informado,,,,Activo,Vigente,Operations Center,Serie de receptor,PCS75UA251431,A-S00644127
2026-10-07 00:00:00,2026-10-07 12:09:58.363968,20261007_120958_ba31ab,CORDOBA,271361,CONCI SA,,,,,,,,,,,SF-RTK,A-S00644218,Otra,No informado,2026-05-14 00:00:00,2026-06-16 00:00:00,-113.0,Cancelada,Cancelada,Operations Center,Sin serie asignada,,A-S00644218
2026-10-07 00:00:00,2026-10-07 12:09:58.363968,20261007_120958_ba31ab,CORDOBA,271361,CONCI SA,,,,,Receptor de posición,SF7500,,,PCS75UA248617,Receptor de posición,SF-RTK,A-S00652338,Otra,No informado,,2027-09-01 00:00:00,329.0,Activo,Vigente,Operations Center,No encontrado,PCS75UA248617,A-S00652338
2026-10-07 00:00:00,2026-10-07 12:09:58.363968,20261007_120958_ba31ab,CORDOBA,271361,CONCI SA,1BM8270RLTS101781,1BM8270RLTS101781,8270R,Tractor,Monitor,G5 CommandCenter,PCG5CSC279479,26.3 (11.3.4160-40),1BM8270RLTS101781,Machine,G5 Advanced - Tractor de la serie 7/8/9,A-S00668709,G5,No informado,,,,No activado,No activada,Operations Center,Serie de máquina,PCG5CSC279479,A-S00668709
2026-10-07 00:00:00,2026-10-07 12:09:58.363968,20261007_120958_ba31ab,CORDOBA,271361,CONCI SA,,,,,Receptor de posición,SF7500,,,PCS75UA301727,Receptor de posición,SF-RTK,A-S00668710,Otra,No informado,,,,No activado,No activada,Operations Center,No encontrado,PCS75UA301727,A-S00668710
2026-10-07 00:00:00,2026-10-07 12:09:58.363968,20261007_120958_ba31ab,CORDOBA,271361,CONCI SA,,,,,,,,,,,SF-RTK,A-S00670411,Otra,No informado,,,,No activado,No activada,Operations Center,Sin serie asignada,,A-S00670411
2026-10-07 00:00:00,2026-10-07 12:09:58.363968,20261007_120958_ba31ab,CORDOBA,271361,CONCI SA,,,,,,,,,,,G5 Advanced - Tractor de la serie 7/8/9,A-S00670413,G5,No informado,,,,No activado,No activada,Operations Center,Sin serie asignada,,A-S00670413
2026-10-07 00:00:00,2026-10-07 12:09:58.363968,20261007_120958_ba31ab,CORDOBA,271361,CONCI SA,8320R - MONTE SECO,1BM8320RETS101119,8320R,Tractor,Receptores de posición,SF7500,PCS75UA292211,2.50F,PCS75UA292211,Receptor de posición,SF-RTK,A-S00679465,SF7500,No informado,,,,Activo,Vigente,Operations Center,Serie de receptor,PCS75UA292211,A-S00679465
2026-10-07 00:00:00,2026-10-07 12:09:58.363968,20261007_120958_ba31ab,CORDOBA,271361,CONCI SA,1J07230CET3000719,1J07230CET3000719,7M 230,Tractor,Monitor,G5 CommandCenter,PCG5CSC248769,26.3 (11.3.4160-52),1J07230CET3000719,Machine,G5 Advanced - Tractor de la serie 7/8/9 - Demostración,A-S00681929,G5,No informado,,2026-09-11 00:00:00,-26.0,Vencido,Vencida,Operations Center,Serie de máquina,PCG5CSC248769,A-S00681929
2026-10-07 00:00:00,2026-10-07 12:09:58.363968,20261007_120958_ba31ab,CORDOBA,271361,CONCI SA,1J07230CET3000719,1J07230CET3000719,7M 230,Tractor,Receptores de posición,SF7500,PCS75UA268765,2.50F,PCS75UA268765,Receptor de posición,SF-RTK - Demostración,A-S00681941,SF7500,No informado,,2026-09-11 00:00:00,-26.0,Vencido,Vencida,Operations Center,Serie de receptor,PCS75UA268765,A-S00681941
2026-10-07 00:00:00,2026-10-07 12:09:58.363968,20261007_120958_ba31ab,CORDOBA,271361,CONCI SA,1J0S770BAT0160218,1J0S770BAT0160218,S7 700,Cosechadora,Receptores de posición,SF7500 Integrated,PCG75FA260333,2.30J,PCG75FA260333,Receptor de posición,SF-RTK,A-S00696951,SF7500,No informado,,,,No activado,No activada,Operations Center,Serie de receptor,PCG75FA260333,A-S00696951
2026-10-07 00:00:00,2026-10-07 12:09:58.363968,20261007_120958_ba31ab,CORDOBA,271361,CONCI SA,1J0S770BAT0160218,1J0S770BAT0160218,S7 700,Cosechadora,Monitor,G5 CommandCenter,PCG5CSC264203,26.3 (11.3.4160-65),1J0S770BAT0160218,Machine,Cosechadora S7/X9 Ultimate,A-S00696956,G5,No informado,,,,No activado,No activada,Operations Center,Serie de máquina,PCG5CSC264203,A-S00696956
2026-10-07 00:00:00,2026-10-07 12:09:58.363968,20261007_120958_ba31ab,CORDOBA,271361,CONCI SA,1BM6190MLT3001426,1BM6190MLT3001426,6190M,Tractor,Receptores de posición,SF7500,PCS75UA248479,2.30J,PCS75UA248479,Receptor de posición,SF-RTK,A-S00700614,SF7500,No informado,,,,No activado,No activada,Operations Center,Serie de receptor,PCS75UA248479,A-S00700614
2026-10-07 00:00:00,2026-10-07 12:09:58.363968,20261007_120958_ba31ab,CORDOBA,271361,CONCI SA,1BM8250RKTS000270,1BM8250RKTS000270,8250R,Tractor,Receptores de posición,SF7500,PCS75UA307587,2.70F,PCS75UA307587,Receptor de posición,SF-RTK,A-S00705726,SF7500,No informado,2026-09-23 00:00:00,2027-09-24 00:00:00,352.0,Activo,Vigente,Operations Center,Serie de receptor,PCS75UA307587,A-S00705726
2026-10-07 00:00:00,2026-10-07 12:09:58.363968,20261007_120958_ba31ab,CORDOBA,271361,CONCI SA,S7 900 - LAHERS SA,1J0S790BCT0165100,S7 900,Cosechadora,Receptores de posición,SF7500 Integrated,PCG75FA255906,2.70F,PCG75FA255906,Receptor de posición,SF-RTK,A-S00709373,SF7500,No informado,2026-10-05 00:00:00,2029-10-05 00:00:00,1094.0,Activo,Vigente,Operations Center,Serie de receptor,PCG75FA255906,A-S00709373
2026-10-07 00:00:00,2026-10-07 12:09:58.363968,20261007_120958_ba31ab,CORDOBA,271361,CONCI SA,S7 900 - LAHERS SA,1J0S790BCT0165100,S7 900,Cosechadora,Monitor,G5 CommandCenter,PCG5CSC259460,26.3 (11.3.4160-65),1J0S790BCT0165100,Machine,Cosechadora S7/X9 Ultimate,A-S00709378,G5,No informado,2026-10-05 00:00:00,2029-10-05 00:00:00,1094.0,Activo,Vigente,Operations Center,Serie de máquina,PCG5CSC259460,A-S00709378
2026-10-07 00:00:00,2026-10-07 12:09:58.363968,20261007_120958_ba31ab,CORDOBA,271361,CONCI SA,1NW4040MHTF250371,1NW4040MHTF250371,M4040,Pulverizadora,Monitor,G5 CommandCenter,PCG5CSC245326,25.2 (10.31.3676-103),1NW4040MHTF250371,Machine,G5 Advanced - Aplicación autopropulsada,A-S00716918,G5,No informado,,,,No activado,No activada,Operations Center,Serie de máquina,PCG5CSC245326,A-S00716918
2026-10-07 00:00:00,2026-10-07 12:09:58.363968,20261007_120958_ba31ab,CORDOBA,271361,CONCI SA,,,,,Receptor de posición,SF7500,,,PCS75UA281179,Receptor de posición,SF-RTK,A-S00716919,Otra,No informado,,,,No activado,No activada,Operations Center,No encontrado,PCS75UA281179,A-S00716919
2026-10-07 00:00:00,2026-10-07 12:09:58.363968,20261007_120958_ba31ab,CORDOBA,271361,CONCI SA,,,,,Receptor de posición,SF7500,,,PCS75UA282492,Receptor de posición,SF-RTK,A-S00722232,Otra,No informado,2026-09-29 00:00:00,2027-09-30 00:00:00,358.0,Activo,Vigente,Operations Center,No encontrado,PCS75UA282492,A-S00722232
2026-10-07 00:00:00,2026-10-07 12:09:58.363968,20261007_120958_ba31ab,SINSACATE,408834,DEFRANCISCO BUTELER MARCELO,7230J Gonzalo,1J07230JVPD000745,7230J,Tractor,Receptores de posición,SF7000,PCS17UB204854,6.80C,PCS17UB204854,Receptor de posición,SF-RTK,A-S00617138,SF7000,No informado,2025-06-10 00:00:00,2028-06-12 00:00:00,614.0,Activo,Vigente,Operations Center,Serie de receptor,PCS17UB204854,A-S00617138
2026-10-07 00:00:00,2026-10-07 12:09:58.363968,20261007_120958_ba31ab,SINSACATE,408834,DEFRANCISCO BUTELER MARCELO,S7 900 Maxi,1J0S790BVT0160147,S7 900,Cosechadora,Monitor,G5 CommandCenter,PCG5CSC266239,26.2 (11.2.4087-59),1J0S790BVT0160147,Machine,Cosechadora S7/X9 Ultimate,A-S00619536,G5,No informado,,,,Activo,Vigente,Operations Center,Serie de máquina,PCG5CSC266239,A-S00619536
2026-10-07 00:00:00,2026-10-07 12:09:58.363968,20261007_120958_ba31ab,SINSACATE,408834,DEFRANCISCO BUTELER MARCELO,S7 900 Maxi,1J0S790BVT0160147,S7 900,Cosechadora,Receptores de posición,SF7500 Integrated,PCG75FA244606,2.50F,PCG75FA244606,Receptor de posición,SF-RTK,A-S00631571,SF7500,No informado,,,,Activo,Vigente,Operations Center,Serie de receptor,PCG75FA244606,A-S00631571
2026-10-07 00:00:00,2026-10-07 12:09:58.363968,20261007_120958_ba31ab,SINSACATE,408834,DEFRANCISCO BUTELER MARCELO,7230R ERCA 28,1RW7230RPJS101333,7230R,Tractor,Receptores de posición,SF7000,PCS17UB179204,6.80C,PCS17UB179204,Receptor de posición,SF-RTK,A-S00632566,SF7000,No informado,2025-10-10 00:00:00,2026-10-12 00:00:00,5.0,Activo,Vence en 30 días,Operations Center,Serie de receptor,PCS17UB179204,A-S00632566
2026-10-07 00:00:00,2026-10-07 12:09:58.363968,20261007_120958_ba31ab,SINSACATE,408834,DEFRANCISCO BUTELER MARCELO,8270R Erca de 30,1BM8270RPSS101625,8270R,Tractor,Monitor,G5 CommandCenter,PCG5CSC247560,26.3 (11.3.4160-40),1BM8270RPSS101625,Machine,G5 Advanced - Tractor de la serie 7/8/9,A-S00632810,G5,No informado,2025-10-29 00:00:00,2026-10-31 00:00:00,24.0,Activo,Vence en 30 días,Operations Center,Serie de máquina,PCG5CSC247560,A-S00632810
2026-10-07 00:00:00,2026-10-07 12:09:58.363968,20261007_120958_ba31ab,SINSACATE,408834,DEFRANCISCO BUTELER MARCELO,8270R Erca de 30,1BM8270RPSS101625,8270R,Tractor,Receptores de posición,SF7500,PCS75UA235846,2.50F,PCS75UA235846,Receptor de posición,SF-RTK,A-S00635437,SF7500,No informado,2025-10-29 00:00:00,2026-10-31 00:00:00,24.0,Activo,Vence en 30 días,Operations Center,Serie de receptor,PCS75UA235846,A-S00635437
2026-10-07 00:00:00,2026-10-07 12:09:58.363968,20261007_120958_ba31ab,SINSACATE,408834,DEFRANCISCO BUTELER MARCELO,7230R Erca 24,1RW7230RAKS105391,7230R,Tractor,Receptores de posición,SF7000,PCS17UB126790,6.80C,PCS17UB126790,Receptor de posición,SF-RTK,A-S00707080,SF7000,No informado,2026-09-14 00:00:00,2027-09-15 00:00:00,343.0,Activo,Vigente,Operations Center,Serie de receptor,PCS17UB126790,A-S00707080
2026-10-07 00:00:00,2026-10-07 12:09:58.363968,20261007_120958_ba31ab,ARROYITO,330434,SILAJES CORDES ,TRACTOR 8R- N°2,1BM8270RJSS101675,8270R,Tractor,Receptores de posición,SF7500,PCS75UA249362,2.40P,PCS75UA249362,Receptor de posición,SF-RTK,A-S00623040,SF7500,No informado,,,,Activo,Vigente,Operations Center,Serie de receptor,PCS75UA249362,A-S00623040
2026-10-07 00:00:00,2026-10-07 12:09:58.363968,20261007_120958_ba31ab,ARROYITO,330434,SILAJES CORDES ,TRACTOR 8R- N°2,1BM8270RJSS101675,8270R,Tractor,Monitor,G5 CommandCenter,PCG5CSC248779,25.3 (10.32.3817-138),1BM8270RJSS101675,Machine,G5 Advanced - Tractor de la serie 7/8/9,A-S00626337,G5,No informado,,,,Activo,Vigente,Operations Center,Serie de máquina,PCG5CSC248779,A-S00626337
2026-10-07 00:00:00,2026-10-07 12:09:58.363968,20261007_120958_ba31ab,ARROYITO,330434,SILAJES CORDES ,TRACTOR 8R- N°1,1BM8270RKSS101657,8270R,Tractor,Monitor,G5 CommandCenter,PCG5CSC243973,25.3 (10.32.3817-138),1BM8270RKSS101657,Machine,G5 Advanced - Tractor de la serie 7/8/9,A-S00629967,G5,No informado,,,,Activo,Vigente,Operations Center,Serie de máquina,PCG5CSC243973,A-S00629967
2026-10-07 00:00:00,2026-10-07 12:09:58.363968,20261007_120958_ba31ab,ARROYITO,330434,SILAJES CORDES ,Picadora 3,1Z08500YCSF627259,8500,Cosechadora de forraje,Monitor,G5Plus Universal,PCG5PUB190419,26.3 (11.3.4160-40),PCG5PUB190419,Monitor,G5 Advanced - Universal,A-S00635510,G5,No informado,,,,Vencido,Vencida,Operations Center,Serie de monitor,PCG5PUB190419,A-S00635510
2026-10-07 00:00:00,2026-10-07 12:09:58.363968,20261007_120958_ba31ab,ARROYITO,330434,SILAJES CORDES ,TRACTOR 8R- N°1,1BM8270RKSS101657,8270R,Tractor,Receptores de posición,SF7500,PCS75UA247882,2.40P,PCS75UA247882,Receptor de posición,SF-RTK,A-S00635921,SF7500,No informado,,,,Activo,Vigente,Operations Center,Serie de receptor,PCS75UA247882,A-S00635921
2026-10-07 00:00:00,2026-10-07 12:09:58.363968,20261007_120958_ba31ab,SINSACATE,277958,Maifer,,,,,Receptor de posición,SF7500,,,PCS75UA246054,Receptor de posición,SF-RTK,A-S00616243,Otra,No informado,,,,Activo,Vigente,Operations Center,No encontrado,PCS75UA246054,A-S00616243
2026-10-07 00:00:00,2026-10-07 12:09:58.363968,20261007_120958_ba31ab,SINSACATE,277958,Maifer,,,,,Receptor de posición,SF7500,,,PCS75UA146520,Receptor de posición,SF-RTK,A-S00616797,Otra,No informado,2026-05-26 00:00:00,2027-05-28 00:00:00,233.0,Activo,Vigente,Operations Center,No encontrado,PCS75UA146520,A-S00616797
2026-10-07 00:00:00,2026-10-07 12:09:58.363968,20261007_120958_ba31ab,SINSACATE,277958,Maifer,,,,,Receptor de posición,SF7500,,,PCS75UA145946,Receptor de posición,SF-RTK,A-S00619203,Otra,No informado,2026-05-26 00:00:00,2027-05-28 00:00:00,233.0,Activo,Vigente,Operations Center,No encontrado,PCS75UA145946,A-S00619203
2026-10-07 00:00:00,2026-10-07 12:09:58.363968,20261007_120958_ba31ab,SINSACATE,277958,Maifer,PULVERIZADORA 4730 t,1NW4730XCE0001844,4730,Pulverizadora,Monitor,G5Plus Universal,PCG5PUB186323,25.3 (10.32.3817-138),PCG5PUB186323,Monitor,Renovable esencial,A-S00619717,G5,No informado,,,,Activo,Vigente,Operations Center,Serie de monitor,PCG5PUB186323,A-S00619717
2026-10-07 00:00:00,2026-10-07 12:09:58.363968,20261007_120958_ba31ab,SINSACATE,277958,Maifer,Tractor 5090e maifer,1J05090ELF0010381,5090E,Tractor,Monitor,G5Plus Universal,PCG5PUB125565,25.3 (10.32.3817-138),PCG5PUB125565,Monitor,G5 Advanced - Universal,A-S00621960,G5,No informado,2025-10-08 00:00:00,2026-10-10 00:00:00,3.0,Activo,Vence en 30 días,Operations Center,Serie de monitor,PCG5PUB125565,A-S00621960
2026-10-07 00:00:00,2026-10-07 12:09:58.363968,20261007_120958_ba31ab,SINSACATE,277958,Maifer,Tractor 8400 R Maifer,1BM8400RJKS100348,8400R,Tractor,Receptores de posición,SF7000,PCS17UB208875,6.80C,PCS17UB208875,Receptor de posición,SF-RTK,A-S00622446,SF7000,No informado,2025-11-11 00:00:00,2026-11-13 00:00:00,37.0,Activo,Vence en 60 días,Operations Center,Serie de receptor,PCS17UB208875,A-S00622446
2026-10-07 00:00:00,2026-10-07 12:09:58.363968,20261007_120958_ba31ab,SINSACATE,277958,Maifer,,,,,,,,,,,G5 Advanced - Tractor de la serie 7/8/9,A-S00623633,G5,No informado,,,,Cancelada,Cancelada,Operations Center,Sin serie asignada,,A-S00623633
2026-10-07 00:00:00,2026-10-07 12:09:58.363968,20261007_120958_ba31ab,SINSACATE,277958,Maifer,Tractor 8300 maifer,RW8300P022046,8300,Tractor,Monitor,G5Plus Universal,PCG5PUB186503,25.2 (10.31.3676-98),PCG5PUB186503,Monitor,Renovable esencial,A-S00632905,G5,No informado,2026-05-25 00:00:00,2027-05-28 00:00:00,233.0,Activo,Vigente,Operations Center,Serie de monitor,PCG5PUB186503,A-S00632905
2026-10-07 00:00:00,2026-10-07 12:09:58.363968,20261007_120958_ba31ab,SINSACATE,277958,Maifer,9r 390,1RW9390DVSA090344,9R 390,Tractor,Monitor,G5 CommandCenter,PCG5CSB197543,25.3 (10.32.3817-138),1RW9390DVSA090344,Machine,G5 Advanced - Tractor de la serie 7/8/9,A-S00634208,G5,No informado,2026-10-01 00:00:00,2027-10-01 00:00:00,359.0,Activo,Vigente,Operations Center,Serie de máquina,PCG5CSB197543,A-S00634208
2026-10-07 00:00:00,2026-10-07 12:09:58.363968,20261007_120958_ba31ab,SINSACATE,277958,Maifer,PULVERIZADORA 4730  tirolesa,1NW4730XTH0055384,4730,Pulverizadora,Receptores de posición,SF7000,PCS17UB234480,6.80C,PCS17UB234480,Receptor de posición,SF-RTK,A-S00635383,SF7000,No informado,,,,Activo,Vigente,Operations Center,Serie de receptor,PCS17UB234480,A-S00635383
2026-10-07 00:00:00,2026-10-07 12:09:58.363968,20261007_120958_ba31ab,SINSACATE,277958,Maifer,9r 390,1RW9390DVSA090344,9R 390,Tractor,Receptores de posición,SF7500 Integrated,PCG75FA163720,2.50F,PCG75FA163720,Receptor de posición,SF-RTK,A-S00637851,SF7500,No informado,2026-10-01 00:00:00,2027-10-01 00:00:00,359.0,Activo,Vigente,Operations Center,Serie de receptor,PCG75FA163720,A-S00637851
2026-10-07 00:00:00,2026-10-07 12:09:58.363968,20261007_120958_ba31ab,SINSACATE,277958,Maifer,PULVERIZADORA 4730  tirolesa,1NW4730XTH0055384,4730,Pulverizadora,Monitor,G5Plus Universal,PCG5PUB188003,26.3 (11.3.4160-40),PCG5PUB188003,Monitor,Renovable avanzada,A-S00639177,G5,No informado,2026-05-26 00:00:00,2027-05-28 00:00:00,233.0,Activo,Vigente,Operations Center,Serie de monitor,PCG5PUB188003,A-S00639177
2026-10-07 00:00:00,2026-10-07 12:09:58.363968,20261007_120958_ba31ab,PILAR,327694,Gioagro sa ,M4040 Gioagro,1NW4040MHRF250010,M4040,Pulverizadora,Monitor,G5 CommandCenter,PCG5CSB159134,26.3 (11.3.4160-52),1NW4040MHRF250010,Machine,G5 Advanced - Aplicación autopropulsada,A-S00615510,G5,No informado,,,,Activo,Vigente,Operations Center,Serie de máquina,PCG5CSB159134,A-S00615510
2026-10-07 00:00:00,2026-10-07 12:09:58.363968,20261007_120958_ba31ab,PILAR,327694,Gioagro sa ,S7 700 - 1,1J0S770BKT0160214,S7 700,Cosechadora,Monitor,G5 CommandCenter,PCG5CSC264241,26.3 (11.3.4160-52),1J0S770BKT0160214,Machine,Cosechadora S7/X9 Ultimate,A-S00658339,G5,No informado,,,,Activo,Vigente,Operations Center,Serie de máquina,PCG5CSC264241,A-S00658339
2026-10-07 00:00:00,2026-10-07 12:09:58.363968,20261007_120958_ba31ab,PILAR,327694,Gioagro sa ,S7 700 - 1,1J0S770BKT0160214,S7 700,Cosechadora,Receptores de posición,SF7500 Integrated,PCG75FA261451,2.50F,PCG75FA261451,Receptor de posición,SF-RTK,A-S00658340,SF7500,No informado,,,,Activo,Vigente,Operations Center,Serie de receptor,PCG75FA261451,A-S00658340
2026-10-07 00:00:00,2026-10-07 12:09:58.363968,20261007_120958_ba31ab,PILAR,327694,Gioagro sa ,S7 700 - 2,1J0S770BVT0160217,S7 700,Cosechadora,Receptores de posición,SF7500 Integrated,PCG75FA261562,2.50F,PCG75FA261562,Receptor de posición,SF-RTK,A-S00658359,SF7500,No informado,,,,Activo,Vigente,Operations Center,Serie de receptor,PCG75FA261562,A-S00658359
2026-10-07 00:00:00,2026-10-07 12:09:58.363968,20261007_120958_ba31ab,PILAR,327694,Gioagro sa ,S7 700 - 2,1J0S770BVT0160217,S7 700,Cosechadora,Monitor,G5 CommandCenter,PCG5CSC264725,26.3 (11.3.4160-52),1J0S770BVT0160217,Machine,Cosechadora S7/X9 Ultimate,A-S00658364,G5,No informado,,,,Activo,Vigente,Operations Center,Serie de máquina,PCG5CSC264725,A-S00658364
2026-10-07 00:00:00,2026-10-07 12:09:58.363968,20261007_120958_ba31ab,CORDOBA,444911,GRUPO MEISTER SA,S760.,1J0S760BAR0155121,S760,Cosechadora,Monitor,G5 CommandCenter,PCG5CSB187244,26.3 (11.3.4160-40),1J0S760BAR0155121,Machine,G5 Advanced - Cosechadora,A-S00640417,G5,No informado,2025-03-12 00:00:00,2028-03-14 00:00:00,524.0,Activo,Vigente,Operations Center,Serie de máquina,PCG5CSB187244,A-S00640417
2026-10-07 00:00:00,2026-10-07 12:09:58.363968,20261007_120958_ba31ab,SANTA ROSA,358632,LAMATILDESRL,1J0S770BCS0160148-PANTERA,1J0S770BCS0160148,S7 700,Cosechadora,Receptores de posición,SF7500 Integrated,PCG75FA249718,2.50F,PCG75FA249718,Receptor de posición,SF-RTK,A-S00616318,SF7500,No informado,2026-02-11 00:00:00,2029-02-13 00:00:00,860.0,Activo,Vigente,Operations Center,Serie de receptor,PCG75FA249718,A-S00616318
2026-10-07 00:00:00,2026-10-07 12:09:58.363968,20261007_120958_ba31ab,SANTA ROSA,358632,LAMATILDESRL,1J0S770BCS0160148-PANTERA,1J0S770BCS0160148,S7 700,Cosechadora,Monitor,G5 CommandCenter,PCG5CSC249199,26.2 (11.2.4087-59),1J0S770BCS0160148,Machine,Cosechadora S7/X9 Ultimate,A-S00618066,G5,No informado,2026-02-11 00:00:00,2029-02-13 00:00:00,860.0,Activo,Vigente,Operations Center,Serie de máquina,PCG5CSC249199,A-S00618066
2026-10-07 00:00:00,2026-10-07 12:09:58.363968,20261007_120958_ba31ab,SANTA ROSA,358632,LAMATILDESRL,S7 700-SILVINO,1J0S770BCS0160112,S7 700,Cosechadora,Receptores de posición,SF7500 Integrated,PCG75FA234986,2.50F,PCG75FA234986,Receptor de posición,SF-RTK,A-S00618656,SF7500,No informado,2025-10-21 00:00:00,2028-10-23 00:00:00,747.0,Activo,Vigente,Operations Center,Serie de receptor,PCG75FA234986,A-S00618656
2026-10-07 00:00:00,2026-10-07 12:09:58.363968,20261007_120958_ba31ab,SANTA ROSA,358632,LAMATILDESRL,S7 700-SILVINO,1J0S770BCS0160112,S7 700,Cosechadora,Monitor,G5 CommandCenter,PCG5CSC243872,26.3 (11.3.4160-40),1J0S770BCS0160112,Machine,Cosechadora S7/X9 Ultimate,A-S00642439,G5,No informado,2025-10-21 00:00:00,2028-10-23 00:00:00,747.0,Activo,Vigente,Operations Center,Serie de máquina,PCG5CSC243872,A-S00642439
2026-10-07 00:00:00,2026-10-07 12:09:58.363968,20261007_120958_ba31ab,SINSACATE,369276,LUCAS DOMINGUEZ,S7 700,1J0S770BPS0160128,S7 700,Cosechadora,Receptores de posición,SF7500 Integrated,PCG75FA246182,2.50F,PCG75FA246182,Receptor de posición,SF-RTK,A-S00616782,SF7500,No informado,2025-11-16 00:00:00,2028-11-18 00:00:00,773.0,Activo,Vigente,Operations Center,Serie de receptor,PCG75FA246182,A-S00616782
2026-10-07 00:00:00,2026-10-07 12:09:58.363968,20261007_120958_ba31ab,SINSACATE,369276,LUCAS DOMINGUEZ,S7 700,1J0S770BPS0160128,S7 700,Cosechadora,Monitor,G5 CommandCenter,PCG5CSC245082,26.2 (11.2.4087-59),1J0S770BPS0160128,Machine,Cosechadora S7/X9 Ultimate,A-S00625264,G5,No informado,2025-11-16 00:00:00,2028-11-18 00:00:00,773.0,Activo,Vigente,Operations Center,Serie de máquina,PCG5CSC245082,A-S00625264
2026-10-07 00:00:00,2026-10-07 12:09:58.363968,20261007_120958_ba31ab,PILAR,385734,COLETTA,1J0S770BHT0160223,1J0S770BHT0160223,S7 700,Cosechadora,Receptores de posición,SF7500 Integrated,PCG75FA244485,2.30J,PCG75FA244485,Receptor de posición,SF-RTK,A-S00628255,SF7500,No informado,,,,Activo,Vigente,Operations Center,Serie de receptor,PCG75FA244485,A-S00628255
2026-10-07 00:00:00,2026-10-07 12:09:58.363968,20261007_120958_ba31ab,PILAR,385734,COLETTA,1J0S770BHT0160223,1J0S770BHT0160223,S7 700,Cosechadora,Monitor,G5 CommandCenter,PCG5CSC265568,25.4 (10.35.3817-13),1J0S770BHT0160223,Machine,G5 Advanced - Cosechadora,A-S00644963,G5,No informado,,,,Activo,Vigente,Operations Center,Serie de máquina,PCG5CSC265568,A-S00644963
2026-10-07 00:00:00,2026-10-07 12:09:58.363968,20261007_120958_ba31ab,CORDOBA,428130,RUFFINO ALDO ESTEBAN JOSE,1BM8270RVSS101680,1BM8270RVSS101680,8270R,Tractor,Receptores de posición,SF7500,PCS75UA249869,2.50F,PCS75UA249869,Receptor de posición,SF-RTK,A-S00623030,SF7500,No informado,2026-05-19 00:00:00,2027-05-21 00:00:00,226.0,Activo,Vigente,Operations Center,Serie de receptor,PCS75UA249869,A-S00623030
2026-10-07 00:00:00,2026-10-07 12:09:58.363968,20261007_120958_ba31ab,CORDOBA,428130,RUFFINO ALDO ESTEBAN JOSE,1J0S670BTH0120190,1J0S670BTH0120190,S670,Cosechadora,Monitor,G5Plus Universal,PCG5PUB186930,25.3 (10.32.3817-138),PCG5PUB186930,Monitor,Renovable esencial,A-S00624421,G5,No informado,2025-11-24 00:00:00,2026-11-26 00:00:00,50.0,Activo,Vence en 60 días,Operations Center,Serie de monitor,PCG5PUB186930,A-S00624421
2026-10-07 00:00:00,2026-10-07 12:09:58.363968,20261007_120958_ba31ab,CORDOBA,428130,RUFFINO ALDO ESTEBAN JOSE,1BM8270RVSS101680,1BM8270RVSS101680,8270R,Tractor,Monitor,G5 CommandCenter,PCG5CSC248894,26.3 (11.3.4160-52),1BM8270RVSS101680,Machine,G5 Advanced - Tractor de la serie 7/8/9,A-S00640923,G5,No informado,2026-05-19 00:00:00,2027-05-21 00:00:00,226.0,Activo,Vigente,Operations Center,Serie de máquina,PCG5CSC248894,A-S00640923
2026-10-07 00:00:00,2026-10-07 12:09:58.363968,20261007_120958_ba31ab,CORDOBA,277819,CAMPETELLA,,,,,Receptor de posición,SF7000,,,PCS17UB236673,Receptor de posición,SF-RTK,A-S00625337,Otra,No informado,2026-10-07 00:00:00,2027-10-07 00:00:00,365.0,Activo,Vigente,Operations Center,No encontrado,PCS17UB236673,A-S00625337
2026-10-07 00:00:00,2026-10-07 12:09:58.363968,20261007_120958_ba31ab,PILAR,423559,CRAVERO MIGUEL ANGEL,Cravero 7230M,1J07230CPS3000416,7M 230,Tractor,Monitor,G5 CommandCenter,PCG5CSC228713,26.3 (11.3.4160-52),1J07230CPS3000416,Machine,G5 Advanced - Tractor de la serie 7/8/9,A-S00616136,G5,No informado,2025-09-09 00:00:00,2026-09-11 00:00:00,-26.0,Vencido,Vencida,Operations Center,Serie de máquina,PCG5CSC228713,A-S00616136
2026-10-07 00:00:00,2026-10-07 12:09:58.363968,20261007_120958_ba31ab,PILAR,423559,CRAVERO MIGUEL ANGEL,Cravero 7230M,1J07230CPS3000416,7M 230,Tractor,Receptores de posición,SF7500,PCS75UA200571,2.50F,PCS75UA200571,Receptor de posición,SF-RTK,A-S00619589,SF7500,No informado,2025-09-09 00:00:00,2026-09-11 00:00:00,-26.0,Vencido,Vencida,Operations Center,Serie de receptor,PCS75UA200571,A-S00619589
2026-10-07 00:00:00,2026-10-07 12:09:58.363968,20261007_120958_ba31ab,PILAR,423559,CRAVERO MIGUEL ANGEL,1J07230CCT3000776,1J07230CCT3000776,7M 230,Tractor,Receptores de posición,SF7500,PCS75UA273046,2.70F,PCS75UA273046,Receptor de posición,SF-RTK,A-S00719403,SF7500,No informado,2026-09-27 00:00:00,2027-09-28 00:00:00,356.0,Activo,Vigente,Operations Center,Serie de receptor,PCS75UA273046,A-S00719403
2026-10-07 00:00:00,2026-10-07 12:09:58.363968,20261007_120958_ba31ab,PILAR,423559,CRAVERO MIGUEL ANGEL,1J07230CCT3000776,1J07230CCT3000776,7M 230,Tractor,Monitor,G5 CommandCenter,PCG5CSC263338,26.3 (11.3.4160-52),1J07230CCT3000776,Machine,G5 Advanced - Tractor de la serie 7/8/9,A-S00719406,G5,No informado,2026-09-27 00:00:00,2027-09-28 00:00:00,356.0,Activo,Vigente,Operations Center,Serie de máquina,PCG5CSC263338,A-S00719406
2026-10-07 00:00:00,2026-10-07 12:09:58.363968,20261007_120958_ba31ab,PILAR,423559,CRAVERO MIGUEL ANGEL,Cravero 7230M,1J07230CPS3000416,7M 230,Tractor,Receptores de posición,SF7500,PCS75UA200571,2.50F,PCS75UA200571,Receptor de posición,SF-RTK,A-S00721539,SF7500,No informado,2026-09-29 00:00:00,2027-09-30 00:00:00,358.0,Activo,Vigente,Operations Center,Serie de receptor,PCS75UA200571,A-S00721539
2026-10-07 00:00:00,2026-10-07 12:09:58.363968,20261007_120958_ba31ab,CORDOBA,358686,ARGAN SA,S780 N1- Ruben,1J0S780BPP0150101,S780,Cosechadora,Receptores de posición,SF7000,PCS17UB172492,6.80C,PCS17UB172492,Receptor de posición,SF-RTK,A-S00616153,SF7000,No informado,,,,Activo,Vigente,Operations Center,Serie de receptor,PCS17UB172492,A-S00616153
2026-10-07 00:00:00,2026-10-07 12:09:58.363968,20261007_120958_ba31ab,CORDOBA,358686,ARGAN SA,S780 N1- Ruben,1J0S780BPP0150101,S780,Cosechadora,Monitor,G5 CommandCenter,PCG5CSA107415,25.4 (10.35.3817-13),1J0S780BPP0150101,Machine,G5 Advanced - Cosechadora,A-S00622168,G5,No informado,2023-11-23 00:00:00,2026-11-25 00:00:00,49.0,Activo,Vence en 60 días,Operations Center,Serie de máquina,PCG5CSA107415,A-S00622168
2026-10-07 00:00:00,2026-10-07 12:09:58.363968,20261007_120958_ba31ab,CORDOBA,358686,ARGAN SA,1J07230CCR3000222,1J07230CCR3000222,7M 230,Tractor,Receptores de posición,SF7500,PCS75UA124569,2.40P,PCS75UA124569,Receptor de posición,SF-RTK,A-S00639675,SF7500,No informado,2025-11-05 00:00:00,2026-11-07 00:00:00,31.0,Activo,Vence en 60 días,Operations Center,Serie de receptor,PCS75UA124569,A-S00639675
2026-10-07 00:00:00,2026-10-07 12:09:58.363968,20261007_120958_ba31ab,CORDOBA,358686,ARGAN SA,1J07230CAR3000210,1J07230CAR3000210,7M 230,Tractor,Receptores de posición,SF7500,PCS75UA154350,2.30J,PCS75UA154350,Receptor de posición,SF-RTK,A-S00639725,SF7500,No informado,,,,Activo,Vigente,Operations Center,Serie de receptor,PCS75UA154350,A-S00639725
2026-10-07 00:00:00,2026-10-07 12:09:58.363968,20261007_120958_ba31ab,CORDOBA,358686,ARGAN SA,1J07230CKS3000482,1J07230CKS3000482,7M 230,Tractor,Monitor,G5 CommandCenter,PCG5CSC224421,26.3 (11.3.4160-40),1J07230CKS3000482,Machine,G5 Advanced - Tractor de la serie 7/8/9,A-S00653570,G5,No informado,2026-07-13 00:00:00,2027-07-14 00:00:00,280.0,Activo,Vigente,Operations Center,Serie de máquina,PCG5CSC224421,A-S00653570
2026-10-07 00:00:00,2026-10-07 12:09:58.363968,20261007_120958_ba31ab,CORDOBA,358686,ARGAN SA,,,,,Receptor de posición,SF7500,,,PCS75UA203022,Receptor de posición,SF-RTK,A-S00653571,Otra,No informado,2026-09-10 00:00:00,2027-09-11 00:00:00,339.0,Activo,Vigente,Operations Center,No encontrado,PCS75UA203022,A-S00653571
2026-10-07 00:00:00,2026-10-07 12:09:58.363968,20261007_120958_ba31ab,CORDOBA,358686,ARGAN SA,,,,,Receptor de posición,SF7500,,,PCS75UA243768,Receptor de posición,SF-RTK,A-S00661501,Otra,No informado,2026-09-10 00:00:00,2027-09-11 00:00:00,339.0,Activo,Vigente,Operations Center,No encontrado,PCS75UA243768,A-S00661501
2026-10-07 00:00:00,2026-10-07 12:09:58.363968,20261007_120958_ba31ab,CORDOBA,358686,ARGAN SA,1J07230CJS3000595,1J07230CJS3000595,7M 230,Tractor,Monitor,G5 CommandCenter,PCG5CSC247906,26.3 (11.3.4160-52),1J07230CJS3000595,Machine,G5 Advanced - Tractor de la serie 7/8/9,A-S00661503,G5,No informado,2026-07-13 00:00:00,2027-07-14 00:00:00,280.0,Activo,Vigente,Operations Center,Serie de máquina,PCG5CSC247906,A-S00661503
2026-10-07 00:00:00,2026-10-07 12:09:58.363968,20261007_120958_ba31ab,SINSACATE,445623,TESSINO PEDRO JUAN,S 770,1J0S770BVP0145237,S770,Cosechadora,Receptores de posición,SF7000,PCS17UB173767,6.80C,PCS17UB173767,Receptor de posición,SF-RTK,A-S00616253,SF7000,No informado,2025-11-27 00:00:00,2026-11-29 00:00:00,53.0,Activo,Vence en 60 días,Operations Center,Serie de receptor,PCS17UB173767,A-S00616253
2026-10-07 00:00:00,2026-10-07 12:09:58.363968,20261007_120958_ba31ab,PILAR,443951,LAHERS SA,6135J Lahers SA,1J06135JJPD600265,6135J,Tractor,Monitor,G5 Universal,PCG5MUB192018,26.3 (11.3.4160-52),PCG5MUB192018,Monitor,Renovable esencial,A-S00619164,G5,No informado,2026-09-17 00:00:00,2027-09-17 00:00:00,345.0,Activo,Vigente,Operations Center,Serie de monitor,PCG5MUB192018,A-S00619164
2026-10-07 00:00:00,2026-10-07 12:09:58.363968,20261007_120958_ba31ab,PILAR,443951,LAHERS SA,Lahers SA-Tractor 8270R,1BM8270REHP100059,8270R,Tractor,Monitor,G5Plus Universal,PCG5PUB186197,26.3 (11.3.4160-52),PCG5PUB186197,Monitor,Renovable avanzada,A-S00640040,G5,No informado,2026-09-17 00:00:00,2027-09-17 00:00:00,345.0,Activo,Vigente,Operations Center,Serie de monitor,PCG5PUB186197,A-S00640040
2026-10-07 00:00:00,2026-10-07 12:09:58.363968,20261007_120958_ba31ab,PILAR,443951,LAHERS SA,Lahers SA-Tractor 8270R,1BM8270REHP100059,8270R,Tractor,Receptores de posición,SF7500,PCS75UA246019,2.70F,PCS75UA246019,Receptor de posición,SF-RTK,A-S00711068,SF7500,No informado,2026-09-17 00:00:00,2027-09-18 00:00:00,346.0,Activo,Vigente,Operations Center,Serie de receptor,PCS75UA246019,A-S00711068
2026-10-07 00:00:00,2026-10-07 12:09:58.363968,20261007_120958_ba31ab,CORDOBA,275960,MARCHESE ANGEL ADOLFO,S780 MARCHESE 8,1J0S780BEP0150143,S780,Cosechadora,Monitor,G5 CommandCenter,PCG5CSA117242,26.3 (11.3.4160-52),1J0S780BEP0150143,Machine,G5 Advanced - Cosechadora,A-S00625571,G5,No informado,2024-10-08 00:00:00,2027-10-10 00:00:00,368.0,Activo,Vigente,Operations Center,Serie de máquina,PCG5CSA117242,A-S00625571
2026-10-07 00:00:00,2026-10-07 12:09:58.363968,20261007_120958_ba31ab,CORDOBA,275960,MARCHESE ANGEL ADOLFO,7230J - REMONDA CASTRO Y CIA,1J07230JTLD000196,7230J,Tractor,Receptores de posición,SF7000,PCS17UB213261,6.80C,PCS17UB213261,Receptor de posición,SF-RTK,A-S00642550,SF7000,No informado,2024-10-08 00:00:00,2027-10-10 00:00:00,368.0,Activo,Vigente,Operations Center,Serie de receptor,PCS17UB213261,A-S00642550
2026-10-07 00:00:00,2026-10-07 12:09:58.363968,20261007_120958_ba31ab,CORDOBA,275960,MARCHESE ANGEL ADOLFO,8250r,1BM8250RJTS000268,8250R,Tractor,Receptores de posición,SF7500,PCS75UA299534,2.70F,PCS75UA299534,Receptor de posición,SF-RTK,A-S00696980,SF7500,No informado,2026-09-08 00:00:00,2027-09-09 00:00:00,337.0,Activo,Vigente,Operations Center,Serie de receptor,PCS75UA299534,A-S00696980
2026-10-07 00:00:00,2026-10-07 12:09:58.363968,20261007_120958_ba31ab,CORDOBA,275960,MARCHESE ANGEL ADOLFO,8250r,1BM8250RJTS000268,8250R,Tractor,Monitor,G5 CommandCenter,PCG5CSC278808,26.3 (11.3.4160-52),1BM8250RJTS000268,Machine,G5 Advanced - Tractor de la serie 7/8/9,A-S00696982,G5,No informado,2026-09-08 00:00:00,2027-09-09 00:00:00,337.0,Activo,Vigente,Operations Center,Serie de máquina,PCG5CSC278808,A-S00696982
2026-10-07 00:00:00,2026-10-07 12:09:58.363968,20261007_120958_ba31ab,PILAR,445544,OSVALDO FABRO,S770 Osvaldo Fabbro,1J0S770BTS0160161,S7 700,Cosechadora,Monitor,G5 CommandCenter,PCG5CSC257965,26.3 (11.3.4160-40),1J0S770BTS0160161,Machine,Cosechadora S7/X9 Ultimate,A-S00627659,G5,No informado,2026-03-01 00:00:00,2029-03-03 00:00:00,878.0,Activo,Vigente,Operations Center,Serie de máquina,PCG5CSC257965,A-S00627659
2026-10-07 00:00:00,2026-10-07 12:09:58.363968,20261007_120958_ba31ab,PILAR,445544,OSVALDO FABRO,S770 Osvaldo Fabbro,1J0S770BTS0160161,S7 700,Cosechadora,Receptores de posición,SF7500 Integrated,PCG75FA250615,2.50F,PCG75FA250615,Receptor de posición,SF-RTK,A-S00633069,SF7500,No informado,2026-03-02 00:00:00,2029-03-04 00:00:00,879.0,Activo,Vigente,Operations Center,Serie de receptor,PCG75FA250615,A-S00633069
2026-10-07 00:00:00,2026-10-07 12:09:58.363968,20261007_120958_ba31ab,PILAR,422576,"BELTRAMO RICARDO, LUIS, JESUS Y JOSE SH",S780,1J0S780BVR0150155,S780,Cosechadora,Monitor,G5 CommandCenter,PCG5CSA120354,25.1 (10.30.3567-82),1J0S780BVR0150155,Machine,G5 Advanced - Cosechadora,A-S00616886,G5,No informado,2024-10-21 00:00:00,2027-10-23 00:00:00,381.0,Activo,Vigente,Operations Center,Serie de máquina,PCG5CSA120354,A-S00616886
2026-10-07 00:00:00,2026-10-07 12:09:58.363968,20261007_120958_ba31ab,CORDOBA,277858,TEREPINO SA,8370R,1BM8370RCRS100969,8370R,Tractor,Receptores de posición,SF7500,PCS75UA154847,2.50F,PCS75UA154847,Receptor de posición,SF-RTK,A-S00627807,SF7500,No informado,2026-10-30 00:00:00,2027-10-30 00:00:00,388.0,Activo,Vigente,Operations Center,Serie de receptor,PCS75UA154847,A-S00627807
2026-10-07 00:00:00,2026-10-07 12:09:58.363968,20261007_120958_ba31ab,CORDOBA,277858,TEREPINO SA,OSCAR TORTI M4040,1NW4040MASF250186,M4040,Pulverizadora,Monitor,G5 CommandCenter,PCG5CSC224450,25.4 (10.35.3817-13),1NW4040MASF250186,Machine,G5 Advanced - Aplicación autopropulsada,A-S00629493,G5,No informado,2025-11-09 00:00:00,2026-11-11 00:00:00,35.0,Activo,Vence en 60 días,Operations Center,Serie de máquina,PCG5CSC224450,A-S00629493
2026-10-07 00:00:00,2026-10-07 12:09:58.363968,20261007_120958_ba31ab,CORDOBA,277858,TEREPINO SA,Terepino 7M200,1J07200CTS3000364,7M 200,Tractor,Receptores de posición,SF7500,PCS75UA245876,2.50F,PCS75UA245876,Receptor de posición,SF-RTK,A-S00642126,SF7500,No informado,2026-05-06 00:00:00,2027-05-08 00:00:00,213.0,Activo,Vigente,Operations Center,Serie de receptor,PCS75UA245876,A-S00642126
2026-10-07 00:00:00,2026-10-07 12:09:58.363968,20261007_120958_ba31ab,CORDOBA,277858,TEREPINO SA,Terepino 7M200,1J07200CTS3000364,7M 200,Tractor,Monitor,G5 CommandCenter,PCG5CSC240391,25.4 (10.35.3817-13),1J07200CTS3000364,Machine,G5 Advanced - Tractor de la serie 7/8/9,A-S00642464,G5,No informado,2026-05-06 00:00:00,2027-05-08 00:00:00,213.0,Activo,Vigente,Operations Center,Serie de máquina,PCG5CSC240391,A-S00642464
2026-10-07 00:00:00,2026-10-07 12:09:58.363968,20261007_120958_ba31ab,CORDOBA,277858,TEREPINO SA,OSCAR TORTI M4040,1NW4040MASF250186,M4040,Pulverizadora,Receptores de posición,SF7500,PCS75UA216194,2.40P,PCS75UA216194,Receptor de posición,SF-RTK,A-S00644679,SF7500,No informado,2025-11-09 00:00:00,2026-11-11 00:00:00,35.0,Activo,Vence en 60 días,Operations Center,Serie de receptor,PCS75UA216194,A-S00644679
2026-10-07 00:00:00,2026-10-07 12:09:58.363968,20261007_120958_ba31ab,CORDOBA,277858,TEREPINO SA,8370R,1BM8370RCRS100969,8370R,Tractor,Monitor,G5 CommandCenter,PCG5CSB180833,26.3 (11.3.4160-40),1BM8370RCRS100969,Machine,G5 Advanced - Tractor de la serie 7/8/9,A-S00705654,G5,No informado,2026-09-13 00:00:00,2027-09-14 00:00:00,342.0,Activo,Vigente,Operations Center,Serie de máquina,PCG5CSB180833,A-S00705654
2026-10-07 00:00:00,2026-10-07 12:09:58.363968,20261007_120958_ba31ab,SINSACATE,277699,La Soledad,1J0S780BCS0160150,1J0S780BCS0160150,S7 800,Cosechadora,Receptores de posición,SF7500 Integrated,PCG75FA252161,2.50F,PCG75FA252161,Receptor de posición,SF-RTK,A-S00620736,SF7500,No informado,,,,Activo,Vigente,Operations Center,Serie de receptor,PCG75FA252161,A-S00620736
2026-10-07 00:00:00,2026-10-07 12:09:58.363968,20261007_120958_ba31ab,SINSACATE,277699,La Soledad,1NW4030MARF250337,1NW4030MARF250337,M4030,Pulverizadora,Monitor,G5 CommandCenter,PCG5CSB181448,25.4 (10.35.3817-13),1NW4030MARF250337,Machine,G5 Advanced - Aplicación autopropulsada,A-S00632881,G5,No informado,2025-07-21 00:00:00,2026-07-23 00:00:00,-76.0,Vencido,Vencida,Operations Center,Serie de máquina,PCG5CSB181448,A-S00632881
2026-10-07 00:00:00,2026-10-07 12:09:58.363968,20261007_120958_ba31ab,SINSACATE,277699,La Soledad,1NW4030MARF250337,1NW4030MARF250337,M4030,Pulverizadora,Receptores de posición,SF7500,PCS75UA249494,2.50F,PCS75UA249494,Receptor de posición,SF-RTK,A-S00633059,SF7500,No informado,2025-11-20 00:00:00,2026-11-22 00:00:00,46.0,Activo,Vence en 60 días,Operations Center,Serie de receptor,PCS75UA249494,A-S00633059
2026-10-07 00:00:00,2026-10-07 12:09:58.363968,20261007_120958_ba31ab,SINSACATE,277699,La Soledad,1J0S780BCS0160150,1J0S780BCS0160150,S7 800,Cosechadora,Monitor,G5 CommandCenter,PCG5CSC245618,26.3 (11.3.4160-46),1J0S780BCS0160150,Machine,Cosechadora S7/X9 Ultimate,A-S00639041,G5,No informado,,,,Activo,Vigente,Operations Center,Serie de máquina,PCG5CSC245618,A-S00639041
2026-10-07 00:00:00,2026-10-07 12:09:58.363968,20261007_120958_ba31ab,ARROYITO,425124,ALTUNA,1BM6190MTS3001219,1BM6190MTS3001219,6190M,Tractor,Receptores de posición,SF7500,PCS75UA241188,2.50F,PCS75UA241188,Receptor de posición,SF-RTK,A-S00621623,SF7500,No informado,,,,Activo,Vigente,Operations Center,Serie de receptor,PCS75UA241188,A-S00621623
2026-10-07 00:00:00,2026-10-07 12:09:58.363968,20261007_120958_ba31ab,CORDOBA,277829,JOS DAN HERMANOS SRL,Jos-Dan Hermanos SRL - 7M230,1J07230CHS3000524,7M 230,Tractor,Receptores de posición,SF7500,PCS75UA208077,2.30J,PCS75UA208077,Receptor de posición,SF-RTK,A-S00638836,SF7500,No informado,2025-10-07 00:00:00,2026-10-09 00:00:00,2.0,Activo,Vence en 30 días,Operations Center,Serie de receptor,PCS75UA208077,A-S00638836
2026-10-07 00:00:00,2026-10-07 12:09:58.363968,20261007_120958_ba31ab,CORDOBA,277829,JOS DAN HERMANOS SRL,Jos-Dan Hermanos SRL - 7M230,1J07230CHS3000524,7M 230,Tractor,Monitor,G5 CommandCenter,PCG5CSC234824,25.3 (10.32.3817-138),1J07230CHS3000524,Machine,G5 Advanced - Tractor de la serie 7/8/9,A-S00642453,G5,No informado,2025-10-07 00:00:00,2026-10-09 00:00:00,2.0,Activo,Vence en 30 días,Operations Center,Serie de máquina,PCG5CSC234824,A-S00642453
2026-10-07 00:00:00,2026-10-07 12:09:58.363968,20261007_120958_ba31ab,PILAR,280723,BONETTO OSVALDO DOMINGO,8270R Bonetto Osvaldo,1BM8270RKSS101660,8270R,Tractor,Monitor,G5 CommandCenter,PCG5CSC244422,26.3 (11.3.4160-52),1BM8270RKSS101660,Machine,G5 Advanced - Tractor de la serie 7/8/9,A-S00618485,G5,No informado,,,,Activo,Vigente,Operations Center,Serie de máquina,PCG5CSC244422,A-S00618485
2026-10-07 00:00:00,2026-10-07 12:09:58.363968,20261007_120958_ba31ab,PILAR,280723,BONETTO OSVALDO DOMINGO,8270R Bonetto Osvaldo,1BM8270RKSS101660,8270R,Tractor,Receptores de posición,SF7500,PCS75UA249378,2.40P,PCS75UA249378,Receptor de posición,SF-RTK,A-S00624396,SF7500,No informado,,,,Activo,Vigente,Operations Center,Serie de receptor,PCS75UA249378,A-S00624396
2026-10-07 00:00:00,2026-10-07 12:09:58.363968,20261007_120958_ba31ab,SINSACATE,307424,ESTEBAN AMBROSINO E HIJOS SA,S7 700 Mario Gutiérrez,1J0S770BCS0160160,S7 700,Cosechadora,Monitor,G5 CommandCenter,PCG5CSC247686,26.2 (11.2.4087-59),1J0S770BCS0160160,Machine,Cosechadora S7/X9 Ultimate,A-S00621495,G5,No informado,2026-05-05 00:00:00,2029-05-07 00:00:00,943.0,Activo,Vigente,Operations Center,Serie de máquina,PCG5CSC247686,A-S00621495
2026-10-07 00:00:00,2026-10-07 12:09:58.363968,20261007_120958_ba31ab,SINSACATE,307424,ESTEBAN AMBROSINO E HIJOS SA,S7 700 Mario Gutiérrez,1J0S770BCS0160160,S7 700,Cosechadora,Receptores de posición,SF7500 Integrated,PCG75FA252900,2.50F,PCG75FA252900,Receptor de posición,SF-RTK,A-S00644614,SF7500,No informado,2026-05-05 00:00:00,2029-05-07 00:00:00,943.0,Activo,Vigente,Operations Center,Serie de receptor,PCG75FA252900,A-S00644614
2026-10-07 00:00:00,2026-10-07 12:09:58.363968,20261007_120958_ba31ab,,429330,Hawreluk Nestor,S780,1J0S780BEP0150109,S780,Cosechadora,Monitor,G5 CommandCenter,PCG5CSA106042,25.4 (10.35.3817-13),1J0S780BEP0150109,Machine,G5 Advanced - Cosechadora,A-S00618734,G5,No informado,,,,Activo,Vigente,Operations Center,Serie de máquina,PCG5CSA106042,A-S00618734
2026-10-07 00:00:00,2026-10-07 12:09:58.363968,20261007_120958_ba31ab,SANTA ROSA,445526,ALLOA ROBERTO,S780,1J0S780BTS0155144,S780,Cosechadora,Receptores de posición,SF7500,PCS75UA182156,2.30J,PCS75UA182156,Receptor de posición,SF-RTK,A-S00621133,SF7500,No informado,,,,Activo,Vigente,Operations Center,Serie de receptor,PCS75UA182156,A-S00621133
2026-10-07 00:00:00,2026-10-07 12:09:58.363968,20261007_120958_ba31ab,SANTA ROSA,445526,ALLOA ROBERTO,S780,1J0S780BTS0155144,S780,Cosechadora,Monitor,G5 CommandCenter,PCG5CSB191085,25.1 (10.30.3567-82),1J0S780BTS0155144,Machine,G5 Advanced - Cosechadora,A-S00637051,G5,No informado,,,,Activo,Vigente,Operations Center,Serie de máquina,PCG5CSB191085,A-S00637051
2026-10-07 00:00:00,2026-10-07 12:09:58.363968,20261007_120958_ba31ab,PILAR,356534,DON REINALDO S.A.,8270R Don Reinaldo,1BM8270RKSS101674,8270R,Tractor,Receptores de posición,SF7500,PCS75UA247271,2.50F,PCS75UA247271,Receptor de posición,SF-RTK,A-S00621736,SF7500,No informado,2026-09-08 00:00:00,2027-09-08 00:00:00,336.0,Activo,Vigente,Operations Center,Serie de receptor,PCS75UA247271,A-S00621736
2026-10-07 00:00:00,2026-10-07 12:09:58.363968,20261007_120958_ba31ab,PILAR,356534,DON REINALDO S.A.,8345R Don Reinaldo,1BM8345RJLS100631,8345R,Tractor,Receptores de posición,SF7500,PCS75UA200731,2.30J,PCS75UA200731,Receptor de posición,SF-RTK,A-S00633158,SF7500,No informado,2025-09-15 00:00:00,2028-09-17 00:00:00,711.0,Activo,Vigente,Operations Center,Serie de receptor,PCS75UA200731,A-S00633158
2026-10-07 00:00:00,2026-10-07 12:09:58.363968,20261007_120958_ba31ab,PILAR,356534,DON REINALDO S.A.,8270R Don Reinaldo,1BM8270RKSS101674,8270R,Tractor,Monitor,G5 CommandCenter,PCG5CSC245957,25.4 (10.35.3817-13),1BM8270RKSS101674,Machine,G5 Advanced - Tractor de la serie 7/8/9,A-S00639910,G5,No informado,2026-09-08 00:00:00,2027-09-08 00:00:00,336.0,Activo,Vigente,Operations Center,Serie de máquina,PCG5CSC245957,A-S00639910
2026-10-07 00:00:00,2026-10-07 12:09:58.363968,20261007_120958_ba31ab,PILAR,356534,DON REINALDO S.A.,S770 Don Reinaldo,1J0S770BCS0155175,S770,Cosechadora,Monitor,G5 CommandCenter,PCG5CSB206981,25.2 (10.31.3676-103),1J0S770BCS0155175,Machine,G5 Advanced - Cosechadora,A-S00641421,G5,No informado,2025-09-09 00:00:00,2028-09-11 00:00:00,705.0,Activo,Vigente,Operations Center,Serie de máquina,PCG5CSB206981,A-S00641421
2026-10-07 00:00:00,2026-10-07 12:09:58.363968,20261007_120958_ba31ab,ARROYITO,425003,SILAJES SACANTA,silaje sacanta sa,1Z08600YVSF627342,8600,Cosechadora de forraje,Monitor,G5Plus Universal,PCG5PUB246760,24-2 (10.29.3422-101),PCG5PUB246760,Monitor,G5 Advanced - Universal,A-S00624266,G5,No informado,2025-11-11 00:00:00,2026-11-13 00:00:00,37.0,Activo,Vence en 60 días,Operations Center,Serie de monitor,PCG5PUB246760,A-S00624266
2026-10-07 00:00:00,2026-10-07 12:09:58.363968,20261007_120958_ba31ab,PILAR,419507,Las Margas,7200J Las Margas,1J07200JVPD000582,7200J,Tractor,Receptores de posición,SF7000,PCS17UB169662,6.60T,PCS17UB169662,Receptor de posición,SF-RTK,A-S00619194,SF7000,No informado,,,,Activo,Vigente,Operations Center,Serie de receptor,PCS17UB169662,A-S00619194
2026-10-07 00:00:00,2026-10-07 12:09:58.363968,20261007_120958_ba31ab,SINSACATE,405100,SALVUCCI ALBERTO L Y SALVUCCI RAUL A SOC SIMPLE,6150J,1J06150JKRD600447,6150J,Tractor,Receptores de posición,SF7000,PCS17UB224599,6.80C,PCS17UB224599,Receptor de posición,SF-RTK,A-S00619613,SF7000,No informado,2026-05-04 00:00:00,2027-05-06 00:00:00,211.0,Activo,Vigente,Operations Center,Serie de receptor,PCS17UB224599,A-S00619613
2026-10-07 00:00:00,2026-10-07 12:09:58.363968,20261007_120958_ba31ab,SINSACATE,405100,SALVUCCI ALBERTO L Y SALVUCCI RAUL A SOC SIMPLE,Tractor 7230R Salvucci,1RW7230REJS101571,7230R,Tractor,Receptores de posición,SF7000,PCS17UB202958,6.80C,PCS17UB202958,Receptor de posición,SF-RTK,A-S00638829,SF7000,No informado,2026-05-24 00:00:00,2027-05-26 00:00:00,231.0,Activo,Vigente,Operations Center,Serie de receptor,PCS17UB202958,A-S00638829
2026-10-07 00:00:00,2026-10-07 12:09:58.363968,20261007_120958_ba31ab,SINSACATE,324409,DE GIORGIO SA,1J0S790BHS0160121,1J0S790BHS0160121,S7 900,Cosechadora,Monitor,G5 CommandCenter,PCG5CSC246707,26.3 (11.3.4160-46),1J0S790BHS0160121,Machine,Cosechadora S7/X9 Ultimate,A-S00622363,G5,No informado,,,,Activo,Vigente,Operations Center,Serie de máquina,PCG5CSC246707,A-S00622363
2026-10-07 00:00:00,2026-10-07 12:09:58.363968,20261007_120958_ba31ab,SINSACATE,324409,DE GIORGIO SA,4730 DEGIORGIO NUEVA,1NW4730XKJ0055992,4730,Pulverizadora,Receptores de posición,SF7000,PCS17UB238683,6.80C,PCS17UB238683,Receptor de posición,SF-RTK,A-S00631203,SF7000,No informado,2026-03-29 00:00:00,2027-03-31 00:00:00,175.0,Activo,Vigente,Operations Center,Serie de receptor,PCS17UB238683,A-S00631203
2026-10-07 00:00:00,2026-10-07 12:09:58.363968,20261007_120958_ba31ab,SINSACATE,324409,DE GIORGIO SA,1J0S790BHS0160121,1J0S790BHS0160121,S7 900,Cosechadora,Receptores de posición,SF7500 Integrated,PCG75FA253478,2.50F,PCG75FA253478,Receptor de posición,SF-RTK,A-S00644165,SF7500,No informado,,,,Activo,Vigente,Operations Center,Serie de receptor,PCG75FA253478,A-S00644165
2026-10-07 00:00:00,2026-10-07 12:09:58.363968,20261007_120958_ba31ab,SINSACATE,324409,DE GIORGIO SA,,,,,Receptor de posición,SF7000,,,PCS17UB126739,Receptor de posición,SF-RTK,A-S00645152,Otra,No informado,2025-11-09 00:00:00,2026-11-11 00:00:00,35.0,Activo,Vence en 60 días,Operations Center,No encontrado,PCS17UB126739,A-S00645152
2026-10-07 00:00:00,2026-10-07 12:09:58.363968,20261007_120958_ba31ab,SINSACATE,324409,DE GIORGIO SA,8320 DeGiorgio,1RW8320RLGP112400,8320R,Tractor,Receptores de posición,SF7000,PCS17UB238509,6.80C,PCS17UB238509,Receptor de posición,SF-RTK,A-S00700923,SF7000,No informado,2026-09-07 00:00:00,2027-09-08 00:00:00,336.0,Activo,Vigente,Operations Center,Serie de receptor,PCS17UB238509,A-S00700923
2026-10-07 00:00:00,2026-10-07 12:09:58.363968,20261007_120958_ba31ab,CORDOBA,423574,Fraresso Guillermo,8270R Fraresso S.R.L,1BM8270RCRS101431,8270R,Tractor,Receptores de posición,SF7500,PCS75UA164120,2.30J,PCS75UA164120,Receptor de posición,SF-RTK,A-S00638282,SF7500,No informado,2026-05-20 00:00:00,2027-05-22 00:00:00,227.0,Activo,Vigente,Operations Center,Serie de receptor,PCS75UA164120,A-S00638282
2026-10-07 00:00:00,2026-10-07 12:09:58.363968,20261007_120958_ba31ab,CORDOBA,423574,Fraresso Guillermo,8270R Fraresso S.R.L,1BM8270RCRS101431,8270R,Tractor,Monitor,G5 CommandCenter,PCG5CSB187711,25.2 (10.31.3676-103),1BM8270RCRS101431,Machine,G5 Advanced - Tractor de la serie 7/8/9,A-S00640439,G5,No informado,2026-05-20 00:00:00,2027-05-22 00:00:00,227.0,Activo,Vigente,Operations Center,Serie de máquina,PCG5CSB187711,A-S00640439
2026-10-07 00:00:00,2026-10-07 12:09:58.363968,20261007_120958_ba31ab,SINSACATE,228477,DRUSIAN RUBEN EDUARDO,,,,,Monitor,G5 Universal,,,PCG5MUB186936,Monitor,Renovable esencial,A-S00620988,Otra,No informado,2026-03-22 00:00:00,2027-03-24 00:00:00,168.0,Activo,Vigente,Operations Center,No encontrado,PCG5MUB186936,A-S00620988
2026-10-07 00:00:00,2026-10-07 12:09:58.363968,20261007_120958_ba31ab,SINSACATE,228477,DRUSIAN RUBEN EDUARDO,7230j,1J07230JJPD000936,7230J,Tractor,Receptores de posición,SF7000,PCS17UB184632,6.80C,PCS17UB184632,Receptor de posición,SF-RTK,A-S00640662,SF7000,No informado,,,,Activo,Vigente,Operations Center,Serie de receptor,PCS17UB184632,A-S00640662
2026-10-07 00:00:00,2026-10-07 12:09:58.363968,20261007_120958_ba31ab,SINSACATE,440733,ROSTIROLLA HECTOR RAUL,S7 600,1J0S760BLS0160147,S7 600,Cosechadora,Receptores de posición,SF7500 Integrated,PCG75FA260241,2.50F,PCG75FA260241,Receptor de posición,SF-RTK,A-S00633664,SF7500,No informado,2026-03-31 00:00:00,,,Activo,Vigente,Operations Center,Serie de receptor,PCG75FA260241,A-S00633664
2026-10-07 00:00:00,2026-10-07 12:09:58.363968,20261007_120958_ba31ab,SINSACATE,440733,ROSTIROLLA HECTOR RAUL,S7 600,1J0S760BLS0160147,S7 600,Cosechadora,Monitor,G5 CommandCenter,PCG5CSC258492,26.3 (11.3.4160-52),1J0S760BLS0160147,Machine,Cosechadora S7/X9 Ultimate,A-S00635352,G5,No informado,2026-03-31 00:00:00,,,Activo,Vigente,Operations Center,Serie de máquina,PCG5CSC258492,A-S00635352
2026-10-07 00:00:00,2026-10-07 12:09:58.363968,20261007_120958_ba31ab,PILAR,432966,Casale Hugo ,7200M Casale Hugo,1J07200CKR3000197,7M 200,Tractor,Monitor,G5 CommandCenter,PCG5CSB179489,26.3 (11.3.4160-52),1J07200CKR3000197,Machine,G5 Advanced - Tractor de la serie 7/8/9,A-S00628412,G5,No informado,2025-09-07 00:00:00,2026-09-09 00:00:00,-28.0,Vencido,Vencida,Operations Center,Serie de máquina,PCG5CSB179489,A-S00628412
2026-10-07 00:00:00,2026-10-07 12:09:58.363968,20261007_120958_ba31ab,PILAR,432966,Casale Hugo ,7200M Casale Hugo,1J07200CKR3000197,7M 200,Tractor,Receptores de posición,SF7500,PCS75UA158303,2.70F,PCS75UA158303,Receptor de posición,SF-RTK,A-S00630730,SF7500,No informado,2025-09-08 00:00:00,2026-09-10 00:00:00,-27.0,Vencido,Vencida,Operations Center,Serie de receptor,PCS75UA158303,A-S00630730
2026-10-07 00:00:00,2026-10-07 12:09:58.363968,20261007_120958_ba31ab,PILAR,432966,Casale Hugo ,7200M Casale Hugo,1J07200CKR3000197,7M 200,Tractor,Receptores de posición,SF7500,PCS75UA158303,2.70F,PCS75UA158303,Receptor de posición,SF-RTK,A-S00724707,SF7500,No informado,2026-10-01 00:00:00,2027-10-02 00:00:00,360.0,Activo,Vigente,Operations Center,Serie de receptor,PCS75UA158303,A-S00724707
2026-10-07 00:00:00,2026-10-07 12:09:58.363968,20261007_120958_ba31ab,SINSACATE,410201,AGROPECUARIA LAS MARIAS SA,PLA 3600,1YE3600FCPA008338,3600,Pulverizadora,Receptores de posición,SF7500,PCS75UA161272,2.30J,PCS75UA161272,Receptor de posición,SF-RTK,A-S00638772,SF7500,No informado,2026-11-23 00:00:00,2027-11-23 00:00:00,412.0,Activo,Vigente,Operations Center,Serie de receptor,PCS75UA161272,A-S00638772
2026-10-07 00:00:00,2026-10-07 12:09:58.363968,20261007_120958_ba31ab,SINSACATE,410201,AGROPECUARIA LAS MARIAS SA,8320R (2),1BM8320RTSS101087,8320R,Tractor,Receptores de posición,SF7500,PCS75UA249282,2.50F,PCS75UA249282,Receptor de posición,SF-RTK,A-S00661443,SF7500,No informado,2026-09-08 00:00:00,2027-09-09 00:00:00,337.0,Activo,Vigente,Operations Center,Serie de receptor,PCS75UA249282,A-S00661443
2026-10-07 00:00:00,2026-10-07 12:09:58.363968,20261007_120958_ba31ab,SINSACATE,410201,AGROPECUARIA LAS MARIAS SA,8320R (2),1BM8320RTSS101087,8320R,Tractor,Monitor,G5 CommandCenter,PCG5CSC256082,26.3 (11.3.4160-52),1BM8320RTSS101087,Machine,G5 Advanced - Tractor de la serie 7/8/9,A-S00661446,G5,No informado,2026-09-08 00:00:00,2027-09-09 00:00:00,337.0,Activo,Vigente,Operations Center,Serie de máquina,PCG5CSC256082,A-S00661446
2026-10-07 00:00:00,2026-10-07 12:09:58.363968,20261007_120958_ba31ab,ARROYITO,419962,AMADEO BADINO,S7 700,1J0S770BJS0160181,S7 700,Cosechadora,Receptores de posición,SF7500 Integrated,PCG75FA256075,2.50F,PCG75FA256075,Receptor de posición,SF-RTK,A-S00622538,SF7500,No informado,,,,Activo,Vigente,Operations Center,Serie de receptor,PCG75FA256075,A-S00622538
2026-10-07 00:00:00,2026-10-07 12:09:58.363968,20261007_120958_ba31ab,ARROYITO,419962,AMADEO BADINO,S7 700,1J0S770BJS0160181,S7 700,Cosechadora,Monitor,G5 CommandCenter,PCG5CSC255928,26.3 (11.3.4160-46),1J0S770BJS0160181,Machine,Cosechadora S7/X9 Ultimate,A-S00633935,G5,No informado,,,,Activo,Vigente,Operations Center,Serie de máquina,PCG5CSC255928,A-S00633935
2026-10-07 00:00:00,2026-10-07 12:09:58.363968,20261007_120958_ba31ab,,355244,ELORZA MARCELO Y JOSE MARIA SRL,7M230,1J07230CLR3000189,7M 230,Tractor,Receptores de posición,SF7000,PCS17UB254594,6.60T,PCS17UB254594,Receptor de posición,SF-RTK,A-S00628783,SF7000,No informado,2025-11-08 00:00:00,2026-11-10 00:00:00,34.0,Activo,Vence en 60 días,Operations Center,Serie de receptor,PCS17UB254594,A-S00628783
2026-10-07 00:00:00,2026-10-07 12:09:58.363968,20261007_120958_ba31ab,SINSACATE,307486,PAGLIALUNGA GUSTAVO ANTONIO,,,,,Receptor de posición,SF7500,,,PCS75UA252412,Receptor de posición,SF-RTK,A-S00637344,Otra,No informado,,,,Activo,Vigente,Operations Center,No encontrado,PCS75UA252412,A-S00637344
2026-10-07 00:00:00,2026-10-07 12:09:58.363968,20261007_120958_ba31ab,SINSACATE,307486,PAGLIALUNGA GUSTAVO ANTONIO,Tractor 8245R Paglialunga,1BM8245RCKS100065,8245R,Tractor,Receptores de posición,SF7500,PCS75UA244289,2.40P,PCS75UA244289,Receptor de posición,SF-RTK,A-S00643195,SF7500,No informado,2025-10-21 00:00:00,2026-10-22 00:00:00,15.0,Activo,Vence en 30 días,Operations Center,Serie de receptor,PCS75UA244289,A-S00643195
2026-10-07 00:00:00,2026-10-07 12:09:58.363968,20261007_120958_ba31ab,SINSACATE,307486,PAGLIALUNGA GUSTAVO ANTONIO,1BM7210JCB0000046,1BM7210JCB0000046,7210J,Tractor,Monitor,G5 Universal,PCG5MUB186807,25.3 (10.32.3817-138),PCG5MUB186807,Monitor,Renovable esencial,A-S00644119,G5,No informado,2025-11-17 00:00:00,2026-11-19 00:00:00,43.0,Activo,Vence en 60 días,Operations Center,Serie de monitor,PCG5MUB186807,A-S00644119
2026-10-07 00:00:00,2026-10-07 12:09:58.363968,20261007_120958_ba31ab,SINSACATE,276591,RIZZI ALBANO CESAR,s770,1J0S770BPR0155117,S770,Cosechadora,Monitor,G5 CommandCenter,PCG5CSB180876,25.3 (10.32.3817-94),1J0S770BPR0155117,Machine,G5 Advanced - Cosechadora,A-S00631400,G5,No informado,,,,Activo,Vigente,Operations Center,Serie de máquina,PCG5CSB180876,A-S00631400
2026-10-07 00:00:00,2026-10-07 12:09:58.363968,20261007_120958_ba31ab,SINSACATE,276591,RIZZI ALBANO CESAR,7230J RIZZI,1J07230JVPD000650,7230J,Tractor,Receptores de posición,SF7500,PCS75UA158887,2.30J,PCS75UA158887,Receptor de posición,SF-RTK,A-S00632095,SF7500,No informado,,,,Activo,Vigente,Operations Center,Serie de receptor,PCS75UA158887,A-S00632095
2026-10-07 00:00:00,2026-10-07 12:09:58.363968,20261007_120958_ba31ab,SINSACATE,413239,DE GIORGIO VICTOR HUGO,1BM8270RARS101352,1BM8270RARS101352,8270R,Tractor,Receptores de posición,SF7500,PCS75UA128287,2.70F,PCS75UA128287,Receptor de posición,SF-RTK,A-S00624846,SF7500,No informado,2025-10-17 00:00:00,2026-10-19 00:00:00,12.0,Activo,Vence en 30 días,Operations Center,Serie de receptor,PCS75UA128287,A-S00624846
2026-10-07 00:00:00,2026-10-07 12:09:58.363968,20261007_120958_ba31ab,SINSACATE,413239,DE GIORGIO VICTOR HUGO,1BM8270RARS101352,1BM8270RARS101352,8270R,Tractor,Monitor,G5 CommandCenter,PCG5CSB160397,26.3 (11.3.4160-40),1BM8270RARS101352,Machine,G5 Advanced - Tractor de la serie 7/8/9,A-S00629452,G5,No informado,2025-10-17 00:00:00,2026-10-19 00:00:00,12.0,Activo,Vence en 30 días,Operations Center,Serie de máquina,PCG5CSB160397,A-S00629452
2026-10-07 00:00:00,2026-10-07 12:09:58.363968,20261007_120958_ba31ab,SINSACATE,413239,DE GIORGIO VICTOR HUGO,CQ7500A015474,CQ7500A015474,7500,Tractor,Monitor,G5Plus Universal,PCG5PUB186180,24-2 (10.29.3422-90),PCG5PUB186180,Monitor,Renovable avanzada,A-S00629745,G5,No informado,,2026-11-18 00:00:00,42.0,Activo,Vence en 60 días,Operations Center,Serie de monitor,PCG5PUB186180,A-S00629745
2026-10-07 00:00:00,2026-10-07 12:09:58.363968,20261007_120958_ba31ab,SINSACATE,413239,DE GIORGIO VICTOR HUGO,1NW4030MTTF251101,1NW4030MTTF251101,M4030,Pulverizadora,Monitor,G5 CommandCenter,PCG5CSC245162,26.3 (11.3.4160-40),1NW4030MTTF251101,Machine,G5 Advanced - Aplicación autopropulsada,A-S00661989,G5,No informado,,,,Activo,Vigente,Operations Center,Serie de máquina,PCG5CSC245162,A-S00661989
2026-10-07 00:00:00,2026-10-07 12:09:58.363968,20261007_120958_ba31ab,SINSACATE,413239,DE GIORGIO VICTOR HUGO,1NW4030MTTF251101,1NW4030MTTF251101,M4030,Pulverizadora,Receptores de posición,SF7500,PCS75UA281018,2.50F,PCS75UA281018,Receptor de posición,SF-RTK,A-S00690677,SF7500,No informado,,,,Activo,Vigente,Operations Center,Serie de receptor,PCS75UA281018,A-S00690677
2026-10-07 00:00:00,2026-10-07 12:09:58.363968,20261007_120958_ba31ab,CORDOBA,428415,Martin Harte,1BM6135MHS3000590,1BM6135MHS3000590,6135M MONTENEGRO,Tractor,Receptores de posición,SF7500,PCS75UA244594,2.40P,PCS75UA244594,Receptor de posición,SF-RTK,A-S00625457,SF7500,No informado,2026-03-26 00:00:00,2027-03-28 00:00:00,172.0,Activo,Vigente,Operations Center,Serie de receptor,PCS75UA244594,A-S00625457
2026-10-07 00:00:00,2026-10-07 12:09:58.363968,20261007_120958_ba31ab,CORDOBA,428415,Martin Harte,1BM6135MHS3000590,1BM6135MHS3000590,6135M MONTENEGRO,Tractor,Monitor,G5 Universal,PCG5MUB187784,25.2 (10.31.3676-103),PCG5MUB187784,Monitor,Renovable esencial,A-S00632927,G5,No informado,2025-10-29 00:00:00,2026-10-31 00:00:00,24.0,Activo,Vence en 30 días,Operations Center,Serie de monitor,PCG5MUB187784,A-S00632927
2026-10-07 00:00:00,2026-10-07 12:09:58.363968,20261007_120958_ba31ab,CORDOBA,444715,MARINOZZI LUCAS MARTIN,1J07230JKND000625,1J07230JKND000625,7230J,Tractor,Monitor,G5 Universal,PCG5MUB169951,25.2 (10.31.3676-103),PCG5MUB169951,Monitor,Renovable avanzada,A-S00626882,G5,No informado,2025-07-06 00:00:00,2026-07-08 00:00:00,-91.0,Vencido,Vencida,Operations Center,Serie de monitor,PCG5MUB169951,A-S00626882
2026-10-07 00:00:00,2026-10-07 12:09:58.363968,20261007_120958_ba31ab,CORDOBA,444715,MARINOZZI LUCAS MARTIN,,,,,Receptor de posición,SF7500,,,PCS75UA120277,Receptor de posición,SF-RTK,A-S00644089,Otra,No informado,2025-09-25 00:00:00,2026-09-27 00:00:00,-10.0,Vencido,Vencida,Operations Center,No encontrado,PCS75UA120277,A-S00644089
2026-10-07 00:00:00,2026-10-07 12:09:58.363968,20261007_120958_ba31ab,CORDOBA,444715,MARINOZZI LUCAS MARTIN,1J0S780BVS0160156,1J0S780BVS0160156,S7 800,Cosechadora,Monitor,G5 CommandCenter,PCG5CSC261374,26.3 (11.3.4160-52),1J0S780BVS0160156,Machine,Cosechadora S7/X9 Ultimate,A-S00689033,G5,No informado,2026-09-01 00:00:00,2029-09-01 00:00:00,1060.0,Activo,Vigente,Operations Center,Serie de máquina,PCG5CSC261374,A-S00689033
2026-10-07 00:00:00,2026-10-07 12:09:58.363968,20261007_120958_ba31ab,CORDOBA,444715,MARINOZZI LUCAS MARTIN,1J0S780BVS0160156,1J0S780BVS0160156,S7 800,Cosechadora,Receptores de posición,SF7500 Integrated,PCG75FA251863,2.50F,PCG75FA251863,Receptor de posición,SF-RTK,A-S00689034,SF7500,No informado,2026-09-01 00:00:00,2029-09-01 00:00:00,1060.0,Activo,Vigente,Operations Center,Serie de receptor,PCG75FA251863,A-S00689034
2026-10-07 00:00:00,2026-10-07 12:09:58.363968,20261007_120958_ba31ab,ARROYITO,418068,visconti,Visconti,1Z08500YKHF516569,8500,Cosechadora de forraje,Monitor,G5Plus Universal,PCG5PUB190590,25.2 (10.31.3676-103),PCG5PUB190590,Monitor,Renovable avanzada,A-S00629232,G5,No informado,,,,Vencido,Vencida,Operations Center,Serie de monitor,PCG5PUB190590,A-S00629232
2026-10-07 00:00:00,2026-10-07 12:09:58.363968,20261007_120958_ba31ab,ARROYITO,418068,visconti,Visconti,1Z08500YKHF516569,8500,Cosechadora de forraje,Monitor,G5Plus Universal,PCG5PUB190590,25.2 (10.31.3676-103),PCG5PUB190590,Monitor,Renovable esencial,A-S00689187,G5,No informado,,,,Activo,Vigente,Operations Center,Serie de monitor,PCG5PUB190590,A-S00689187
2026-10-07 00:00:00,2026-10-07 12:09:58.363968,20261007_120958_ba31ab,PILAR,445522,Don Nardo SA,7230M,1J07230CHR3000128,7M 230,Tractor,Receptores de posición,SF7000,PCS17UB234023,6.80C,PCS17UB234023,Receptor de posición,SF-RTK,A-S00635461,SF7000,No informado,2025-09-11 00:00:00,2026-09-13 00:00:00,-24.0,Vencido,Vencida,Operations Center,Serie de receptor,PCS17UB234023,A-S00635461
2026-10-07 00:00:00,2026-10-07 12:09:58.363968,20261007_120958_ba31ab,ARROYITO,283803,EL CRICHO S.R.L,7J 215 | 1,1BM7215JCHH000218,7215J,Tractor,Receptores de posición,SF7500,PCS75UA143498,2.30J,PCS75UA143498,Receptor de posición,SF-RTK,A-S00631177,SF7500,No informado,2026-09-10 00:00:00,2027-09-10 00:00:00,338.0,Activo,Vigente,Operations Center,Serie de receptor,PCS75UA143498,A-S00631177
2026-10-07 00:00:00,2026-10-07 12:09:58.363968,20261007_120958_ba31ab,ARROYITO,283803,EL CRICHO S.R.L,7J 215 | 1,1BM7215JCHH000218,7215J,Tractor,Monitor,G5 Universal,PCG5MUB168352,25.2 (10.31.3676-98),PCG5MUB168352,Monitor,Renovable avanzada,A-S00637146,G5,No informado,2025-06-18 00:00:00,2026-06-20 00:00:00,-109.0,Vencido,Vencida,Operations Center,Serie de monitor,PCG5MUB168352,A-S00637146
2026-10-07 00:00:00,2026-10-07 12:09:58.363968,20261007_120958_ba31ab,ARROYITO,283803,EL CRICHO S.R.L,7J 215 | 1,1BM7215JCHH000218,7215J,Tractor,Monitor,G5 Universal,PCG5MUB168352,25.2 (10.31.3676-98),PCG5MUB168352,Monitor,Renovable esencial,A-S00658593,G5,No informado,2026-07-07 00:00:00,2027-07-08 00:00:00,274.0,Activo,Vigente,Operations Center,Serie de monitor,PCG5MUB168352,A-S00658593
2026-10-07 00:00:00,2026-10-07 12:09:58.363968,20261007_120958_ba31ab,PILAR,426894,LOSANO LUIS NICOLAS ,6170J LOSANO,1J06170JCRD600298,6170J,Tractor,Receptores de posición,SF7000,PCS17UB212736,6.75B,PCS17UB212736,Receptor de posición,SF-RTK,A-S00632202,SF7000,No informado,2025-09-15 00:00:00,2027-09-18 00:00:00,346.0,Activo,Vigente,Operations Center,Serie de receptor,PCS17UB212736,A-S00632202
2026-10-07 00:00:00,2026-10-07 12:09:58.363968,20261007_120958_ba31ab,PILAR,426894,LOSANO LUIS NICOLAS ,1J0S770BHT0165101,1J0S770BHT0165101,S7 700,Cosechadora,Receptores de posición,SF7500 Integrated,PCG75FA255463,2.50F,PCG75FA255463,Receptor de posición,SF-RTK,A-S00706855,SF7500,No informado,,,,No activado,No activada,Operations Center,Serie de receptor,PCG75FA255463,A-S00706855
2026-10-07 00:00:00,2026-10-07 12:09:58.363968,20261007_120958_ba31ab,PILAR,426894,LOSANO LUIS NICOLAS ,1J0S770BHT0165101,1J0S770BHT0165101,S7 700,Cosechadora,Monitor,G5 CommandCenter,PCG5CSC296093,26.3 (11.3.4160-65),1J0S770BHT0165101,Machine,G5 Advanced - Cosechadora,A-S00706860,G5,No informado,,,,No activado,No activada,Operations Center,Serie de máquina,PCG5CSC296093,A-S00706860
2026-10-07 00:00:00,2026-10-07 12:09:58.363968,20261007_120958_ba31ab,PILAR,426894,LOSANO LUIS NICOLAS ,,,,,Receptor de posición,SF7500,,,PCS75UA266627,Receptor de posición,SF-RTK,A-S00721086,Otra,No informado,2026-09-28 00:00:00,2027-09-29 00:00:00,357.0,Activo,Vigente,Operations Center,No encontrado,PCS75UA266627,A-S00721086
2026-10-07 00:00:00,2026-10-07 12:09:58.363968,20261007_120958_ba31ab,ARROYITO,359558,DOGLIANI ALEJANDRO JOSE,PLA 3600MD BT,1YE3600FPNA008297,3600,Pulverizadora,Receptores de posición,SF7500,PCS75UA274547,2.50F,PCS75UA274547,Receptor de posición,SF-RTK,A-S00633687,SF7500,No informado,2026-03-26 00:00:00,2027-03-28 00:00:00,172.0,Activo,Vigente,Operations Center,Serie de receptor,PCS75UA274547,A-S00633687
2026-10-07 00:00:00,2026-10-07 12:09:58.363968,20261007_120958_ba31ab,,415329,ADECO AGROPECUARIA,1BM8270RAJS100190_ADECOAGROP_R,1BM8270RAJS100190,8270R,Tractor,Receptores de posición,SF7500,PCS75UA180200,2.30J,PCS75UA180200,Receptor de posición,SF-RTK,A-S00637737,SF7500,No informado,,,,Vencido,Vencida,Operations Center,Serie de receptor,PCS75UA180200,A-S00637737
2026-10-07 00:00:00,2026-10-07 12:09:58.363968,20261007_120958_ba31ab,,415329,ADECO AGROPECUARIA,1BM8270RAJS100190_ADECOAGROP_R,1BM8270RAJS100190,8270R,Tractor,Receptores de posición,SF7500,PCS75UA180200,2.30J,PCS75UA180200,Receptor de posición,SF-RTK,A-S00685824,SF7500,No informado,,,,Activo,Vigente,Operations Center,Serie de receptor,PCS75UA180200,A-S00685824
2026-10-07 00:00:00,2026-10-07 12:09:58.363968,20261007_120958_ba31ab,ARROYITO,358684,PAIRETTI ROBERTO PABLO,1J07200JJPD000692,1J07200JJPD000692,7200J,Tractor,Receptores de posición,SF7000,PCS17UB203933,6.75B,PCS17UB203933,Receptor de posición,SF-RTK,A-S00638796,SF7000,No informado,,,,Vencido,Vencida,Operations Center,Serie de receptor,PCS17UB203933,A-S00638796
2026-10-07 00:00:00,2026-10-07 12:09:58.363968,20261007_120958_ba31ab,ARROYITO,358684,PAIRETTI ROBERTO PABLO,1J07200JJPD000692,1J07200JJPD000692,7200J,Tractor,Receptores de posición,SF7000,PCS17UB203933,6.75B,PCS17UB203933,Receptor de posición,SF-RTK,A-S00700982,SF7000,No informado,2026-09-07 00:00:00,2027-09-08 00:00:00,336.0,Activo,Vigente,Operations Center,Serie de receptor,PCS17UB203933,A-S00700982
2026-10-07 00:00:00,2026-10-07 12:09:58.363968,20261007_120958_ba31ab,SINSACATE,357319,AGROVERAZ,AGROVERAZ 8R  3471 57-6659,1BM8295RJHP100025,8295R,Tractor,Receptores de posición,SF7500,PCS75UA257405,2.50F,PCS75UA257405,Receptor de posición,SF-RTK,A-S00679266,SF7500,No informado,,,,Activo,Vigente,Operations Center,Serie de receptor,PCS75UA257405,A-S00679266
2026-10-07 00:00:00,2026-10-07 12:09:58.363968,20261007_120958_ba31ab,PILAR,358682,Monte Seco SA,8320R - MONTE SECO,1BM8320RETS101119,8320R,Tractor,Monitor,G5 CommandCenter,PCG5CSC275470,26.3 (11.3.4160-52),1BM8320RETS101119,Machine,G5 Advanced - Tractor de la serie 7/8/9,A-S00679464,G5,No informado,,,,Activo,Vigente,Operations Center,Serie de máquina,PCG5CSC275470,A-S00679464
2026-10-07 00:00:00,2026-10-07 12:09:58.363968,20261007_120958_ba31ab,SINSACATE,440793,BARTOLINI ALEJANDRO DANIEL,1NW4030MJTF251104,1NW4030MJTF251104,M4030,Pulverizadora,Monitor,G5 CommandCenter,PCG5CSC255719,26.3 (11.3.4160-52),1NW4030MJTF251104,Machine,G5 Advanced - Aplicación autopropulsada,A-S00686712,G5,No informado,2026-10-01 00:00:00,2027-10-03 00:00:00,361.0,Activo,Vigente,Operations Center,Serie de máquina,PCG5CSC255719,A-S00686712
2026-10-07 00:00:00,2026-10-07 12:09:58.363968,20261007_120958_ba31ab,,470501,ENTRE RIOS S.A.,1J07230JCPD000767,1J07230JCPD000767,7230J,Tractor,Receptores de posición,SF7000,PCS17UB211534,6.80C,PCS17UB211534,Receptor de posición,SF-RTK,A-S00614479,SF7000,No informado,2026-06-30 00:00:00,2027-06-30 00:00:00,266.0,Activo,Vigente,Operations Center,Serie de receptor,PCS17UB211534,A-S00614479
2026-10-07 00:00:00,2026-10-07 12:09:58.363968,20261007_120958_ba31ab,,470501,ENTRE RIOS S.A.,1NW4030MCRF250061,1NW4030MCRF250061,M4030,Pulverizadora,Monitor,G5 CommandCenter,PCG5CSB151152,26.3 (11.3.4160-52),1NW4030MCRF250061,Machine,G5 Advanced - Aplicación autopropulsada,A-S00615947,G5,No informado,2025-11-27 00:00:00,2026-06-30 00:00:00,-99.0,Cancelada,Cancelada,Operations Center,Serie de máquina,PCG5CSB151152,A-S00615947
2026-10-07 00:00:00,2026-10-07 12:09:58.363968,20261007_120958_ba31ab,,470501,ENTRE RIOS S.A.,,,,,,,,,,,Renovable esencial,A-S00622954,Otra,No informado,,,,Cancelada,Cancelada,Operations Center,Sin serie asignada,,A-S00622954
2026-10-07 00:00:00,2026-10-07 12:09:58.363968,20261007_120958_ba31ab,,470501,ENTRE RIOS S.A.,CQ6615A060061,CQ6615A060061,6615,Tractor,Monitor,G5 Universal,PCG5MUB176857,26.3 (11.3.4160-52),PCG5MUB176857,Monitor,Renovable esencial,A-S00640528,G5,No informado,,2026-06-30 00:00:00,-99.0,Cancelada,Cancelada,Operations Center,Serie de monitor,PCG5MUB176857,A-S00640528
2026-10-07 00:00:00,2026-10-07 12:09:58.363968,20261007_120958_ba31ab,,470501,ENTRE RIOS S.A.,,,,,Receptor de posición,SF7500,,,PCS75UA145687,Receptor de posición,SF-RTK,A-S00655105,Otra,No informado,2026-06-30 00:00:00,2027-07-01 00:00:00,267.0,Activo,Vigente,Operations Center,No encontrado,PCS75UA145687,A-S00655105
2026-10-07 00:00:00,2026-10-07 12:09:58.363968,20261007_120958_ba31ab,,470501,ENTRE RIOS S.A.,CQ6615A060061,CQ6615A060061,6615,Tractor,Monitor,G5 Universal,PCG5MUB176857,26.3 (11.3.4160-52),PCG5MUB176857,Monitor,Renovable esencial,A-S00655289,G5,No informado,2026-06-30 00:00:00,2027-07-01 00:00:00,267.0,Activo,Vigente,Operations Center,Serie de monitor,PCG5MUB176857,A-S00655289
2026-10-07 00:00:00,2026-10-07 12:09:58.363968,20261007_120958_ba31ab,,470501,ENTRE RIOS S.A.,1NW4030MCRF250061,1NW4030MCRF250061,M4030,Pulverizadora,Monitor,G5 CommandCenter,PCG5CSB151152,26.3 (11.3.4160-52),1NW4030MCRF250061,Machine,G5 Advanced - Aplicación autopropulsada,A-S00655505,G5,No informado,2026-06-30 00:00:00,2027-07-01 00:00:00,267.0,Activo,Vigente,Operations Center,Serie de máquina,PCG5CSB151152,A-S00655505
2026-10-07 00:00:00,2026-10-07 12:09:58.363968,20261007_120958_ba31ab,,470501,ENTRE RIOS S.A.,,,,,Receptor de posición,SF7500,,,PCS75UA250255,Receptor de posición,SF-RTK,A-S00680650,Otra,No informado,,,,Activo,Vigente,Operations Center,No encontrado,PCS75UA250255,A-S00680650
2026-10-07 00:00:00,2026-10-07 12:09:58.363968,20261007_120958_ba31ab,,470501,ENTRE RIOS S.A.,1J06145JCHD000153,1J06145JCHD000153,6145J,Tractor,Receptores de posición,SF7500,PCS75UA309969,2.50F,PCS75UA309969,Receptor de posición,SF-RTK,A-S00682343,SF7500,No informado,,,,Activo,Vigente,Operations Center,Serie de receptor,PCS75UA309969,A-S00682343
2026-10-07 00:00:00,2026-10-07 12:09:58.363968,20261007_120958_ba31ab,,470501,ENTRE RIOS S.A.,1J06145JCHD000153,1J06145JCHD000153,6145J,Tractor,Monitor,G5 Universal,PCG5MUB277408,26.3 (11.3.4160-52),PCG5MUB277408,Monitor,Renovable esencial,A-S00683861,G5,No informado,,,,Activo,Vigente,Operations Center,Serie de monitor,PCG5MUB277408,A-S00683861
2026-10-07 00:00:00,2026-10-07 12:09:58.363968,20261007_120958_ba31ab,CORDOBA,472229,GIACARDI GONZALO,Tractor 8345R,1BM8345RJRS101335,8345R,Tractor,Receptores de posición,SF7500,PCS75UA131685,2.22C,PCS75UA131685,Receptor de posición,SF-RTK,A-S00639629,SF7500,No informado,2025-11-19 00:00:00,2026-11-21 00:00:00,45.0,Activo,Vence en 60 días,Operations Center,Serie de receptor,PCS75UA131685,A-S00639629
2026-10-07 00:00:00,2026-10-07 12:09:58.363968,20261007_120958_ba31ab,PILAR,528873,Cravero Pedro ,S5 500 Pedro Cravero,1J0S550BCT0160140,S5 500,Cosechadora,Monitor,G5 CommandCenter,PCG5CSC258101,26.2 (11.2.4087-59),1J0S550BCT0160140,Machine,G5 Advanced - Cosechadora,A-S00614635,G5,No informado,,,,Activo,Vigente,Operations Center,Serie de máquina,PCG5CSC258101,A-S00614635
2026-10-07 00:00:00,2026-10-07 12:09:58.363968,20261007_120958_ba31ab,PILAR,528873,Cravero Pedro ,7M 230 Cravero Pedro,1J07230CAS3000486,7M 230,Tractor,Receptores de posición,SF7500,PCS75UA211048,2.30J,PCS75UA211048,Receptor de posición,SF-RTK,A-S00615696,SF7500,No informado,2025-09-08 00:00:00,2026-09-10 00:00:00,-27.0,Vencido,Vencida,Operations Center,Serie de receptor,PCS75UA211048,A-S00615696
2026-10-07 00:00:00,2026-10-07 12:09:58.363968,20261007_120958_ba31ab,PILAR,528873,Cravero Pedro ,7M 230 Cravero Pedro,1J07230CAS3000486,7M 230,Tractor,Monitor,G5 CommandCenter,PCG5CSC222554,25.4 (10.35.3817-13),1J07230CAS3000486,Machine,G5 Advanced - Tractor de la serie 7/8/9,A-S00639923,G5,No informado,2025-09-08 00:00:00,2026-09-10 00:00:00,-27.0,Vencido,Vencida,Operations Center,Serie de máquina,PCG5CSC222554,A-S00639923
2026-10-07 00:00:00,2026-10-07 12:09:58.363968,20261007_120958_ba31ab,PILAR,528873,Cravero Pedro ,7M 230 Cravero Pedro,1J07230CAS3000486,7M 230,Tractor,Receptores de posición,SF7500,PCS75UA211048,2.30J,PCS75UA211048,Receptor de posición,SF-RTK,A-S00713747,SF7500,No informado,2026-09-21 00:00:00,2027-09-22 00:00:00,350.0,Activo,Vigente,Operations Center,Serie de receptor,PCS75UA211048,A-S00713747
2026-10-07 00:00:00,2026-10-07 12:09:58.363968,20261007_120958_ba31ab,PILAR,528873,Cravero Pedro ,7M 230 Cravero Pedro,1J07230CAS3000486,7M 230,Tractor,Monitor,G5 CommandCenter,PCG5CSC222554,25.4 (10.35.3817-13),1J07230CAS3000486,Machine,G5 Advanced - Tractor de la serie 7/8/9,A-S00713760,G5,No informado,2026-09-21 00:00:00,2027-09-22 00:00:00,350.0,Activo,Vigente,Operations Center,Serie de máquina,PCG5CSC222554,A-S00713760
2026-10-07 00:00:00,2026-10-07 12:09:58.363968,20261007_120958_ba31ab,CORDOBA,509737,Mahuen SA,8345R Nva Esperanza,1BM8345RCRS101353,8345R,Tractor,Receptores de posición,SF7500,PCS75UA156553,2.40P,PCS75UA156553,Receptor de posición,SF-RTK,A-S00614821,SF7500,No informado,2025-11-30 00:00:00,,,Activo,Vigente,Operations Center,Serie de receptor,PCS75UA156553,A-S00614821
2026-10-07 00:00:00,2026-10-07 12:09:58.363968,20261007_120958_ba31ab,CORDOBA,509737,Mahuen SA,S7 900 Mahuen SA,1J0S790BCS0160140,S7 900,Cosechadora,Receptores de posición,SF7500 Integrated,PCG75FA262070,2.50F,PCG75FA262070,Receptor de posición,SF-RTK,A-S00615772,SF7500,No informado,2026-03-26 00:00:00,2029-03-28 00:00:00,903.0,Activo,Vigente,Operations Center,Serie de receptor,PCG75FA262070,A-S00615772
2026-10-07 00:00:00,2026-10-07 12:09:58.363968,20261007_120958_ba31ab,CORDOBA,509737,Mahuen SA,7M230 Mahuen y C&M,1J07230CLR3000287,7M 230,Tractor,Receptores de posición,SF7500,PCS75UA172423,2.30J,PCS75UA172423,Receptor de posición,SF-RTK,A-S00625952,SF7500,No informado,,2027-05-01 00:00:00,206.0,Activo,Vigente,Operations Center,Serie de receptor,PCS75UA172423,A-S00625952
2026-10-07 00:00:00,2026-10-07 12:09:58.363968,20261007_120958_ba31ab,CORDOBA,509737,Mahuen SA,S7 900 Mahuen SA,1J0S790BCS0160140,S7 900,Cosechadora,Monitor,G5 CommandCenter,PCG5CSC258445,26.3 (11.3.4160-52),1J0S790BCS0160140,Machine,Cosechadora S7/X9 Ultimate,A-S00638089,G5,No informado,2026-03-26 00:00:00,2029-03-28 00:00:00,903.0,Activo,Vigente,Operations Center,Serie de máquina,PCG5CSC258445,A-S00638089
2026-10-07 00:00:00,2026-10-07 12:09:58.363968,20261007_120958_ba31ab,CORDOBA,509737,Mahuen SA,7M230 Mahuen y C&M,1J07230CLR3000287,7M 230,Tractor,Monitor,G5 CommandCenter,PCG5CSB179768,25.2 (10.31.3676-98),1J07230CLR3000287,Machine,G5 Advanced - Tractor de la serie 7/8/9,A-S00673071,G5,No informado,2026-07-29 00:00:00,2027-07-30 00:00:00,296.0,Activo,Vigente,Operations Center,Serie de máquina,PCG5CSB179768,A-S00673071
2026-10-07 00:00:00,2026-10-07 12:09:58.363968,20261007_120958_ba31ab,SINSACATE,521300,SBIGLIO SA,1J0S790BCR0155103,1J0S790BCR0155103,S790,Cosechadora,Receptores de posición,SF7500,PCS75UA158877,2.50F,PCS75UA158877,Receptor de posición,SF-RTK,A-S00630684,SF7500,No informado,,2028-05-01 00:00:00,572.0,Activo,Vigente,Operations Center,Serie de receptor,PCS75UA158877,A-S00630684
2026-10-07 00:00:00,2026-10-07 12:09:58.363968,20261007_120958_ba31ab,SINSACATE,521300,SBIGLIO SA,1J0S790BCR0155103,1J0S790BCR0155103,S790,Cosechadora,Monitor,G5 CommandCenter,PCG5CSB182813,25.4 (10.35.3817-13),1J0S790BCR0155103,Machine,G5 Advanced - Cosechadora,A-S00642832,G5,No informado,,,,Activo,Vigente,Operations Center,Serie de máquina,PCG5CSB182813,A-S00642832
2026-10-07 00:00:00,2026-10-07 12:09:58.363968,20261007_120958_ba31ab,ARROYITO,449524,SILAJES SAS,1Z08600YCRF625485,1Z08600YCRF625485,8600,Cosechadora de forraje,Receptores de posición,SF7000,PCS17UB228268,6.80C,PCS17UB228268,Receptor de posición,SF-RTK,A-S00637794,SF7000,No informado,,,,Activo,Vigente,Operations Center,Serie de receptor,PCS17UB228268,A-S00637794
2026-10-07 00:00:00,2026-10-07 12:09:58.363968,20261007_120958_ba31ab,SANTA ROSA,446623,ESTABLECIMIENTO LEON COLGADO S.A.,Tractor 7M 230,1J07230CKR3000167,7M 230,Tractor,Receptores de posición,SF7000,PCS17UB245011,6.80C,PCS17UB245011,Receptor de posición,SF-RTK,A-S00635082,SF7000,No informado,2025-11-30 00:00:00,,,Activo,Vigente,Operations Center,Serie de receptor,PCS17UB245011,A-S00635082
2026-10-07 00:00:00,2026-10-07 12:09:58.363968,20261007_120958_ba31ab,SANTA ROSA,446623,ESTABLECIMIENTO LEON COLGADO S.A.,Tractor 7M 230,1J07230CKR3000167,7M 230,Tractor,Monitor,G5 CommandCenter,PCG5CSA110328,25.1 (10.30.3567-82),1J07230CKR3000167,Machine,G5 Advanced - Tractor de la serie 7/8/9,A-S00637035,G5,No informado,2025-11-30 00:00:00,,,Activo,Vigente,Operations Center,Serie de máquina,PCG5CSA110328,A-S00637035
2026-10-07 00:00:00,2026-10-07 12:09:58.363968,20261007_120958_ba31ab,,481101,Bonzi Claudio,S770,1J0S770BCR0155129,S770,Cosechadora,Monitor,G5 CommandCenter,PCG5CSB189724,25.1 (10.30.3567-82),1J0S770BCR0155129,Machine,G5 Advanced - Cosechadora,A-S00615571,G5,No informado,2025-02-19 00:00:00,2028-02-21 00:00:00,502.0,Activo,Vigente,Operations Center,Serie de máquina,PCG5CSB189724,A-S00615571
2026-10-07 00:00:00,2026-10-07 12:09:58.363968,20261007_120958_ba31ab,,481101,Bonzi Claudio,,,,,Receptor de posición,SF7500,,,PCS75UA158074,Receptor de posición,SF-RTK,A-S00636948,Otra,No informado,2025-02-19 00:00:00,2028-02-21 00:00:00,502.0,Activo,Vigente,Operations Center,No encontrado,PCS75UA158074,A-S00636948
2026-10-07 00:00:00,2026-10-07 12:09:58.363968,20261007_120958_ba31ab,,481101,Bonzi Claudio,8295R,1BM8295RKPS100567,8295R,Tractor,Receptores de posición,SF7000,PCS17UB172137,6.60T,PCS17UB172137,Receptor de posición,SF-RTK,A-S00641616,SF7000,No informado,,,,Activo,Vigente,Operations Center,Serie de receptor,PCS17UB172137,A-S00641616
2026-10-07 00:00:00,2026-10-07 12:09:58.363968,20261007_120958_ba31ab,,481101,Bonzi Claudio,,,,,Monitor,G5 Universal,,,PCG5MUB205570,Monitor,Renovable esencial,A-S00685897,Otra,No informado,2026-09-09 00:00:00,2027-09-10 00:00:00,338.0,Activo,Vigente,Operations Center,No encontrado,PCG5MUB205570,A-S00685897
2026-10-07 00:00:00,2026-10-07 12:09:58.363968,20261007_120958_ba31ab,CORDOBA,499663,LA TAJADA,6M 190,1BM6190MPS3001285,6190M,Tractor,Receptores de posición,SF7500,PCS75UA242693,2.50F,PCS75UA242693,Receptor de posición,SF-RTK,A-S00620674,SF7500,No informado,2026-05-11 00:00:00,2027-05-13 00:00:00,218.0,Activo,Vigente,Operations Center,Serie de receptor,PCS75UA242693,A-S00620674
2026-10-07 00:00:00,2026-10-07 12:09:58.363968,20261007_120958_ba31ab,CORDOBA,499663,LA TAJADA,7M 230,1J07230CTR3000134,7M 230,Tractor,Monitor,G5 CommandCenter,PCG5CSA121700,25.3 (10.32.3817-94),1J07230CTR3000134,Machine,G5 Advanced - Tractor de la serie 7/8/9,A-S00624631,G5,No informado,2025-07-30 00:00:00,,,Vencido,Vencida,Operations Center,Serie de máquina,PCG5CSA121700,A-S00624631
2026-10-07 00:00:00,2026-10-07 12:09:58.363968,20261007_120958_ba31ab,CORDOBA,499663,LA TAJADA,7225J,1BM7225JKC0000746,7225J,Tractor,Monitor,G5 Universal,PCG5MUB199299,25.4 (10.35.3817-13),PCG5MUB199299,Monitor,Renovable esencial,A-S00635927,G5,No informado,2026-05-31 00:00:00,2027-06-02 00:00:00,238.0,Activo,Vigente,Operations Center,Serie de monitor,PCG5MUB199299,A-S00635927
2026-10-07 00:00:00,2026-10-07 12:09:58.363968,20261007_120958_ba31ab,CORDOBA,499663,LA TAJADA,7M 230,1J07230CTR3000134,7M 230,Tractor,Receptores de posición,SF7000,PCS17UB235550,6.80C,PCS17UB235550,Receptor de posición,SF-RTK,A-S00640750,SF7000,No informado,2025-07-18 00:00:00,2026-07-20 00:00:00,-79.0,Vencido,Vencida,Operations Center,Serie de receptor,PCS17UB235550,A-S00640750
2026-10-07 00:00:00,2026-10-07 12:09:58.363968,20261007_120958_ba31ab,CORDOBA,499663,LA TAJADA,7M 230,1J07230CTR3000134,7M 230,Tractor,Receptores de posición,SF7000,PCS17UB235550,6.80C,PCS17UB235550,Receptor de posición,SF-RTK,A-S00694361,SF7000,No informado,,,,Activo,Vigente,Operations Center,Serie de receptor,PCS17UB235550,A-S00694361
2026-10-07 00:00:00,2026-10-07 12:09:58.363968,20261007_120958_ba31ab,CORDOBA,499663,LA TAJADA,7225J,1BM7225JKC0000746,7225J,Tractor,Receptores de posición,SF7500,PCS75UA282324,2.40P,PCS75UA282324,Receptor de posición,SF-RTK,A-S00694362,SF7500,No informado,,,,Activo,Vigente,Operations Center,Serie de receptor,PCS75UA282324,A-S00694362
2026-10-07 00:00:00,2026-10-07 12:09:58.363968,20261007_120958_ba31ab,PILAR,461298,DIANE LAWRENCE NICOLAS,1BM8400RETS102773,1BM8400RETS102773,8400R,Tractor,Receptores de posición,SF7500,PCS75UA242688,2.50F,PCS75UA242688,Receptor de posición,SF-RTK,A-S00619120,SF7500,No informado,2026-05-28 00:00:00,2027-05-30 00:00:00,235.0,Activo,Vigente,Operations Center,Serie de receptor,PCS75UA242688,A-S00619120
2026-10-07 00:00:00,2026-10-07 12:09:58.363968,20261007_120958_ba31ab,PILAR,461298,DIANE LAWRENCE NICOLAS,1BM8400RETS102773,1BM8400RETS102773,8400R,Tractor,Monitor,G5 CommandCenter,PCG5CSC263126,25.4 (10.35.3817-13),1BM8400RETS102773,Machine,G5 Advanced - Tractor de la serie 7/8/9,A-S00631501,G5,No informado,2026-05-28 00:00:00,2027-05-30 00:00:00,235.0,Activo,Vigente,Operations Center,Serie de máquina,PCG5CSC263126,A-S00631501
2026-10-07 00:00:00,2026-10-07 12:09:58.363968,20261007_120958_ba31ab,PILAR,461298,DIANE LAWRENCE NICOLAS,8400R Diane Lawrence,1BM8400RERS102359,8400R,Tractor,Receptores de posición,SF7500,PCS75UA174801,2.30J,PCS75UA174801,Receptor de posición,SF-RTK,A-S00710242,SF7500,No informado,2026-09-16 00:00:00,2027-09-17 00:00:00,345.0,Activo,Vigente,Operations Center,Serie de receptor,PCS75UA174801,A-S00710242
2026-10-07 00:00:00,2026-10-07 12:09:58.363968,20261007_120958_ba31ab,SINSACATE,473615,Rosatti Agropecuaria s.r.l ,John deere 8370R.,1BM8370RARS100957,8370R,Tractor,Monitor,G5 CommandCenter,PCG5CSB162167,26.3 (11.3.4160-52),1BM8370RARS100957,Machine,G5 Advanced - Tractor de la serie 7/8/9,A-S00623666,G5,No informado,2026-09-09 00:00:00,2027-09-09 00:00:00,337.0,Activo,Vigente,Operations Center,Serie de máquina,PCG5CSB162167,A-S00623666
2026-10-07 00:00:00,2026-10-07 12:09:58.363968,20261007_120958_ba31ab,SINSACATE,473615,Rosatti Agropecuaria s.r.l ,,,,,Receptor de posición,SF7500,,,PCS75UA156656,Receptor de posición,SF-RTK,A-S00628315,Otra,No informado,,,,Activo,Vigente,Operations Center,No encontrado,PCS75UA156656,A-S00628315
2026-10-07 00:00:00,2026-10-07 12:09:58.363968,20261007_120958_ba31ab,SINSACATE,473615,Rosatti Agropecuaria s.r.l ,,,,,Receptor de posición,SF7500,,,PCS75UA127047,Receptor de posición,SF-RTK,A-S00633542,Otra,No informado,2026-09-12 00:00:00,2027-09-12 00:00:00,340.0,Activo,Vigente,Operations Center,No encontrado,PCS75UA127047,A-S00633542
2026-10-07 00:00:00,2026-10-07 12:09:58.363968,20261007_120958_ba31ab,SINSACATE,473615,Rosatti Agropecuaria s.r.l ,John Deere 8320R.,1BM8320RKRS100924,8320R,Tractor,Monitor,G5 CommandCenter,PCG5CSA108542,26.3 (11.3.4160-52),1BM8320RKRS100924,Machine,G5 Advanced - Tractor de la serie 7/8/9,A-S00714127,G5,No informado,2026-09-21 00:00:00,2027-09-22 00:00:00,350.0,Activo,Vigente,Operations Center,Serie de máquina,PCG5CSA108542,A-S00714127
2026-10-07 00:00:00,2026-10-07 12:09:58.363968,20261007_120958_ba31ab,ARROYITO,458447,PICADO EL ARBOLITO ,JD 7M,1J07200CKS3000299,7M 200,Tractor,Monitor,G5 CommandCenter,PCG5CSC222236,25.2 (10.31.3676-103),1J07200CKS3000299,Machine,G5 Advanced - Tractor de la serie 7/8/9,A-S00627537,G5,No informado,,,,Vencido,Vencida,Operations Center,Serie de máquina,PCG5CSC222236,A-S00627537
2026-10-07 00:00:00,2026-10-07 12:09:58.363968,20261007_120958_ba31ab,ARROYITO,458447,PICADO EL ARBOLITO ,JD 7M,1J07200CKS3000299,7M 200,Tractor,Receptores de posición,SF7500,PCS75UA198938,2.30J,PCS75UA198938,Receptor de posición,SF-RTK,A-S00630705,SF7500,No informado,,,,Vencido,Vencida,Operations Center,Serie de receptor,PCS75UA198938,A-S00630705
2026-10-07 00:00:00,2026-10-07 12:09:58.363968,20261007_120958_ba31ab,ARROYITO,458447,PICADO EL ARBOLITO ,JD 7M,1J07200CKS3000299,7M 200,Tractor,Monitor,G5 CommandCenter,PCG5CSC222236,25.2 (10.31.3676-103),1J07200CKS3000299,Machine,G5 Advanced - Tractor de la serie 7/8/9,A-S00726780,G5,No informado,2026-10-04 00:00:00,2027-10-05 00:00:00,363.0,Activo,Vigente,Operations Center,Serie de máquina,PCG5CSC222236,A-S00726780
2026-10-07 00:00:00,2026-10-07 12:09:58.363968,20261007_120958_ba31ab,ARROYITO,446922,Nea,1J0S780BES0155142,1J0S780BES0155142,S780,Cosechadora,Monitor,G5 CommandCenter,PCG5CSB191984,25.2 (10.31.3676-103),1J0S780BES0155142,Machine,G5 Advanced - Cosechadora,A-S00637560,G5,No informado,,,,Activo,Vigente,Operations Center,Serie de máquina,PCG5CSB191984,A-S00637560
2026-10-07 00:00:00,2026-10-07 12:09:58.363968,20261007_120958_ba31ab,ARROYITO,473699,GIACONE DANIEL HUMBERTO,1NW4030MVSF250519,1NW4030MVSF250519,M4030,Pulverizadora,Monitor,G5 CommandCenter,PCG5CSB181315,25.4 (10.35.3817-13),1NW4030MVSF250519,Machine,G5 Advanced - Aplicación autopropulsada,A-S00623175,G5,No informado,2025-07-07 00:00:00,2028-07-09 00:00:00,641.0,Activo,Vigente,Operations Center,Serie de máquina,PCG5CSB181315,A-S00623175
2026-10-07 00:00:00,2026-10-07 12:09:58.363968,20261007_120958_ba31ab,ARROYITO,473699,GIACONE DANIEL HUMBERTO,1NW4030MVSF250519,1NW4030MVSF250519,M4030,Pulverizadora,Receptores de posición,SF7500,PCS75UA203196,2.50F,PCS75UA203196,Receptor de posición,SF-RTK,A-S00634487,SF7500,No informado,2026-07-09 00:00:00,2027-07-09 00:00:00,275.0,Activo,Vigente,Operations Center,Serie de receptor,PCS75UA203196,A-S00634487
2026-10-07 00:00:00,2026-10-07 12:09:58.363968,20261007_120958_ba31ab,ARROYITO,473699,GIACONE DANIEL HUMBERTO,1BM7195JCEH001270 2,1BM7195JCEH001270,7195J,Tractor,Monitor,G5 Universal,PCG5MUB276927,26.3 (11.3.4160-52),PCG5MUB276927,Monitor,Renovable esencial,A-S00684221,G5,No informado,,,,Activo,Vigente,Operations Center,Serie de monitor,PCG5MUB276927,A-S00684221
2026-10-07 00:00:00,2026-10-07 12:09:58.363968,20261007_120958_ba31ab,ARROYITO,473699,GIACONE DANIEL HUMBERTO,1BM7195JHC0000055 1,1BM7195JHC0000055,7195J,Tractor,Monitor,G5 Universal,PCG5MUB277988,26.3 (11.3.4160-40),PCG5MUB277988,Monitor,Renovable esencial,A-S00684237,G5,No informado,,,,Activo,Vigente,Operations Center,Serie de monitor,PCG5MUB277988,A-S00684237
2026-10-07 00:00:00,2026-10-07 12:09:58.363968,20261007_120958_ba31ab,ARROYITO,473699,GIACONE DANIEL HUMBERTO,,,,,Receptor de posición,SF7500,,,PCS75UA310711,Receptor de posición,SF-RTK,A-S00716528,Otra,No informado,2026-09-23 00:00:00,2027-09-24 00:00:00,352.0,Activo,Vigente,Operations Center,No encontrado,PCS75UA310711,A-S00716528
2026-10-07 00:00:00,2026-10-07 12:09:58.363968,20261007_120958_ba31ab,PILAR,489785,GUARDIANELLI SERVICIO AGROPECUARIOS,GUARDIANELLI S760 N°2,1J0S760BCS0155132,S760,Cosechadora,Monitor,G5 CommandCenter,PCG5CSB205023,25.3 (10.32.3817-138),1J0S760BCS0155132,Machine,G5 Advanced - Cosechadora,A-S00637077,G5,No informado,,,,Activo,Vigente,Operations Center,Serie de máquina,PCG5CSB205023,A-S00637077
2026-10-07 00:00:00,2026-10-07 12:09:58.363968,20261007_120958_ba31ab,PILAR,514111,TORTOSA DIEGO EMANUEL,7M 230 Tortosa,1J07230CPS3000593,7M 230,Tractor,Receptores de posición,SF7500,PCS75UA241657,2.50F,PCS75UA241657,Receptor de posición,SF-RTK,A-S00616792,SF7500,No informado,2026-05-04 00:00:00,2027-05-06 00:00:00,211.0,Activo,Vigente,Operations Center,Serie de receptor,PCS75UA241657,A-S00616792
2026-10-07 00:00:00,2026-10-07 12:09:58.363968,20261007_120958_ba31ab,PILAR,514111,TORTOSA DIEGO EMANUEL,7M 230 Tortosa,1J07230CPS3000593,7M 230,Tractor,Monitor,G5 CommandCenter,PCG5CSC222492,25.4 (10.35.3817-13),1J07230CPS3000593,Machine,G5 Advanced - Tractor de la serie 7/8/9,A-S00625510,G5,No informado,2026-05-04 00:00:00,2027-05-06 00:00:00,211.0,Activo,Vigente,Operations Center,Serie de máquina,PCG5CSC222492,A-S00625510
2026-10-07 00:00:00,2026-10-07 12:09:58.363968,20261007_120958_ba31ab,ARROYITO,469010,DON NELSON SRL (DEMARCHI),S770 DEMARCHI (5),1J0S770BPR0150158,S770,Cosechadora,Monitor,G5 CommandCenter,PCG5CSA119130,26.2 (11.2.4087-59),1J0S770BPR0150158,Machine,G5 Advanced - Cosechadora,A-S00616898,G5,No informado,2026-05-13 00:00:00,2029-05-15 00:00:00,951.0,Activo,Vigente,Operations Center,Serie de máquina,PCG5CSA119130,A-S00616898
2026-10-07 00:00:00,2026-10-07 12:09:58.363968,20261007_120958_ba31ab,ARROYITO,469010,DON NELSON SRL (DEMARCHI),S770 DEMARCHI (2),1J0S770BHS0155179,S770,Cosechadora,Monitor,G5 CommandCenter,PCG5CSB206467,26.2 (11.2.4087-59),1J0S770BHS0155179,Machine,G5 Advanced - Cosechadora,A-S00619891,G5,No informado,2025-09-14 00:00:00,2028-09-16 00:00:00,710.0,Activo,Vigente,Operations Center,Serie de máquina,PCG5CSB206467,A-S00619891
2026-10-07 00:00:00,2026-10-07 12:09:58.363968,20261007_120958_ba31ab,ARROYITO,469010,DON NELSON SRL (DEMARCHI),S770 DEMARCHI (2),1J0S770BHS0155179,S770,Cosechadora,Receptores de posición,SF7500,PCS75UA198600,2.40P,PCS75UA198600,Receptor de posición,SF-RTK,A-S00624984,SF7500,No informado,2025-09-14 00:00:00,2028-09-16 00:00:00,710.0,Activo,Vigente,Operations Center,Serie de receptor,PCS75UA198600,A-S00624984
2026-10-07 00:00:00,2026-10-07 12:09:58.363968,20261007_120958_ba31ab,,452135,Tapper Carlos,1J07215CVR3000137,1J07215CVR3000137,7M 215,Tractor,Monitor,G5 CommandCenter,PCG5CSA124510,25.2 (10.31.3676-103),1J07215CVR3000137,Machine,G5 Advanced - Tractor de la serie 7/8/9,A-S00617360,G5,No informado,2025-09-23 00:00:00,2026-09-25 00:00:00,-12.0,Vencido,Vencida,Operations Center,Serie de máquina,PCG5CSA124510,A-S00617360
2026-10-07 00:00:00,2026-10-07 12:09:58.363968,20261007_120958_ba31ab,,452135,Tapper Carlos,1J07215CVR3000137,1J07215CVR3000137,7M 215,Tractor,Receptores de posición,SF7000,PCS17UB242643,6.60T,PCS17UB242643,Receptor de posición,SF-RTK,A-S00637880,SF7000,No informado,2025-09-23 00:00:00,2026-09-25 00:00:00,-12.0,Vencido,Vencida,Operations Center,Serie de receptor,PCS17UB242643,A-S00637880
2026-10-07 00:00:00,2026-10-07 12:09:58.363968,20261007_120958_ba31ab,,452135,Tapper Carlos,1J07215CVR3000137,1J07215CVR3000137,7M 215,Tractor,Monitor,G5 CommandCenter,PCG5CSA124510,25.2 (10.31.3676-103),1J07215CVR3000137,Machine,G5 Advanced - Tractor de la serie 7/8/9,A-S00721373,G5,No informado,2026-09-28 00:00:00,2027-09-29 00:00:00,357.0,Activo,Vigente,Operations Center,Serie de máquina,PCG5CSA124510,A-S00721373
2026-10-07 00:00:00,2026-10-07 12:09:58.363968,20261007_120958_ba31ab,,452135,Tapper Carlos,1J07215CVR3000137,1J07215CVR3000137,7M 215,Tractor,Receptores de posición,SF7000,PCS17UB242643,6.60T,PCS17UB242643,Receptor de posición,SF-RTK,A-S00721374,SF7000,No informado,2026-09-28 00:00:00,2027-09-29 00:00:00,357.0,Activo,Vigente,Operations Center,Serie de receptor,PCS17UB242643,A-S00721374
2026-10-07 00:00:00,2026-10-07 12:09:58.363968,20261007_120958_ba31ab,SINSACATE,464356,AGROJAVA SRL ,Agrojava 215,1J0S770BKR0150145,S770,Cosechadora,Monitor,G5 CommandCenter,PCG5CSA117645,24-2 (10.29.3422-94),1J0S770BKR0150145,Machine,G5 Advanced - Cosechadora,A-S00617799,G5,No informado,2024-07-03 00:00:00,2027-07-05 00:00:00,271.0,Activo,Vigente,Operations Center,Serie de máquina,PCG5CSA117645,A-S00617799
2026-10-07 00:00:00,2026-10-07 12:09:58.363968,20261007_120958_ba31ab,SINSACATE,464356,AGROJAVA SRL ,Agrojava 212,1J0S770BER0150141,S770,Cosechadora,Monitor,G5 CommandCenter,PCG5CSA117172,24-1 (10.28.3314-79),1J0S770BER0150141,Machine,G5 Advanced - Cosechadora,A-S00624098,G5,No informado,2024-07-03 00:00:00,2027-07-05 00:00:00,271.0,Activo,Vigente,Operations Center,Serie de máquina,PCG5CSA117172,A-S00624098
2026-10-07 00:00:00,2026-10-07 12:09:58.363968,20261007_120958_ba31ab,SINSACATE,464356,AGROJAVA SRL ,Agrojava 209,1J0S770BCP0150137,S770,Cosechadora,Monitor,G5 CommandCenter,PCG5CSA116979,24-1 (10.28.3314-74),1J0S770BCP0150137,Machine,G5 Advanced - Cosechadora,A-S00626012,G5,No informado,2024-10-30 00:00:00,2027-11-01 00:00:00,390.0,Activo,Vigente,Operations Center,Serie de máquina,PCG5CSA116979,A-S00626012
2026-10-07 00:00:00,2026-10-07 12:09:58.363968,20261007_120958_ba31ab,CORDOBA,464713,Buratti Esteban y Lucas,1J0S790BPT0160143,1J0S790BPT0160143,S7 900,Cosechadora,Monitor,G5 CommandCenter,PCG5CSC264573,26.3 (11.3.4160-46),1J0S790BPT0160143,Machine,Cosechadora S7/X9 Ultimate,A-S00620941,G5,No informado,,,,Activo,Vigente,Operations Center,Serie de máquina,PCG5CSC264573,A-S00620941
2026-10-07 00:00:00,2026-10-07 12:09:58.363968,20261007_120958_ba31ab,CORDOBA,464713,Buratti Esteban y Lucas,1BM6170MLS3000618,1BM6170MLS3000618,6170M MONTENEGRO,Tractor,Monitor,G5 Universal,PCG5MUB188581,25.4 (10.35.3817-13),PCG5MUB188581,Monitor,Renovable esencial,A-S00622871,G5,No informado,2026-06-25 00:00:00,2027-06-25 00:00:00,261.0,Activo,Vigente,Operations Center,Serie de monitor,PCG5MUB188581,A-S00622871
2026-10-07 00:00:00,2026-10-07 12:09:58.363968,20261007_120958_ba31ab,CORDOBA,464713,Buratti Esteban y Lucas,1J0S790BPT0160143,1J0S790BPT0160143,S7 900,Cosechadora,Receptores de posición,SF7500 Integrated,PCG75FA255228,2.50F,PCG75FA255228,Receptor de posición,SF-RTK,A-S00624365,SF7500,No informado,,,,Activo,Vigente,Operations Center,Serie de receptor,PCG75FA255228,A-S00624365
2026-10-07 00:00:00,2026-10-07 12:09:58.363968,20261007_120958_ba31ab,PILAR,478769,Casa Xavi,1J0S780BCS0155157,1J0S780BCS0155157,S780,Cosechadora,Monitor,G5 CommandCenter,PCG5CSB206312,25.2 (10.31.3676-98),1J0S780BCS0155157,Machine,G5 Advanced - Cosechadora,A-S00618347,G5,No informado,2025-05-21 00:00:00,2028-05-23 00:00:00,594.0,Activo,Vigente,Operations Center,Serie de máquina,PCG5CSB206312,A-S00618347
2026-10-07 00:00:00,2026-10-07 12:09:58.363968,20261007_120958_ba31ab,PILAR,478769,Casa Xavi,1J0S780BCS0155157,1J0S780BCS0155157,S780,Cosechadora,Receptores de posición,SF7500,PCS75UA198750,2.30J,PCS75UA198750,Receptor de posición,SF-RTK,A-S00634029,SF7500,No informado,2025-05-21 00:00:00,2028-05-23 00:00:00,594.0,Activo,Vigente,Operations Center,Serie de receptor,PCS75UA198750,A-S00634029
2026-10-07 00:00:00,2026-10-07 12:09:58.363968,20261007_120958_ba31ab,CORDOBA,466137,Morielli,,,,,Receptor de posición,SF7000,,,PCS17UB239466,Receptor de posición,SF-RTK,A-S00627828,Otra,No informado,2025-10-22 00:00:00,2026-10-24 00:00:00,17.0,Activo,Vence en 30 días,Operations Center,No encontrado,PCS17UB239466,A-S00627828
2026-10-07 00:00:00,2026-10-07 12:09:58.363968,20261007_120958_ba31ab,PILAR,513310,MARIO Y CESAR SAMPAOLESSI SA,1J0S760BPP0150118,1J0S760BPP0150118,S760,Cosechadora,Monitor,G5 CommandCenter,PCG5CSA114539,25.1 (10.30.3567-82),1J0S760BPP0150118,Machine,G5 Advanced - Cosechadora,A-S00619299,G5,No informado,2024-11-05 00:00:00,2027-11-07 00:00:00,396.0,Activo,Vigente,Operations Center,Serie de máquina,PCG5CSA114539,A-S00619299
2026-10-07 00:00:00,2026-10-07 12:09:58.363968,20261007_120958_ba31ab,PILAR,513310,MARIO Y CESAR SAMPAOLESSI SA,,,,,Monitor,G5Plus Universal,,,PCG5PUB188981,Monitor,Renovable esencial,A-S00619583,Otra,No informado,2025-11-04 00:00:00,2026-11-06 00:00:00,30.0,Activo,Vence en 30 días,Operations Center,No encontrado,PCG5PUB188981,A-S00619583
2026-10-07 00:00:00,2026-10-07 12:09:58.363968,20261007_120958_ba31ab,PILAR,513310,MARIO Y CESAR SAMPAOLESSI SA,,,,,Receptor de posición,SF7500,,,PCS75UA201562,Receptor de posición,SF-RTK,A-S00627009,Otra,No informado,,,,Activo,Vigente,Operations Center,No encontrado,PCS75UA201562,A-S00627009
2026-10-07 00:00:00,2026-10-07 12:09:58.363968,20261007_120958_ba31ab,PILAR,513310,MARIO Y CESAR SAMPAOLESSI SA,,,,,Receptor de posición,SF7500,,,PCS75UA248487,Receptor de posición,SF-RTK,A-S00642155,Otra,No informado,2025-11-25 00:00:00,2026-11-27 00:00:00,51.0,Activo,Vence en 60 días,Operations Center,No encontrado,PCS75UA248487,A-S00642155
2026-10-07 00:00:00,2026-10-07 12:09:58.363968,20261007_120958_ba31ab,PILAR,513310,MARIO Y CESAR SAMPAOLESSI SA,1J0S760BPP0150118,1J0S760BPP0150118,S760,Cosechadora,Receptores de posición,SF7000,PCS17UB208159,6.80C,PCS17UB208159,Receptor de posición,SF-RTK,A-S00643675,SF7000,No informado,2024-11-05 00:00:00,2027-11-07 00:00:00,396.0,Activo,Vigente,Operations Center,Serie de receptor,PCS17UB208159,A-S00643675
2026-10-07 00:00:00,2026-10-07 12:09:58.363968,20261007_120958_ba31ab,ARROYITO,468911,AGUSTIN BALDINI,J 7215,1J07215CPS3000347,7M 215,Tractor,Monitor,G5 CommandCenter,PCG5CSC223565,25.4 (10.35.3817-13),1J07215CPS3000347,Machine,G5 Advanced - Tractor de la serie 7/8/9,A-S00619346,G5,No informado,2026-05-19 00:00:00,2027-05-21 00:00:00,226.0,Activo,Vigente,Operations Center,Serie de máquina,PCG5CSC223565,A-S00619346
2026-10-07 00:00:00,2026-10-07 12:09:58.363968,20261007_120958_ba31ab,ARROYITO,468911,AGUSTIN BALDINI,J 7215,1J07215CPS3000347,7M 215,Tractor,Receptores de posición,SF7500,PCS75UA312831,2.50F,PCS75UA312831,Receptor de posición,SF-RTK,A-S00623014,SF7500,No informado,2026-05-19 00:00:00,2027-05-21 00:00:00,226.0,Activo,Vigente,Operations Center,Serie de receptor,PCS75UA312831,A-S00623014
2026-10-07 00:00:00,2026-10-07 12:09:58.363968,20261007_120958_ba31ab,ARROYITO,452244,BAIMA ALBERTO AGUSTIN ,1BM8250RCRS000029,1BM8250RCRS000029,8250R,Tractor,Receptores de posición,SF7500,PCS75UA113008,2.22C,PCS75UA113008,Receptor de posición,SF-RTK,A-S00638290,SF7500,No informado,2026-10-06 00:00:00,2027-10-06 00:00:00,364.0,Activo,Vigente,Operations Center,Serie de receptor,PCS75UA113008,A-S00638290
2026-10-07 00:00:00,2026-10-07 12:09:58.363968,20261007_120958_ba31ab,SINSACATE,491313,JULIAN PERESSINI,7200M,1J07200CAS3000308,7M 200,Tractor,Monitor,G5 CommandCenter,PCG5CSC220937,25.3 (10.32.3817-138),1J07200CAS3000308,Machine,G5 Advanced - Tractor de la serie 7/8/9,A-S00628033,G5,No informado,,,,Activo,Vigente,Operations Center,Serie de máquina,PCG5CSC220937,A-S00628033
2026-10-07 00:00:00,2026-10-07 12:09:58.363968,20261007_120958_ba31ab,SINSACATE,491313,JULIAN PERESSINI,8270R,1BM8270RCLS100500,8270R,Tractor,Receptores de posición,SF7500,PCS75UA199892,2.70F,PCS75UA199892,Receptor de posición,SF-RTK,A-S00633124,SF7500,No informado,,,,Activo,Vigente,Operations Center,Serie de receptor,PCS75UA199892,A-S00633124
2026-10-07 00:00:00,2026-10-07 12:09:58.363968,20261007_120958_ba31ab,CORDOBA,445775,ROGELIO Y JAVIER GARINO,S7 700,1J0S770BPS0160131,S7 700,Cosechadora,Monitor,G5 CommandCenter,PCG5CSC242918,26.3 (11.3.4160-65),1J0S770BPS0160131,Machine,Cosechadora S7/X9 Ultimate,A-S00626210,G5,No informado,2025-11-17 00:00:00,2028-11-19 00:00:00,774.0,Activo,Vigente,Operations Center,Serie de máquina,PCG5CSC242918,A-S00626210
2026-10-07 00:00:00,2026-10-07 12:09:58.363968,20261007_120958_ba31ab,CORDOBA,445775,ROGELIO Y JAVIER GARINO,7215M Garino,1J07215CCS3000233,7M 215,Tractor,Monitor,G5 CommandCenter,PCG5CSB206421,26.3 (11.3.4160-52),1J07215CCS3000233,Machine,G5 Advanced - Tractor de la serie 7/8/9,A-S00630415,G5,No informado,,,,Vencido,Vencida,Operations Center,Serie de máquina,PCG5CSB206421,A-S00630415
2026-10-07 00:00:00,2026-10-07 12:09:58.363968,20261007_120958_ba31ab,CORDOBA,445775,ROGELIO Y JAVIER GARINO,S7 700,1J0S770BPS0160131,S7 700,Cosechadora,Receptores de posición,SF7500 Integrated,PCG75FA251761,2.50F,PCG75FA251761,Receptor de posición,SF-RTK,A-S00631604,SF7500,No informado,2025-11-17 00:00:00,2028-11-19 00:00:00,774.0,Activo,Vigente,Operations Center,Serie de receptor,PCG75FA251761,A-S00631604
2026-10-07 00:00:00,2026-10-07 12:09:58.363968,20261007_120958_ba31ab,CORDOBA,445775,ROGELIO Y JAVIER GARINO,7215M Garino,1J07215CCS3000233,7M 215,Tractor,Receptores de posición,SF7500,PCS75UA197996,2.30J,PCS75UA197996,Receptor de posición,SF-RTK,A-S00641702,SF7500,No informado,2025-09-08 00:00:00,2026-09-10 00:00:00,-27.0,Vencido,Vencida,Operations Center,Serie de receptor,PCS75UA197996,A-S00641702
2026-10-07 00:00:00,2026-10-07 12:09:58.363968,20261007_120958_ba31ab,CORDOBA,445775,ROGELIO Y JAVIER GARINO,7215M Garino,1J07215CCS3000233,7M 215,Tractor,Monitor,G5 CommandCenter,PCG5CSB206421,26.3 (11.3.4160-52),1J07215CCS3000233,Machine,G5 Advanced - Tractor de la serie 7/8/9,A-S00704983,G5,No informado,2026-09-10 00:00:00,2027-09-11 00:00:00,339.0,Activo,Vigente,Operations Center,Serie de máquina,PCG5CSB206421,A-S00704983
2026-10-07 00:00:00,2026-10-07 12:09:58.363968,20261007_120958_ba31ab,CORDOBA,445775,ROGELIO Y JAVIER GARINO,7215M Garino,1J07215CCS3000233,7M 215,Tractor,Receptores de posición,SF7500,PCS75UA197996,2.30J,PCS75UA197996,Receptor de posición,SF-RTK,A-S00704987,SF7500,No informado,2026-09-10 00:00:00,2027-09-11 00:00:00,339.0,Activo,Vigente,Operations Center,Serie de receptor,PCS75UA197996,A-S00704987
2026-10-07 00:00:00,2026-10-07 12:09:58.363968,20261007_120958_ba31ab,SANTA ROSA,479802,JENSEN CARLOS DARIO,Cosechadora S770-JENSEN,1CQS770AVR0155296,S770,Cosechadora,Receptores de posición,SF7500,PCS75UA181253,2.30J,PCS75UA181253,Receptor de posición,SF-RTK,A-S00635568,SF7500,No informado,2025-03-19 00:00:00,2028-03-21 00:00:00,531.0,Activo,Vigente,Operations Center,Serie de receptor,PCS75UA181253,A-S00635568
2026-10-07 00:00:00,2026-10-07 12:09:58.363968,20261007_120958_ba31ab,SANTA ROSA,479802,JENSEN CARLOS DARIO,Cosechadora S770-JENSEN,1CQS770AVR0155296,S770,Cosechadora,Monitor,G5 CommandCenter,PCG5CSB188246,25.1 (10.30.3567-82),1CQS770AVR0155296,Machine,G5 Advanced - Cosechadora,A-S00636998,G5,No informado,2025-03-19 00:00:00,2028-03-21 00:00:00,531.0,Activo,Vigente,Operations Center,Serie de máquina,PCG5CSB188246,A-S00636998
2026-10-07 00:00:00,2026-10-07 12:09:58.363968,20261007_120958_ba31ab,PILAR,450652,PAGAN HNOS,M4040,1NW4040MASF250348,M4040,Pulverizadora,Receptores de posición,SF7500,PCS75UA257901,2.30J,PCS75UA257901,Receptor de posición,SF-RTK,A-S00629313,SF7500,No informado,2026-05-13 00:00:00,2027-05-15 00:00:00,220.0,Activo,Vigente,Operations Center,Serie de receptor,PCS75UA257901,A-S00629313
2026-10-07 00:00:00,2026-10-07 12:09:58.363968,20261007_120958_ba31ab,PILAR,450652,PAGAN HNOS,M4040,1NW4040MASF250348,M4040,Pulverizadora,Monitor,G5 CommandCenter,PCG5CSC244372,26.3 (11.3.4160-52),1NW4040MASF250348,Machine,G5 Advanced - Aplicación autopropulsada,A-S00644850,G5,No informado,2026-05-13 00:00:00,2027-05-15 00:00:00,220.0,Activo,Vigente,Operations Center,Serie de máquina,PCG5CSC244372,A-S00644850
2026-10-07 00:00:00,2026-10-07 12:09:58.363968,20261007_120958_ba31ab,ARROYITO,512821,EL HORNERO SA,7230M EHSA,1J07230CCR3000102,7M 230,Tractor,Receptores de posición,SF7000,PCS17UB225120,6.80C,PCS17UB225120,Receptor de posición,SF-RTK,A-S00638345,SF7000,No informado,2025-11-13 00:00:00,2026-11-15 00:00:00,39.0,Activo,Vence en 60 días,Operations Center,Serie de receptor,PCS17UB225120,A-S00638345
2026-10-07 00:00:00,2026-10-07 12:09:58.363968,20261007_120958_ba31ab,,472248,La Laica SRL,8320R La Laica,1BM8320RCSS101077,8320R,Tractor,Receptores de posición,SF7500,PCS75UA248319,2.50F,PCS75UA248319,Receptor de posición,SF-RTK,A-S00629233,SF7500,No informado,2026-05-14 00:00:00,2027-05-16 00:00:00,221.0,Activo,Vigente,Operations Center,Serie de receptor,PCS75UA248319,A-S00629233
2026-10-07 00:00:00,2026-10-07 12:09:58.363968,20261007_120958_ba31ab,,472248,La Laica SRL,S7 900 La Laica SRL,1J0S790BKS0160126,S7 900,Cosechadora,Monitor,G5 CommandCenter,PCG5CSB192044,25.3 (10.32.3817-138),1J0S790BKS0160126,Machine,Cosechadora S7/X9 Ultimate,A-S00631832,G5,No informado,2026-02-01 00:00:00,2029-02-03 00:00:00,850.0,Activo,Vigente,Operations Center,Serie de máquina,PCG5CSB192044,A-S00631832
2026-10-07 00:00:00,2026-10-07 12:09:58.363968,20261007_120958_ba31ab,,472248,La Laica SRL,S7 900 La Laica SRL,1J0S790BKS0160126,S7 900,Cosechadora,Receptores de posición,SF7500 Integrated,PCG75FA251006,2.40P,PCG75FA251006,Receptor de posición,SF-RTK,A-S00632037,SF7500,No informado,2026-03-26 00:00:00,2029-03-28 00:00:00,903.0,Activo,Vigente,Operations Center,Serie de receptor,PCG75FA251006,A-S00632037
2026-10-07 00:00:00,2026-10-07 12:09:58.363968,20261007_120958_ba31ab,,472248,La Laica SRL,8320R La Laica,1BM8320RCSS101077,8320R,Tractor,Monitor,G5 CommandCenter,PCG5CSC244999,25.4 (10.35.3817-13),1BM8320RCSS101077,Machine,G5 Advanced - Tractor de la serie 7/8/9,A-S00644896,G5,No informado,2026-05-14 00:00:00,2027-05-16 00:00:00,221.0,Activo,Vigente,Operations Center,Serie de máquina,PCG5CSC244999,A-S00644896
2026-10-07 00:00:00,2026-10-07 12:09:58.363968,20261007_120958_ba31ab,ARROYITO,446809,AGRO GPV SRL,S770 AGRO GPV,1J0S770BLS0155214,S770,Cosechadora,Monitor,G5 CommandCenter,PCG5CSB207170,25.3 (10.32.3817-138),1J0S770BLS0155214,Machine,G5 Advanced - Cosechadora,A-S00640856,G5,No informado,2025-06-16 00:00:00,2028-06-18 00:00:00,620.0,Activo,Vigente,Operations Center,Serie de máquina,PCG5CSB207170,A-S00640856
2026-10-07 00:00:00,2026-10-07 12:09:58.363968,20261007_120958_ba31ab,PILAR,450932,SE Y CE SAS,9650 M2,CQ9650A070295,9650 STS,Cosechadora,Monitor,G5Plus Universal,PCG5PUB249092,25.2 (10.31.3676-103),PCG5PUB249092,Monitor,Renovable esencial,A-S00625405,G5,No informado,2025-11-17 00:00:00,2026-11-19 00:00:00,43.0,Activo,Vence en 60 días,Operations Center,Serie de monitor,PCG5PUB249092,A-S00625405
2026-10-07 00:00:00,2026-10-07 12:09:58.363968,20261007_120958_ba31ab,SINSACATE,516546,PROSDOCIMO PD Y PROSDOCIMO GA SH,9750 Prosdocimo,CQ9750A070074,9750 STS,Cosechadora,Monitor,G5Plus Universal,PCG5PUB188433,25.4 (10.35.3817-13),PCG5PUB188433,Monitor,Renovable esencial,A-S00638285,G5,No informado,2026-03-30 00:00:00,,,Activo,Vigente,Operations Center,Serie de monitor,PCG5PUB188433,A-S00638285
2026-10-07 00:00:00,2026-10-07 12:09:58.363968,20261007_120958_ba31ab,CORDOBA,480120,GRUPO DEL SUR SRL,8400R - Grupo Del Sur,1BM8400RPSS102467,8400R,Tractor,Receptores de posición,SF7500,PCS75UA213725,2.30J,PCS75UA213725,Receptor de posición,SF-RTK,A-S00628236,SF7500,No informado,2025-10-30 00:00:00,2026-11-01 00:00:00,25.0,Activo,Vence en 30 días,Operations Center,Serie de receptor,PCS75UA213725,A-S00628236
2026-10-07 00:00:00,2026-10-07 12:09:58.363968,20261007_120958_ba31ab,CORDOBA,480120,GRUPO DEL SUR SRL,8400R - Grupo Del Sur,1BM8400RPSS102467,8400R,Tractor,Monitor,G5 CommandCenter,PCG5CSC225391,25.3 (10.32.3817-94),1BM8400RPSS102467,Machine,G5 Advanced - Tractor de la serie 7/8/9,A-S00632835,G5,No informado,2025-10-30 00:00:00,2026-11-01 00:00:00,25.0,Activo,Vence en 30 días,Operations Center,Serie de máquina,PCG5CSC225391,A-S00632835
2026-10-07 00:00:00,2026-10-07 12:09:58.363968,20261007_120958_ba31ab,ARROYITO,447056,AGROPECUARIA MONTELARGO SA,JD 7M200 n4,1J07200CCR3000177,7M 200,Tractor,Monitor,G5 CommandCenter,PCG5CSB160406,25.3 (10.32.3817-138),1J07200CCR3000177,Machine,G5 Advanced - Tractor de la serie 7/8/9,A-S00636105,G5,No informado,,,,Activo,Vigente,Operations Center,Serie de máquina,PCG5CSB160406,A-S00636105
2026-10-07 00:00:00,2026-10-07 12:09:58.363968,20261007_120958_ba31ab,ARROYITO,447056,AGROPECUARIA MONTELARGO SA,JD 7M200 n4,1J07200CCR3000177,7M 200,Tractor,Receptores de posición,SF7500,PCS75UA154789,2.40P,PCS75UA154789,Receptor de posición,SF-RTK,A-S00640670,SF7500,No informado,,,,Activo,Vigente,Operations Center,Serie de receptor,PCS75UA154789,A-S00640670
2026-10-07 00:00:00,2026-10-07 12:09:58.363968,20261007_120958_ba31ab,SINSACATE,457153,MARCELODOMINGUEZ,,,,,Receptor de posición,SF7000,,,PCS17UB207935,Receptor de posición,SF-RTK,A-S00645165,Otra,No informado,2025-09-05 00:00:00,2026-09-07 00:00:00,-30.0,Vencido,Vencida,Operations Center,No encontrado,PCS17UB207935,A-S00645165
2026-10-07 00:00:00,2026-10-07 12:09:58.363968,20261007_120958_ba31ab,SINSACATE,457153,MARCELODOMINGUEZ,,,,,Receptor de posición,SF7000,,,PCS17UB207935,Receptor de posición,SF-RTK,A-S00711712,Otra,No informado,2026-09-17 00:00:00,2027-09-18 00:00:00,346.0,Activo,Vigente,Operations Center,No encontrado,PCS17UB207935,A-S00711712
2026-10-07 00:00:00,2026-10-07 12:09:58.363968,20261007_120958_ba31ab,,446513,LOS FRESNOS,J 7215,1J07215CJS3000240,7M 215,Tractor,Receptores de posición,SF7500,PCS75UA171986,2.50F,PCS75UA171986,Receptor de posición,SF-RTK,A-S00672187,SF7500,No informado,2026-07-28 00:00:00,2027-07-30 00:00:00,296.0,Activo,Vigente,Operations Center,Serie de receptor,PCS75UA171986,A-S00672187
2026-10-07 00:00:00,2026-10-07 12:09:58.363968,20261007_120958_ba31ab,,446513,LOS FRESNOS,J 7215,1J07215CJS3000240,7M 215,Tractor,Monitor,G5 CommandCenter,PCG5CSA121576,26.3 (11.3.4160-40),1J07215CJS3000240,Machine,G5 Advanced - Tractor de la serie 7/8/9,A-S00672188,G5,No informado,2026-07-28 00:00:00,2027-07-30 00:00:00,296.0,Activo,Vigente,Operations Center,Serie de máquina,PCG5CSA121576,A-S00672188
2026-10-07 00:00:00,2026-10-07 12:09:58.363968,20261007_120958_ba31ab,SINSACATE,482272,PROSDOCIMO SERGIO ALEJANDRO,1J07215CHS3000245,1J07215CHS3000245,7M 215,Tractor,Receptores de posición,SF7500,PCS75UA181400,2.50F,PCS75UA181400,Receptor de posición,SF-RTK,A-S00705248,SF7500,No informado,2026-09-14 00:00:00,2027-09-16 00:00:00,344.0,Activo,Vigente,Operations Center,Serie de receptor,PCS75UA181400,A-S00705248
2026-10-07 00:00:00,2026-10-07 12:09:58.363968,20261007_120958_ba31ab,SINSACATE,482272,PROSDOCIMO SERGIO ALEJANDRO,1J07215CHS3000245,1J07215CHS3000245,7M 215,Tractor,Monitor,G5 CommandCenter,PCG5CSB206103,26.3 (11.3.4160-52),1J07215CHS3000245,Machine,G5 Advanced - Tractor de la serie 7/8/9,A-S00705251,G5,No informado,2026-09-14 00:00:00,2027-09-16 00:00:00,344.0,Activo,Vigente,Operations Center,Serie de máquina,PCG5CSB206103,A-S00705251
2026-10-07 00:00:00,2026-10-07 12:09:58.363968,20261007_120958_ba31ab,PILAR,546739,AGROSERVICIOS BRUNETTI,S770 Brunetti (N°4) - Mauro,1J0S770BTP0150124,S770,Cosechadora,Monitor,G5 CommandCenter,PCG5CSA108976,25.4 (10.35.3817-13),1J0S770BTP0150124,Machine,G5 Advanced - Cosechadora,A-S00614529,G5,No informado,2026-02-19 00:00:00,2026-06-16 00:00:00,-113.0,Cancelada,Cancelada,Operations Center,Serie de máquina,PCG5CSA108976,A-S00614529
2026-10-07 00:00:00,2026-10-07 12:09:58.363968,20261007_120958_ba31ab,PILAR,546739,AGROSERVICIOS BRUNETTI,S770 Brunetti (N°3) - Franco,1J0S770BVS0155209,S770,Cosechadora,Monitor,G5 CommandCenter,PCG5CSB206802,26.3 (11.3.4160-40),1J0S770BVS0155209,Machine,G5 Advanced - Cosechadora,A-S00617425,G5,No informado,2025-09-02 00:00:00,2028-09-04 00:00:00,698.0,Activo,Vigente,Operations Center,Serie de máquina,PCG5CSB206802,A-S00617425
2026-10-07 00:00:00,2026-10-07 12:09:58.363968,20261007_120958_ba31ab,PILAR,546739,AGROSERVICIOS BRUNETTI,S770 Brunetti (N°4) - Mauro,1J0S770BTP0150124,S770,Cosechadora,Monitor,G5 CommandCenter,PCG5CSA108976,25.4 (10.35.3817-13),1J0S770BTP0150124,Machine,G5 Advanced - Cosechadora - Demostración,A-S00632204,G5,No informado,2026-05-28 00:00:00,2026-06-30 00:00:00,-99.0,Vencido,Vencida,Operations Center,Serie de máquina,PCG5CSA108976,A-S00632204
2026-10-07 00:00:00,2026-10-07 12:09:58.363968,20261007_120958_ba31ab,PILAR,546739,AGROSERVICIOS BRUNETTI,S770 Brunetti (N°2) - Tomas,1J0S770BCR0150147,S770,Cosechadora,Monitor,G5 CommandCenter,PCG5CSA117849,26.3 (11.3.4160-40),1J0S770BCR0150147,Machine,G5 Advanced - Cosechadora,A-S00640828,G5,No informado,2024-09-02 00:00:00,2027-09-04 00:00:00,332.0,Activo,Vigente,Operations Center,Serie de máquina,PCG5CSA117849,A-S00640828
2026-10-07 00:00:00,2026-10-07 12:09:58.363968,20261007_120958_ba31ab,CORDOBA,597057,CAMPOS EL EXODO SA,8295R - CAMPOS EL EXODO S.A,1BM8295RESS100667,8295R,Tractor,Receptores de posición,SF7500,PCS75UA252023,2.40P,PCS75UA252023,Receptor de posición,SF-RTK,A-S00619681,SF7500,No informado,2026-05-19 00:00:00,2027-05-21 00:00:00,226.0,Activo,Vigente,Operations Center,Serie de receptor,PCS75UA252023,A-S00619681
2026-10-07 00:00:00,2026-10-07 12:09:58.363968,20261007_120958_ba31ab,CORDOBA,597057,CAMPOS EL EXODO SA,8295R - CAMPOS EL EXODO S.A,1BM8295RESS100667,8295R,Tractor,Monitor,G5 CommandCenter,PCG5CSC245092,25.4 (10.35.3817-13),1BM8295RESS100667,Machine,G5 Advanced - Tractor de la serie 7/8/9,A-S00630328,G5,No informado,2026-05-19 00:00:00,2027-05-21 00:00:00,226.0,Activo,Vigente,Operations Center,Serie de máquina,PCG5CSC245092,A-S00630328
2026-10-07 00:00:00,2026-10-07 12:09:58.363968,20261007_120958_ba31ab,SINSACATE,579120,TRANSPORTE EL AGUILA SA,Tractor 7830,RW7830R006829,7830,Tractor,Monitor,G5Plus Universal,PCG5PUB200079,25.2 (10.31.3676-103),PCG5PUB200079,Monitor,Renovable avanzada,A-S00615244,G5,No informado,2025-09-14 00:00:00,2026-09-16 00:00:00,-21.0,Vencido,Vencida,Operations Center,Serie de monitor,PCG5PUB200079,A-S00615244
2026-10-07 00:00:00,2026-10-07 12:09:58.363968,20261007_120958_ba31ab,SINSACATE,579120,TRANSPORTE EL AGUILA SA,Tractor 7830,RW7830R006829,7830,Tractor,Monitor,G5Plus Universal,PCG5PUB200079,25.2 (10.31.3676-103),PCG5PUB200079,Monitor,Renovable esencial,A-S00617130,G5,No informado,,,,No activado,No activada,Operations Center,Serie de monitor,PCG5PUB200079,A-S00617130
2026-10-07 00:00:00,2026-10-07 12:09:58.363968,20261007_120958_ba31ab,SINSACATE,579120,TRANSPORTE EL AGUILA SA,S780 N°2 TRANSPORTE EL ÁGUILA,1J0S780BKR0155111,S780,Cosechadora,Receptores de posición,SF7500,PCS75UA144385,2.50F,PCS75UA144385,Receptor de posición,SF-RTK,A-S00619208,SF7500,No informado,,2028-05-01 00:00:00,572.0,Activo,Vigente,Operations Center,Serie de receptor,PCS75UA144385,A-S00619208
2026-10-07 00:00:00,2026-10-07 12:09:58.363968,20261007_120958_ba31ab,SINSACATE,579120,TRANSPORTE EL AGUILA SA,S780 N°2 TRANSPORTE EL ÁGUILA,1J0S780BKR0155111,S780,Cosechadora,Monitor,G5 CommandCenter,PCG5CSB185262,26.2 (11.2.4087-59),1J0S780BKR0155111,Machine,G5 Advanced - Cosechadora,A-S00638924,G5,No informado,2025-03-05 00:00:00,2028-03-07 00:00:00,517.0,Activo,Vigente,Operations Center,Serie de máquina,PCG5CSB185262,A-S00638924
2026-10-07 00:00:00,2026-10-07 12:09:58.363968,20261007_120958_ba31ab,SINSACATE,579120,TRANSPORTE EL AGUILA SA,M4040,1NW4040MTTF250374,M4040,Pulverizadora,Monitor,G5 CommandCenter,PCG5CSC244375,26.3 (11.3.4160-40),1NW4040MTTF250374,Machine,G5 Advanced - Aplicación autopropulsada,A-S00644333,G5,No informado,2026-06-02 00:00:00,2027-06-04 00:00:00,240.0,Activo,Vigente,Operations Center,Serie de máquina,PCG5CSC244375,A-S00644333
2026-10-07 00:00:00,2026-10-07 12:09:58.363968,20261007_120958_ba31ab,PILAR,531190,AGROSAVORETTI,,,,,Monitor,G5Plus Universal,,,PCG5PUB201050,Monitor,Renovable esencial,A-S00616700,Otra,No informado,2025-11-16 00:00:00,2026-11-18 00:00:00,42.0,Activo,Vence en 60 días,Operations Center,No encontrado,PCG5PUB201050,A-S00616700
2026-10-07 00:00:00,2026-10-07 12:09:58.363968,20261007_120958_ba31ab,PILAR,531190,AGROSAVORETTI,SAVORETTI 7630,RW7630R008134,7630,Tractor,Receptores de posición,SF7500,PCS75UA143309,2.20N,PCS75UA143309,Receptor de posición,SF-RTK,A-S00627323,SF7500,No informado,2025-11-12 00:00:00,2026-11-14 00:00:00,38.0,Activo,Vence en 60 días,Operations Center,Serie de receptor,PCS75UA143309,A-S00627323
2026-10-07 00:00:00,2026-10-07 12:09:58.363968,20261007_120958_ba31ab,SINSACATE,577944,ROJAS WALTER DAMIAN,1BM8270RTSS101669,1BM8270RTSS101669,8270R,Tractor,Receptores de posición,SF7500,PCS75UA251968,2.50F,PCS75UA251968,Receptor de posición,SF-RTK,A-S00625474,SF7500,No informado,,,,Activo,Vigente,Operations Center,Serie de receptor,PCS75UA251968,A-S00625474
2026-10-07 00:00:00,2026-10-07 12:09:58.363968,20261007_120958_ba31ab,SINSACATE,577944,ROJAS WALTER DAMIAN,Tractor 7M,1J07230CKR3000170,7M 230,Tractor,Receptores de posición,SF7000,PCS17UB238467,6.80C,PCS17UB238467,Receptor de posición,SF-RTK,A-S00635559,SF7000,No informado,2025-09-21 00:00:00,2026-09-23 00:00:00,-14.0,Vencido,Vencida,Operations Center,Serie de receptor,PCS17UB238467,A-S00635559
2026-10-07 00:00:00,2026-10-07 12:09:58.363968,20261007_120958_ba31ab,SINSACATE,577944,ROJAS WALTER DAMIAN,1J0S780BES0160129,1J0S780BES0160129,S7 800,Cosechadora,Receptores de posición,SF7500 Integrated,PCG75FA251172,2.50F,PCG75FA251172,Receptor de posición,SF-RTK,A-S00635985,SF7500,No informado,2026-02-12 00:00:00,2029-02-14 00:00:00,861.0,Activo,Vigente,Operations Center,Serie de receptor,PCG75FA251172,A-S00635985
2026-10-07 00:00:00,2026-10-07 12:09:58.363968,20261007_120958_ba31ab,SINSACATE,577944,ROJAS WALTER DAMIAN,1BM8270RTSS101669,1BM8270RTSS101669,8270R,Tractor,Monitor,G5 CommandCenter,PCG5CSC244919,26.3 (11.3.4160-40),1BM8270RTSS101669,Machine,G5 Advanced - Tractor de la serie 7/8/9,A-S00636650,G5,No informado,,,,Activo,Vigente,Operations Center,Serie de máquina,PCG5CSC244919,A-S00636650
2026-10-07 00:00:00,2026-10-07 12:09:58.363968,20261007_120958_ba31ab,SINSACATE,577944,ROJAS WALTER DAMIAN,1J0S780BES0160129,1J0S780BES0160129,S7 800,Cosechadora,Monitor,G5 CommandCenter,PCG5CSC246678,26.3 (11.3.4160-40),1J0S780BES0160129,Machine,Cosechadora S7/X9 Ultimate,A-S00641987,G5,No informado,2026-02-12 00:00:00,2029-02-14 00:00:00,861.0,Activo,Vigente,Operations Center,Serie de máquina,PCG5CSC246678,A-S00641987
2026-10-07 00:00:00,2026-10-07 12:09:58.363968,20261007_120958_ba31ab,SINSACATE,577944,ROJAS WALTER DAMIAN,Tractor 7M,1J07230CKR3000170,7M 230,Tractor,Monitor,G5 CommandCenter,PCG5CSB142526,25.4 (10.35.3817-13),1J07230CKR3000170,Machine,G5 Advanced - Tractor de la serie 7/8/9,A-S00644324,G5,No informado,2025-09-21 00:00:00,2026-09-23 00:00:00,-14.0,Vencido,Vencida,Operations Center,Serie de máquina,PCG5CSB142526,A-S00644324
2026-10-07 00:00:00,2026-10-07 12:09:58.363968,20261007_120958_ba31ab,SANTA ROSA,555269,Franco Ellena,7m200,1J07200CER3000176,7M 200,Tractor,Receptores de posición,SF7500,PCS75UA154352,2.40P,PCS75UA154352,Receptor de posición,SF-RTK,A-S00639296,SF7500,No informado,,,,Activo,Vigente,Operations Center,Serie de receptor,PCS75UA154352,A-S00639296
2026-10-07 00:00:00,2026-10-07 12:09:58.363968,20261007_120958_ba31ab,SANTA ROSA,554758,MARCELO REY,R8345,1BM8345RTSS101398,8345R,Tractor,Receptores de posición,SF7500,PCS75UA217539,2.40P,PCS75UA217539,Receptor de posición,SF-RTK,A-S00624501,SF7500,No informado,2025-11-12 00:00:00,2026-11-14 00:00:00,38.0,Activo,Vence en 60 días,Operations Center,Serie de receptor,PCS75UA217539,A-S00624501
2026-10-07 00:00:00,2026-10-07 12:09:58.363968,20261007_120958_ba31ab,SANTA ROSA,554758,MARCELO REY,R8345,1BM8345RTSS101398,8345R,Tractor,Monitor,G5 CommandCenter,PCG5CSC222314,26.3 (11.3.4160-40),1BM8345RTSS101398,Machine,G5 Advanced - Tractor de la serie 7/8/9,A-S00629002,G5,No informado,2025-11-12 00:00:00,2026-11-14 00:00:00,38.0,Activo,Vence en 60 días,Operations Center,Serie de máquina,PCG5CSC222314,A-S00629002
2026-10-07 00:00:00,2026-10-07 12:09:58.363968,20261007_120958_ba31ab,SINSACATE,593558,SUCESION DE DEL PRATO MARIO,1CQS550AKH0120326,1CQS550AKH0120326,S550,Cosechadora,Receptores de posición,SF7000,PCS17UB167003,6.80C,PCS17UB167003,Receptor de posición,SF-RTK,A-S00630727,SF7000,No informado,2025-11-18 00:00:00,2026-11-20 00:00:00,44.0,Activo,Vence en 60 días,Operations Center,Serie de receptor,PCS17UB167003,A-S00630727
2026-10-07 00:00:00,2026-10-07 12:09:58.363968,20261007_120958_ba31ab,SINSACATE,530850,RUIZ MARCELO ALBERTO,1NW4040MKSF250280,1NW4040MKSF250280,M4040,Pulverizadora,Receptores de posición,SF7500,PCS75UA251229,2.50F,PCS75UA251229,Receptor de posición,SF-RTK,A-S00616217,SF7500,No informado,2026-06-11 00:00:00,2027-06-13 00:00:00,249.0,Activo,Vigente,Operations Center,Serie de receptor,PCS75UA251229,A-S00616217
2026-10-07 00:00:00,2026-10-07 12:09:58.363968,20261007_120958_ba31ab,SINSACATE,530850,RUIZ MARCELO ALBERTO,1NW4040MKSF250280,1NW4040MKSF250280,M4040,Pulverizadora,Monitor,G5 CommandCenter,PCG5CSC240349,26.3 (11.3.4160-40),1NW4040MKSF250280,Machine,G5 Advanced - Aplicación autopropulsada,A-S00620954,G5,No informado,2026-06-11 00:00:00,2027-06-13 00:00:00,249.0,Activo,Vigente,Operations Center,Serie de máquina,PCG5CSC240349,A-S00620954
2026-10-07 00:00:00,2026-10-07 12:09:58.363968,20261007_120958_ba31ab,SINSACATE,579306,Perucca Hermanos,S7 700 Perucca,1J0S770BAS0160105,S7 700,Cosechadora,Monitor,G5 CommandCenter,PCG5CSC236966,25.4 (10.35.3817-13),1J0S770BAS0160105,Machine,G5 Advanced - Cosechadora,A-S00619447,G5,No informado,2025-10-13 00:00:00,2026-10-15 00:00:00,8.0,Activo,Vence en 30 días,Operations Center,Serie de máquina,PCG5CSC236966,A-S00619447
2026-10-07 00:00:00,2026-10-07 12:09:58.363968,20261007_120958_ba31ab,,550099,LORENZATI HNOS,LORENZATTI,1J07230CTS3000527,7M 230,Tractor,Monitor,G5 CommandCenter,PCG5CSC235035,25.2 (10.31.3676-103),1J07230CTS3000527,Machine,G5 Advanced - Tractor de la serie 7/8/9,A-S00625242,G5,No informado,2025-10-07 00:00:00,2026-10-09 00:00:00,2.0,Activo,Vence en 30 días,Operations Center,Serie de máquina,PCG5CSC235035,A-S00625242
2026-10-07 00:00:00,2026-10-07 12:09:58.363968,20261007_120958_ba31ab,,550099,LORENZATI HNOS,LORENZATTI,1J07230CTS3000527,7M 230,Tractor,Receptores de posición,SF7500,PCS75UA233252,2.30J,PCS75UA233252,Receptor de posición,SF-RTK,A-S00636921,SF7500,No informado,2025-10-07 00:00:00,2026-10-09 00:00:00,2.0,Activo,Vence en 30 días,Operations Center,Serie de receptor,PCS75UA233252,A-S00636921
2026-10-07 00:00:00,2026-10-07 12:09:58.363968,20261007_120958_ba31ab,PILAR,571844,PIVETTA ABEL GUSTAVO,1J07230CTT3000674,1J07230CTT3000674,7M 230,Tractor,Monitor,G5 CommandCenter,PCG5CSC245277,24-2 (10.29.3422-101),1J07230CTT3000674,Machine,G5 Advanced - Tractor de la serie 7/8/9,A-S00616634,G5,No informado,2026-05-20 00:00:00,2027-05-22 00:00:00,227.0,Activo,Vigente,Operations Center,Serie de máquina,PCG5CSC245277,A-S00616634
2026-10-07 00:00:00,2026-10-07 12:09:58.363968,20261007_120958_ba31ab,PILAR,571844,PIVETTA ABEL GUSTAVO,GUSTAVO PIVETTA-7225J,1BM7225JKHH005731,7225J,Tractor,Receptores de posición,SF7500,PCS75UA244511,2.40P,PCS75UA244511,Receptor de posición,SF-RTK,A-S00637823,SF7500,No informado,2025-11-19 00:00:00,2026-11-21 00:00:00,45.0,Activo,Vence en 60 días,Operations Center,Serie de receptor,PCS75UA244511,A-S00637823
2026-10-07 00:00:00,2026-10-07 12:09:58.363968,20261007_120958_ba31ab,CORDOBA,587263,GIANAGRO SAS,8295R,1BM8295RERS100596,8295R,Tractor,Monitor,G5 CommandCenter,PCG5CSB141838,24-2 (10.29.3422-101),1BM8295RERS100596,Machine,G5 Advanced - Tractor de la serie 7/8/9,A-S00618366,G5,No informado,2026-02-25 00:00:00,2026-06-16 00:00:00,-113.0,Cancelada,Cancelada,Operations Center,Serie de máquina,PCG5CSB141838,A-S00618366
2026-10-07 00:00:00,2026-10-07 12:09:58.363968,20261007_120958_ba31ab,CORDOBA,587263,GIANAGRO SAS,7M200,1J07200CAS3000292,7M 200,Tractor,Monitor,G5 CommandCenter,PCG5CSC223200,25.4 (10.35.3817-9),1J07200CAS3000292,Machine,G5 Advanced - Tractor de la serie 7/8/9,A-S00619397,G5,No informado,,,,Activo,Vigente,Operations Center,Serie de máquina,PCG5CSC223200,A-S00619397
2026-10-07 00:00:00,2026-10-07 12:09:58.363968,20261007_120958_ba31ab,CORDOBA,587263,GIANAGRO SAS,7M200,1J07200CAS3000292,7M 200,Tractor,Receptores de posición,SF7500,PCS75UA201489,2.40P,PCS75UA201489,Receptor de posición,SF-RTK,A-S00631280,SF7500,No informado,,,,Activo,Vigente,Operations Center,Serie de receptor,PCS75UA201489,A-S00631280
2026-10-07 00:00:00,2026-10-07 12:09:58.363968,20261007_120958_ba31ab,PILAR,577852,CAVALLO MARCOS ALEJANDRO,,,,,Monitor,G5 Universal,,,PCG5MUB186913,Monitor,Renovable esencial,A-S00620470,Otra,No informado,2025-11-17 00:00:00,2026-11-19 00:00:00,43.0,Activo,Vence en 60 días,Operations Center,No encontrado,PCG5MUB186913,A-S00620470
2026-10-07 00:00:00,2026-10-07 12:09:58.363968,20261007_120958_ba31ab,CORDOBA,589511,GRAZIANI ALBERTO ANTONIO ,,,,,Monitor,G5Plus Universal,,,PCG5PUB190446,Monitor,Renovable esencial,A-S00617687,Otra,No informado,2025-10-29 00:00:00,2026-10-31 00:00:00,24.0,Activo,Vence en 30 días,Operations Center,No encontrado,PCG5PUB190446,A-S00617687
2026-10-07 00:00:00,2026-10-07 12:09:58.363968,20261007_120958_ba31ab,CORDOBA,589511,GRAZIANI ALBERTO ANTONIO ,,,,,Receptor de posición,SF7500,,,PCS75UA129535,Receptor de posición,SF-RTK,A-S00635963,Otra,No informado,2025-11-03 00:00:00,2026-11-05 00:00:00,29.0,Activo,Vence en 30 días,Operations Center,No encontrado,PCS75UA129535,A-S00635963
2026-10-07 00:00:00,2026-10-07 12:09:58.363968,20261007_120958_ba31ab,CORDOBA,595345,KURMAY SA,6150 KURMAY NRO 03,1J06150JJSD600858,6150J,Tractor,Monitor,G5 Universal,PCG5MUB188480,26.3 (11.3.4160-40),PCG5MUB188480,Monitor,Renovable esencial,A-S00621474,G5,No informado,2026-07-28 00:00:00,2027-07-28 00:00:00,294.0,Activo,Vigente,Operations Center,Serie de monitor,PCG5MUB188480,A-S00621474
2026-10-07 00:00:00,2026-10-07 12:09:58.363968,20261007_120958_ba31ab,CORDOBA,595345,KURMAY SA,6170 KURMAY NRO 02,1J06170JTSD600446,6170J,Tractor,Monitor,G5 Universal,PCG5MUB176656,26.3 (11.3.4160-52),PCG5MUB176656,Monitor,Renovable esencial,A-S00635785,G5,No informado,,,,Vencido,Vencida,Operations Center,Serie de monitor,PCG5MUB176656,A-S00635785
2026-10-07 00:00:00,2026-10-07 12:09:58.363968,20261007_120958_ba31ab,CORDOBA,595345,KURMAY SA,7230 KURMAY NRO 03,1J07230CVT3000701,7M 230,Tractor,Monitor,G5 CommandCenter,PCG5CSC246032,25.4 (10.35.3817-13),1J07230CVT3000701,Machine,G5 Advanced - Tractor de la serie 7/8/9,A-S00637220,G5,No informado,2026-05-18 00:00:00,2027-05-20 00:00:00,225.0,Activo,Vigente,Operations Center,Serie de máquina,PCG5CSC246032,A-S00637220
2026-10-07 00:00:00,2026-10-07 12:09:58.363968,20261007_120958_ba31ab,CORDOBA,595345,KURMAY SA,6150 KURMAY NRO 03,1J06150JJSD600858,6150J,Tractor,Monitor,G5 Universal,PCG5MUB188480,26.3 (11.3.4160-40),PCG5MUB188480,Monitor,Renovable esencial - Demostración,A-S00637904,G5,No informado,2026-05-17 00:00:00,2026-06-19 00:00:00,-110.0,Vencido,Vencida,Operations Center,Serie de monitor,PCG5MUB188480,A-S00637904
2026-10-07 00:00:00,2026-10-07 12:09:58.363968,20261007_120958_ba31ab,CORDOBA,595345,KURMAY SA,,,,,Receptor de posición,SF7500,,,PCS75UA265833,Receptor de posición,SF-RTK,A-S00672592,Otra,No informado,2026-07-28 00:00:00,2027-07-29 00:00:00,295.0,Activo,Vigente,Operations Center,No encontrado,PCS75UA265833,A-S00672592
2026-10-07 00:00:00,2026-10-07 12:09:58.363968,20261007_120958_ba31ab,CORDOBA,595345,KURMAY SA,7230 KURMAY NRO 02,1J07230JLPD000666,7230J,Tractor,Receptores de posición,SF7000,PCS17UB169432,6.60T,PCS17UB169432,Receptor de posición,SF-RTK,A-S00718468,SF7000,No informado,2026-09-24 00:00:00,2027-09-25 00:00:00,353.0,Activo,Vigente,Operations Center,Serie de receptor,PCS17UB169432,A-S00718468
2026-10-07 00:00:00,2026-10-07 12:09:58.363968,20261007_120958_ba31ab,CORDOBA,595345,KURMAY SA,6170 KURMAY NRO 02,1J06170JTSD600446,6170J,Tractor,Monitor,G5 Universal,PCG5MUB176656,26.3 (11.3.4160-52),PCG5MUB176656,Monitor,Renovable esencial,A-S00718544,G5,No informado,2026-09-24 00:00:00,2027-09-25 00:00:00,353.0,Activo,Vigente,Operations Center,Serie de monitor,PCG5MUB176656,A-S00718544
2026-10-07 00:00:00,2026-10-07 12:09:58.363968,20261007_120958_ba31ab,ARROYITO,592233,AGRO ARCANDO SAS,7M 230,1J07230CTR3000215,7M 230,Tractor,Receptores de posición,SF7500,PCS75UA155138,2.30J,PCS75UA155138,Receptor de posición,SF-RTK,A-S00627874,SF7500,No informado,2025-10-24 00:00:00,2026-10-26 00:00:00,19.0,Activo,Vence en 30 días,Operations Center,Serie de receptor,PCS75UA155138,A-S00627874
2026-10-07 00:00:00,2026-10-07 12:09:58.363968,20261007_120958_ba31ab,SANTA ROSA,591400,REY LIVIO OSMAR,1BM8320RASS100952,1BM8320RASS100952,8320R,Tractor,Monitor,G5 CommandCenter,PCG5CSB189255,26.3 (11.3.4160-52),1BM8320RASS100952,Machine,G5 Advanced - Tractor de la serie 7/8/9,A-S00625530,G5,No informado,,,,Activo,Vigente,Operations Center,Serie de máquina,PCG5CSB189255,A-S00625530
2026-10-07 00:00:00,2026-10-07 12:09:58.363968,20261007_120958_ba31ab,ARROYITO,545130,AGROMAG SA,7M230,1J07230CPR3000202,7M 230,Tractor,Monitor,G5 CommandCenter,PCG5CSB159314,25.2 (10.31.3676-103),1J07230CPR3000202,Machine,G5 Advanced - Tractor de la serie 7/8/9,A-S00619286,G5,No informado,2025-11-23 00:00:00,2026-11-25 00:00:00,49.0,Activo,Vence en 60 días,Operations Center,Serie de máquina,PCG5CSB159314,A-S00619286
2026-10-07 00:00:00,2026-10-07 12:09:58.363968,20261007_120958_ba31ab,ARROYITO,545130,AGROMAG SA,7M230,1J07230CPR3000202,7M 230,Tractor,Receptores de posición,SF7000,PCS17UB240830,6.75B,PCS17UB240830,Receptor de posición,SF-RTK,A-S00631151,SF7000,No informado,2025-11-23 00:00:00,2026-11-25 00:00:00,49.0,Activo,Vence en 60 días,Operations Center,Serie de receptor,PCS17UB240830,A-S00631151
2026-10-07 00:00:00,2026-10-07 12:09:58.363968,20261007_120958_ba31ab,PILAR,566764,GGYDROSSIANOSS,1CQS550AAJ0120385,1CQS550AAJ0120385,S550,Cosechadora,Monitor,G5 Universal,PCG5MUB187300,25.3 (10.32.3817-138),PCG5MUB187300,Monitor,Renovable esencial,A-S00620087,G5,No informado,2025-11-17 00:00:00,2026-11-19 00:00:00,43.0,Activo,Vence en 60 días,Operations Center,Serie de monitor,PCG5MUB187300,A-S00620087
2026-10-07 00:00:00,2026-10-07 12:09:58.363968,20261007_120958_ba31ab,ARROYITO,592913,BELBUSTI RAUL SA,Belbusti 7230J,1J07230JHND000438,7230J,Tractor,Receptores de posición,SF7000,PCS17UB212279,6.80C,PCS17UB212279,Receptor de posición,SF-RTK,A-S00625449,SF7000,No informado,2025-09-08 00:00:00,2026-09-10 00:00:00,-27.0,Vencido,Vencida,Operations Center,Serie de receptor,PCS17UB212279,A-S00625449
2026-10-07 00:00:00,2026-10-07 12:09:58.363968,20261007_120958_ba31ab,PILAR,595583,Victor De Pol,7195J,1BM7195JCB0000042,7195J,Tractor,Receptores de posición,SF7500,PCS75UA144855,2.40P,PCS75UA144855,Receptor de posición,SF-RTK,A-S00630226,SF7500,No informado,2025-11-09 00:00:00,2026-11-11 00:00:00,35.0,Activo,Vence en 60 días,Operations Center,Serie de receptor,PCS75UA144855,A-S00630226
2026-10-07 00:00:00,2026-10-07 12:09:58.363968,20261007_120958_ba31ab,PILAR,595583,Victor De Pol,7195J,1BM7195JCB0000042,7195J,Tractor,Monitor,G5 Universal,PCG5MUB176287,25.2 (10.31.3676-103),PCG5MUB176287,Monitor,Renovable esencial,A-S00641100,G5,No informado,2025-09-25 00:00:00,2026-09-27 00:00:00,-10.0,Vencido,Vencida,Operations Center,Serie de monitor,PCG5MUB176287,A-S00641100
2026-10-07 00:00:00,2026-10-07 12:09:58.363968,20261007_120958_ba31ab,SANTA ROSA,548129,BRUNO EDUARDO ESTEBAN,S550,1J0S550BPP0145162,S550,Cosechadora,Receptores de posición,SF7000,PCS17UB171859,6.80C,PCS17UB171859,Receptor de posición,SF-RTK,A-S00634109,SF7000,No informado,,,,Activo,Vigente,Operations Center,Serie de receptor,PCS17UB171859,A-S00634109
2026-10-07 00:00:00,2026-10-07 12:09:58.363968,20261007_120958_ba31ab,PILAR,578559,CANALIS JOSE OMAR E HIJOS SRL,,,,,Receptor de posición,SF7500,,,PCS75UA178892,Receptor de posición,SF-RTK - Demostración,A-S00673334,Otra,No informado,2026-07-29 00:00:00,,,Vencido,Vencida,Operations Center,No encontrado,PCS75UA178892,A-S00673334
2026-10-07 00:00:00,2026-10-07 12:09:58.363968,20261007_120958_ba31ab,SINSACATE,579129,ROSSI ARIEL EDUARDO,,,,,Receptor de posición,SF7000,,,PCS17UB222659,Receptor de posición,SF-RTK,A-S00717600,Otra,No informado,2026-09-23 00:00:00,2027-09-24 00:00:00,352.0,Activo,Vigente,Operations Center,No encontrado,PCS17UB222659,A-S00717600
2026-10-07 00:00:00,2026-10-07 12:09:58.363968,20261007_120958_ba31ab,SINSACATE,1274201,LONDERO ALDO RAMON Y LONDERO ALBERTO ANTONIO SH,8250R,1BM8250RHRS000058,8250R,Tractor,Monitor,G5 CommandCenter,PCG5CSB179925,26.3 (11.3.4160-40),1BM8250RHRS000058,Machine,G5 Advanced - Tractor de la serie 7/8/9,A-S00616950,G5,No informado,2025-11-06 00:00:00,2026-11-08 00:00:00,32.0,Activo,Vence en 60 días,Operations Center,Serie de máquina,PCG5CSB179925,A-S00616950
2026-10-07 00:00:00,2026-10-07 12:09:58.363968,20261007_120958_ba31ab,SINSACATE,1274201,LONDERO ALDO RAMON Y LONDERO ALBERTO ANTONIO SH,8250R,1BM8250RHRS000058,8250R,Tractor,Receptores de posición,SF7500,PCS75UA152671,2.30J,PCS75UA152671,Receptor de posición,SF-RTK,A-S00636436,SF7500,No informado,2025-11-06 00:00:00,2026-11-08 00:00:00,32.0,Activo,Vence en 60 días,Operations Center,Serie de receptor,PCS75UA152671,A-S00636436
2026-10-07 00:00:00,2026-10-07 12:09:58.363968,20261007_120958_ba31ab,ARROYITO,603852,PRIOTTISERGIO,1J0S780BCS0160169,1J0S780BCS0160169,S7 800,Cosechadora,Monitor,G5 CommandCenter,PCG5CSC247084,26.3 (11.3.4160-40),1J0S780BCS0160169,Machine,Cosechadora S7/X9 Ultimate,A-S00614581,G5,No informado,2026-07-19 00:00:00,2029-07-19 00:00:00,1016.0,Activo,Vigente,Operations Center,Serie de máquina,PCG5CSC247084,A-S00614581
2026-10-07 00:00:00,2026-10-07 12:09:58.363968,20261007_120958_ba31ab,ARROYITO,603852,PRIOTTISERGIO,7M 230...3,1J07230CJS3000368,7M 230,Tractor,Receptores de posición,SF7500,PCS75UA194845,2.50F,PCS75UA194845,Receptor de posición,SF-RTK,A-S00620183,SF7500,No informado,2025-07-28 00:00:00,2026-07-30 00:00:00,-69.0,Vencido,Vencida,Operations Center,Serie de receptor,PCS75UA194845,A-S00620183
2026-10-07 00:00:00,2026-10-07 12:09:58.363968,20261007_120958_ba31ab,ARROYITO,603852,PRIOTTISERGIO,PICADORA 8600 EQUIPO 1,1Z08600YASF627326,8600,Cosechadora de forraje,Monitor,G5Plus Universal,PCG5PUB246908,26.3 (11.3.4160-40),PCG5PUB246908,Monitor,G5 Advanced - Universal,A-S00620586,G5,No informado,2025-10-30 00:00:00,2026-11-01 00:00:00,25.0,Activo,Vence en 30 días,Operations Center,Serie de monitor,PCG5PUB246908,A-S00620586
2026-10-07 00:00:00,2026-10-07 12:09:58.363968,20261007_120958_ba31ab,ARROYITO,603852,PRIOTTISERGIO,7M 230....1,1J07230CTS3000396,7M 230,Tractor,Receptores de posición,SF7500,PCS75UA195289,2.50F,PCS75UA195289,Receptor de posición,SF-RTK,A-S00622957,SF7500,No informado,2025-07-30 00:00:00,,,Vencido,Vencida,Operations Center,Serie de receptor,PCS75UA195289,A-S00622957
2026-10-07 00:00:00,2026-10-07 12:09:58.363968,20261007_120958_ba31ab,ARROYITO,603852,PRIOTTISERGIO,7M 230....2,1J07230CES3000394,7M 230,Tractor,Monitor,G5 CommandCenter,PCG5CSA115877,26.3 (11.3.4160-40),1J07230CES3000394,Machine,G5 Advanced - Tractor de la serie 7/8/9,A-S00624047,G5,No informado,2025-07-30 00:00:00,,,Vencido,Vencida,Operations Center,Serie de máquina,PCG5CSA115877,A-S00624047
2026-10-07 00:00:00,2026-10-07 12:09:58.363968,20261007_120958_ba31ab,ARROYITO,603852,PRIOTTISERGIO,PICADORA 8600 EQUIPO 1,1Z08600YASF627326,8600,Cosechadora de forraje,Receptores de posición,SF7500,PCS75UA222631,2.50F,PCS75UA222631,Receptor de posición,SF-RTK,A-S00626948,SF7500,No informado,2025-10-30 00:00:00,2026-11-01 00:00:00,25.0,Activo,Vence en 30 días,Operations Center,Serie de receptor,PCS75UA222631,A-S00626948
2026-10-07 00:00:00,2026-10-07 12:09:58.363968,20261007_120958_ba31ab,ARROYITO,603852,PRIOTTISERGIO,7M 230....2,1J07230CES3000394,7M 230,Tractor,Receptores de posición,SF7500,PCS75UA196845,2.50F,PCS75UA196845,Receptor de posición,SF-RTK,A-S00629223,SF7500,No informado,2025-07-30 00:00:00,,,Vencido,Vencida,Operations Center,Serie de receptor,PCS75UA196845,A-S00629223
2026-10-07 00:00:00,2026-10-07 12:09:58.363968,20261007_120958_ba31ab,ARROYITO,603852,PRIOTTISERGIO,7M 230...3,1J07230CJS3000368,7M 230,Tractor,Monitor,G5 CommandCenter,PCG5CSB205706,26.3 (11.3.4160-40),1J07230CJS3000368,Machine,G5 Advanced - Tractor de la serie 7/8/9,A-S00631866,G5,No informado,2025-07-28 00:00:00,2026-07-30 00:00:00,-69.0,Vencido,Vencida,Operations Center,Serie de máquina,PCG5CSB205706,A-S00631866
2026-10-07 00:00:00,2026-10-07 12:09:58.363968,20261007_120958_ba31ab,ARROYITO,603852,PRIOTTISERGIO,1J0S780BJS0160140,1J0S780BJS0160140,S7 800,Cosechadora,Receptores de posición,SF7500 Integrated,PCG75FA247881,2.50F,PCG75FA247881,Receptor de posición,SF-RTK,A-S00632501,SF7500,No informado,2026-07-19 00:00:00,2029-07-19 00:00:00,1016.0,Activo,Vigente,Operations Center,Serie de receptor,PCG75FA247881,A-S00632501
2026-10-07 00:00:00,2026-10-07 12:09:58.363968,20261007_120958_ba31ab,ARROYITO,603852,PRIOTTISERGIO,PICADORA 8500,1Z08500YVRF625412,8500,Cosechadora de forraje,Monitor,G5Plus Universal,PCG5PUB145979,25.4 (10.35.3817-13),PCG5PUB145979,Monitor,G5 Advanced - Universal,A-S00633523,G5,No informado,,,,Activo,Vigente,Operations Center,Serie de monitor,PCG5PUB145979,A-S00633523
2026-10-07 00:00:00,2026-10-07 12:09:58.363968,20261007_120958_ba31ab,ARROYITO,603852,PRIOTTISERGIO,1J0S780BCS0160169,1J0S780BCS0160169,S7 800,Cosechadora,Receptores de posición,SF7500 Integrated,PCG75FA261849,2.50F,PCG75FA261849,Receptor de posición,SF-RTK,A-S00634971,SF7500,No informado,2026-07-19 00:00:00,2029-07-19 00:00:00,1016.0,Activo,Vigente,Operations Center,Serie de receptor,PCG75FA261849,A-S00634971
2026-10-07 00:00:00,2026-10-07 12:09:58.363968,20261007_120958_ba31ab,ARROYITO,603852,PRIOTTISERGIO,1J0S780BJS0160140,1J0S780BJS0160140,S7 800,Cosechadora,Monitor,G5 CommandCenter,PCG5CSC248408,26.3 (11.3.4160-46),1J0S780BJS0160140,Machine,Cosechadora S7/X9 Ultimate,A-S00637241,G5,No informado,2026-07-19 00:00:00,2029-07-19 00:00:00,1016.0,Activo,Vigente,Operations Center,Serie de máquina,PCG5CSC248408,A-S00637241
2026-10-07 00:00:00,2026-10-07 12:09:58.363968,20261007_120958_ba31ab,ARROYITO,603852,PRIOTTISERGIO,7M 230....1,1J07230CTS3000396,7M 230,Tractor,Monitor,G5 CommandCenter,PCG5CSB205205,26.3 (11.3.4160-40),1J07230CTS3000396,Machine,G5 Advanced - Tractor de la serie 7/8/9,A-S00644331,G5,No informado,2025-07-30 00:00:00,,,Vencido,Vencida,Operations Center,Serie de máquina,PCG5CSB205205,A-S00644331
2026-10-07 00:00:00,2026-10-07 12:09:58.363968,20261007_120958_ba31ab,ARROYITO,603852,PRIOTTISERGIO,7M 230....2,1J07230CES3000394,7M 230,Tractor,Monitor,G5 CommandCenter,PCG5CSA115877,26.3 (11.3.4160-40),1J07230CES3000394,Machine,G5 Advanced - Tractor de la serie 7/8/9,A-S00678325,G5,No informado,,,,Activo,Vigente,Operations Center,Serie de máquina,PCG5CSA115877,A-S00678325
2026-10-07 00:00:00,2026-10-07 12:09:58.363968,20261007_120958_ba31ab,ARROYITO,603852,PRIOTTISERGIO,7M 230....2,1J07230CES3000394,7M 230,Tractor,Receptores de posición,SF7500,PCS75UA196845,2.50F,PCS75UA196845,Receptor de posición,SF-RTK,A-S00678326,SF7500,No informado,,,,Activo,Vigente,Operations Center,Serie de receptor,PCS75UA196845,A-S00678326
2026-10-07 00:00:00,2026-10-07 12:09:58.363968,20261007_120958_ba31ab,ARROYITO,603852,PRIOTTISERGIO,7M 230...3,1J07230CJS3000368,7M 230,Tractor,Monitor,G5 CommandCenter,PCG5CSB205706,26.3 (11.3.4160-40),1J07230CJS3000368,Machine,G5 Advanced - Tractor de la serie 7/8/9,A-S00678334,G5,No informado,,,,Activo,Vigente,Operations Center,Serie de máquina,PCG5CSB205706,A-S00678334
2026-10-07 00:00:00,2026-10-07 12:09:58.363968,20261007_120958_ba31ab,ARROYITO,603852,PRIOTTISERGIO,7M 230...3,1J07230CJS3000368,7M 230,Tractor,Receptores de posición,SF7500,PCS75UA194845,2.50F,PCS75UA194845,Receptor de posición,SF-RTK,A-S00678335,SF7500,No informado,,,,Activo,Vigente,Operations Center,Serie de receptor,PCS75UA194845,A-S00678335
2026-10-07 00:00:00,2026-10-07 12:09:58.363968,20261007_120958_ba31ab,ARROYITO,603852,PRIOTTISERGIO,7M 230....1,1J07230CTS3000396,7M 230,Tractor,Monitor,G5 CommandCenter,PCG5CSB205205,26.3 (11.3.4160-40),1J07230CTS3000396,Machine,G5 Advanced - Tractor de la serie 7/8/9,A-S00678339,G5,No informado,,,,Activo,Vigente,Operations Center,Serie de máquina,PCG5CSB205205,A-S00678339
2026-10-07 00:00:00,2026-10-07 12:09:58.363968,20261007_120958_ba31ab,ARROYITO,603852,PRIOTTISERGIO,7M 230....1,1J07230CTS3000396,7M 230,Tractor,Receptores de posición,SF7500,PCS75UA195289,2.50F,PCS75UA195289,Receptor de posición,SF-RTK,A-S00678340,SF7500,No informado,,,,Activo,Vigente,Operations Center,Serie de receptor,PCS75UA195289,A-S00678340
2026-10-07 00:00:00,2026-10-07 12:09:58.363968,20261007_120958_ba31ab,ARROYITO,603852,PRIOTTISERGIO,7M 230....4,1J07230CVR3000271,7M 230,Tractor,Monitor,G5 CommandCenter,PCG5CSC278573,26.3 (11.3.4160-52),1J07230CVR3000271,Machine,G5 Advanced - Tractor de la serie 7/8/9,A-S00678341,G5,No informado,,,,Activo,Vigente,Operations Center,Serie de máquina,PCG5CSC278573,A-S00678341
2026-10-07 00:00:00,2026-10-07 12:09:58.363968,20261007_120958_ba31ab,ARROYITO,603852,PRIOTTISERGIO,7M 230....4,1J07230CVR3000271,7M 230,Tractor,Receptores de posición,SF7500,PCS75UA158683,2.50F,PCS75UA158683,Receptor de posición,SF-RTK,A-S00678342,SF7500,No informado,,,,Activo,Vigente,Operations Center,Serie de receptor,PCS75UA158683,A-S00678342
2026-10-07 00:00:00,2026-10-07 12:09:58.363968,20261007_120958_ba31ab,SANTA ROSA,2653241,RUATTAJOAQUIN,Tractor 7715,1BM7715XTAH090993,7715,Tractor,Receptores de posición,SF7000,PCS17UB171854,6.80C,PCS17UB171854,Receptor de posición,SF-RTK,A-S00615341,SF7000,No informado,2025-09-04 00:00:00,2026-09-06 00:00:00,-31.0,Vencido,Vencida,Operations Center,Serie de receptor,PCS17UB171854,A-S00615341
2026-10-07 00:00:00,2026-10-07 12:09:58.363968,20261007_120958_ba31ab,SINSACATE,617517,ESACOM SA,S7 800 ESACOM,1J0S780BKS0160136,S7 800,Cosechadora,Monitor,G5 CommandCenter,PCG5CSC255591,25.4 (10.35.3817-13),1J0S780BKS0160136,Machine,Cosechadora S7/X9 Ultimate,A-S00621925,G5,No informado,2026-03-03 00:00:00,2029-03-05 00:00:00,880.0,Activo,Vigente,Operations Center,Serie de máquina,PCG5CSC255591,A-S00621925
2026-10-07 00:00:00,2026-10-07 12:09:58.363968,20261007_120958_ba31ab,SINSACATE,617517,ESACOM SA,S7 800 ESACOM,1J0S780BKS0160136,S7 800,Cosechadora,Receptores de posición,SF7500 Integrated,PCG75FA253293,2.40P,PCG75FA253293,Receptor de posición,SF-RTK,A-S00644181,SF7500,No informado,2026-03-04 00:00:00,2029-03-06 00:00:00,881.0,Activo,Vigente,Operations Center,Serie de receptor,PCG75FA253293,A-S00644181
2026-10-07 00:00:00,2026-10-07 12:09:58.363968,20261007_120958_ba31ab,SINSACATE,613183,VACA FERNANDO DANIEL,1NW4030MLSF250412,1NW4030MLSF250412,M4030,Pulverizadora,Monitor,G5 CommandCenter,PCG5CSB206145,26.3 (11.3.4160-40),1NW4030MLSF250412,Machine,G5 Advanced - Aplicación autopropulsada,A-S00641948,G5,No informado,2025-07-27 00:00:00,2026-07-29 00:00:00,-70.0,Vencido,Vencida,Operations Center,Serie de máquina,PCG5CSB206145,A-S00641948
2026-10-07 00:00:00,2026-10-07 12:09:58.363968,20261007_120958_ba31ab,SINSACATE,613183,VACA FERNANDO DANIEL,1NW4030MLSF250412,1NW4030MLSF250412,M4030,Pulverizadora,Receptores de posición,SF7500,PCS75UA188852,2.50F,PCS75UA188852,Receptor de posición,SF-RTK,A-S00673420,SF7500,No informado,2026-07-29 00:00:00,2027-07-30 00:00:00,296.0,Activo,Vigente,Operations Center,Serie de receptor,PCS75UA188852,A-S00673420
2026-10-07 00:00:00,2026-10-07 12:09:58.363968,20261007_120958_ba31ab,SINSACATE,604901,DE GIORGIO ROBERTO SEBASTIAN,DEGIORGIOROBERTO 7215J,1J07215JHND000369,7215J,Tractor,Receptores de posición,SF7000,PCS17UB173435,6.80C,PCS17UB173435,Receptor de posición,SF-RTK,A-S00629292,SF7000,No informado,2025-09-21 00:00:00,2026-09-23 00:00:00,-14.0,Vencido,Vencida,Operations Center,Serie de receptor,PCS17UB173435,A-S00629292
2026-10-07 00:00:00,2026-10-07 12:09:58.363968,20261007_120958_ba31ab,PILAR,607663,JUAN CARLOS SANCHEZ,SANCHEZ 8400R,1BM8400RJSS102567,8400R,Tractor,Receptores de posición,SF7500,PCS75UA234648,2.40P,PCS75UA234648,Receptor de posición,SF-RTK,A-S00621644,SF7500,No informado,2025-10-20 00:00:00,2026-10-22 00:00:00,15.0,Activo,Vence en 30 días,Operations Center,Serie de receptor,PCS75UA234648,A-S00621644
2026-10-07 00:00:00,2026-10-07 12:09:58.363968,20261007_120958_ba31ab,PILAR,607663,JUAN CARLOS SANCHEZ,SANCHEZ 8400R,1BM8400RJSS102567,8400R,Tractor,Monitor,G5 CommandCenter,PCG5CSC238548,25.2 (10.31.3676-103),1BM8400RJSS102567,Machine,G5 Advanced - Tractor de la serie 7/8/9,A-S00623240,G5,No informado,2025-10-20 00:00:00,2026-10-22 00:00:00,15.0,Activo,Vence en 30 días,Operations Center,Serie de máquina,PCG5CSC238548,A-S00623240
2026-10-07 00:00:00,2026-10-07 12:09:58.363968,20261007_120958_ba31ab,SANTA ROSA,1485201,PUERTO SECO,1J0S780BPR0155107,1J0S780BPR0155107,S780,Cosechadora,Monitor,G5 CommandCenter,PCG5CSA109703,25.4 (10.35.3817-13),1J0S780BPR0155107,Machine,G5 Advanced - Cosechadora,A-S00628851,G5,No informado,2024-10-29 00:00:00,2027-10-31 00:00:00,389.0,Activo,Vigente,Operations Center,Serie de máquina,PCG5CSA109703,A-S00628851
2026-10-07 00:00:00,2026-10-07 12:09:58.363968,20261007_120958_ba31ab,SINSACATE,2671521,ZAMORA EDGAR EDUARDO,1BM8250RASS000161,1BM8250RASS000161,8250R,Tractor,Monitor,G5 CommandCenter,PCG5CSC241300,25.4 (10.35.3817-9),1BM8250RASS000161,Machine,G5 Advanced - Tractor de la serie 7/8/9,A-S00626150,G5,No informado,2025-10-29 00:00:00,2026-10-31 00:00:00,24.0,Activo,Vence en 30 días,Operations Center,Serie de máquina,PCG5CSC241300,A-S00626150
2026-10-07 00:00:00,2026-10-07 12:09:58.363968,20261007_120958_ba31ab,SINSACATE,2671521,ZAMORA EDGAR EDUARDO,1BM8250RASS000161,1BM8250RASS000161,8250R,Tractor,Receptores de posición,SF7500,PCS75UA239131,2.50F,PCS75UA239131,Receptor de posición,SF-RTK,A-S00628728,SF7500,No informado,2025-10-29 00:00:00,2026-10-31 00:00:00,24.0,Activo,Vence en 30 días,Operations Center,Serie de receptor,PCS75UA239131,A-S00628728
2026-10-07 00:00:00,2026-10-07 12:09:58.363968,20261007_120958_ba31ab,SINSACATE,2481541,FOSSI NORBERTO,1BM8250RLTS000227,1BM8250RLTS000227,8250R,Tractor,Receptores de posición,SF7500,PCS75UA242659,2.50F,PCS75UA242659,Receptor de posición,SF-RTK,A-S00624411,SF7500,No informado,2026-09-17 00:00:00,2027-09-17 00:00:00,345.0,Activo,Vigente,Operations Center,Serie de receptor,PCS75UA242659,A-S00624411
2026-10-07 00:00:00,2026-10-07 12:09:58.363968,20261007_120958_ba31ab,SINSACATE,2481541,FOSSI NORBERTO,1BM8250RLTS000227,1BM8250RLTS000227,8250R,Tractor,Monitor,G5 CommandCenter,PCG5CSC263195,26.3 (11.3.4160-40),1BM8250RLTS000227,Machine,G5 Advanced - Tractor de la serie 7/8/9,A-S00636250,G5,No informado,2026-09-17 00:00:00,2027-09-17 00:00:00,345.0,Activo,Vigente,Operations Center,Serie de máquina,PCG5CSC263195,A-S00636250
2026-10-07 00:00:00,2026-10-07 12:09:58.363968,20261007_120958_ba31ab,PILAR,602187,AIMAR DIEGO JAVIER,,,,,Monitor,G5 Universal,,,PCG5MUB186042,Monitor,Renovable esencial,A-S00627167,Otra,No informado,2025-11-16 00:00:00,2026-11-18 00:00:00,42.0,Activo,Vence en 60 días,Operations Center,No encontrado,PCG5MUB186042,A-S00627167
2026-10-07 00:00:00,2026-10-07 12:09:58.363968,20261007_120958_ba31ab,PILAR,602187,AIMAR DIEGO JAVIER,,,,,Receptor de posición,SF7500,,,PCS75UA251269,Receptor de posición,SF-RTK,A-S00727455,Otra,No informado,2026-10-05 00:00:00,2027-10-06 00:00:00,364.0,Activo,Vigente,Operations Center,No encontrado,PCS75UA251269,A-S00727455
2026-10-07 00:00:00,2026-10-07 12:09:58.363968,20261007_120958_ba31ab,CORDOBA,618901,RIEGO CONCI,,,,,Receptor de posición,SF7000,,,PCS17UB203604,Receptor de posición,SF-RTK,A-S00629750,Otra,No informado,2025-09-30 00:00:00,2026-10-02 00:00:00,-5.0,Vencido,Vencida,Operations Center,No encontrado,PCS17UB203604,A-S00629750
2026-10-07 00:00:00,2026-10-07 12:09:58.363968,20261007_120958_ba31ab,ARROYITO,605745,MASE SERGIO EDUARDO-MASE WALTER FERNANDO,6190J,1J06190JVND600034,6190J,Tractor,Monitor,G5 Universal,PCG5MUB192010,26.3 (11.3.4160-52),PCG5MUB192010,Monitor,Renovable esencial,A-S00635447,G5,No informado,2026-09-16 00:00:00,2027-09-16 00:00:00,344.0,Activo,Vigente,Operations Center,Serie de monitor,PCG5MUB192010,A-S00635447
2026-10-07 00:00:00,2026-10-07 12:09:58.363968,20261007_120958_ba31ab,ARROYITO,605745,MASE SERGIO EDUARDO-MASE WALTER FERNANDO,6190J,1J06190JVND600034,6190J,Tractor,Receptores de posición,SF7500,PCS75UA282094,2.70F,PCS75UA282094,Receptor de posición,SF-RTK,A-S00726885,SF7500,No informado,2026-10-04 00:00:00,2027-10-05 00:00:00,363.0,Activo,Vigente,Operations Center,Serie de receptor,PCS75UA282094,A-S00726885
2026-10-07 00:00:00,2026-10-07 12:09:58.363968,20261007_120958_ba31ab,CORDOBA,1030521,LAURET GERARDO RAUL,1J06190JCND600100,1J06190JCND600100,6190J,Tractor,Receptores de posición,SF7500,PCS75UA279525,2.50F,PCS75UA279525,Receptor de posición,SF-RTK,A-S00640758,SF7500,No informado,2026-06-01 00:00:00,2027-06-03 00:00:00,239.0,Activo,Vigente,Operations Center,Serie de receptor,PCS75UA279525,A-S00640758
2026-10-07 00:00:00,2026-10-07 12:09:58.363968,20261007_120958_ba31ab,PILAR,2659461,SCARAFFIA SA,Cosechadora 9770 STS,1CQ9770ALD0091710,9770 STS,Cosechadora,Monitor,G5 Universal,PCG5MUB186413,25.2 (10.31.3676-103),PCG5MUB186413,Monitor,Renovable esencial,A-S00643611,G5,No informado,2025-11-16 00:00:00,2026-11-18 00:00:00,42.0,Activo,Vence en 60 días,Operations Center,Serie de monitor,PCG5MUB186413,A-S00643611
2026-10-07 00:00:00,2026-10-07 12:09:58.363968,20261007_120958_ba31ab,ARROYITO,1922401,AGRICOLA VT SAS,Agrícola VT M200,1J07200CPS3000379,7M 200,Tractor,Monitor,G5 CommandCenter,PCG5CSC246797,26.3 (11.3.4160-52),1J07200CPS3000379,Machine,G5 Advanced - Tractor de la serie 7/8/9,A-S00660912,G5,No informado,,2027-09-02 00:00:00,330.0,Activo,Vigente,Operations Center,Serie de máquina,PCG5CSC246797,A-S00660912
2026-10-07 00:00:00,2026-10-07 12:09:58.363968,20261007_120958_ba31ab,ARROYITO,1922401,AGRICOLA VT SAS,,,,,Receptor de posición,SF7500,,,PCS75UA239102,Receptor de posición,SF-RTK,A-S00660915,Otra,No informado,,2027-09-02 00:00:00,330.0,Activo,Vigente,Operations Center,No encontrado,PCS75UA239102,A-S00660915
2026-10-07 00:00:00,2026-10-07 12:09:58.363968,20261007_120958_ba31ab,PILAR,3991461,NARDI ARMANDO ENRIQUE,7230j,1BM7230JJHH000463,7230J,Tractor,Receptores de posición,SF7500,PCS75UA144651,2.30J,PCS75UA144651,Receptor de posición,SF-RTK,A-S00632484,SF7500,No informado,2025-11-02 00:00:00,2026-11-04 00:00:00,28.0,Activo,Vence en 30 días,Operations Center,Serie de receptor,PCS75UA144651,A-S00632484
2026-10-07 00:00:00,2026-10-07 12:09:58.363968,20261007_120958_ba31ab,PILAR,3991461,NARDI ARMANDO ENRIQUE,7230j,1BM7230JJHH000463,7230J,Tractor,Monitor,G5Plus Universal,PCG5PUB200051,25.2 (10.31.3676-103),PCG5PUB200051,Monitor,Renovable esencial,A-S00639751,G5,No informado,2026-06-24 00:00:00,2027-06-24 00:00:00,260.0,Activo,Vigente,Operations Center,Serie de monitor,PCG5PUB200051,A-S00639751
2026-10-07 00:00:00,2026-10-07 12:09:58.363968,20261007_120958_ba31ab,ARROYITO,3913141,ACTIS SRL,,,,,Receptor de posición,SF7500,,,PCS75UA194648,Receptor de posición,SF-RTK,A-S00701702,Otra,No informado,2026-09-08 00:00:00,2027-09-09 00:00:00,337.0,Activo,Vigente,Operations Center,No encontrado,PCS75UA194648,A-S00701702
2026-10-07 00:00:00,2026-10-07 12:09:58.363968,20261007_120958_ba31ab,PILAR,3135081,AGROVAL SAS,Tractor 7815,BM7815X080313,7815,Tractor,Receptores de posición,SF7500,PCS75UA238483,2.30J,PCS75UA238483,Receptor de posición,SF-RTK,A-S00621709,SF7500,No informado,2025-10-14 00:00:00,2026-10-16 00:00:00,9.0,Activo,Vence en 30 días,Operations Center,Serie de receptor,PCS75UA238483,A-S00621709
2026-10-07 00:00:00,2026-10-07 12:09:58.363968,20261007_120958_ba31ab,PILAR,3135081,AGROVAL SAS,,,,,Monitor,G5 Universal,,,PCG5MUB176628,Monitor,Renovable esencial,A-S00644479,Otra,No informado,2025-10-05 00:00:00,2026-10-07 00:00:00,0.0,Activo,Vence en 30 días,Operations Center,No encontrado,PCG5MUB176628,A-S00644479
2026-10-07 00:00:00,2026-10-07 12:09:58.363968,20261007_120958_ba31ab,PILAR,4106081,DON TOMASITO SRL,Franco Bertello-7230M - Agus,1J07230CCR3000200,7M 230,Tractor,Receptores de posición,SF7000,PCS17UB239840,6.80C,PCS17UB239840,Receptor de posición,SF-RTK,A-S00621055,SF7000,No informado,2025-10-15 00:00:00,2026-10-17 00:00:00,10.0,Activo,Vence en 30 días,Operations Center,Serie de receptor,PCS17UB239840,A-S00621055
2026-10-07 00:00:00,2026-10-07 12:09:58.363968,20261007_120958_ba31ab,PILAR,4106081,DON TOMASITO SRL,FrancoBertello-S770 N2-Agustín,1J0S770BHS0155165,S770,Cosechadora,Monitor,G5 CommandCenter,PCG5CSB204167,26.3 (11.3.4160-52),1J0S770BHS0155165,Machine,G5 Advanced - Cosechadora,A-S00623256,G5,No informado,,,,Activo,Vigente,Operations Center,Serie de máquina,PCG5CSB204167,A-S00623256
2026-10-07 00:00:00,2026-10-07 12:09:58.363968,20261007_120958_ba31ab,PILAR,4106081,DON TOMASITO SRL,Franco Bertello - 8295R Maciel,1BM8295RVRS100625,8295R,Tractor,Receptores de posición,SF7500,PCS75UA172542,2.70F,PCS75UA172542,Receptor de posición,SF-RTK,A-S00626910,SF7500,No informado,2026-03-16 00:00:00,2027-03-18 00:00:00,162.0,Activo,Vigente,Operations Center,Serie de receptor,PCS75UA172542,A-S00626910
2026-10-07 00:00:00,2026-10-07 12:09:58.363968,20261007_120958_ba31ab,PILAR,4106081,DON TOMASITO SRL,Franco Bertello - 7230M - Seba,1J07230CHR3000243,7M 230,Tractor,Receptores de posición,SF7500,PCS75UA158306,2.30J,PCS75UA158306,Receptor de posición,SF-RTK,A-S00637372,SF7500,No informado,2025-11-19 00:00:00,2026-11-21 00:00:00,45.0,Activo,Vence en 60 días,Operations Center,Serie de receptor,PCS75UA158306,A-S00637372
2026-10-07 00:00:00,2026-10-07 12:09:58.363968,20261007_120958_ba31ab,PILAR,2932061,FRATTER AGRICOLA SRL,,,,,Receptor de posición,SF7500,,,PCS75UA195889,Receptor de posición,SF-RTK,A-S00635982,Otra,No informado,2025-11-16 00:00:00,2026-11-18 00:00:00,42.0,Activo,Vence en 60 días,Operations Center,No encontrado,PCS75UA195889,A-S00635982
2026-10-07 00:00:00,2026-10-07 12:09:58.363968,20261007_120958_ba31ab,PILAR,2932061,FRATTER AGRICOLA SRL,Agustin Fratter-7215J,1BM7215JPHH000344,7215J,Tractor,Receptores de posición,SF7500,PCS75UA177951,2.50F,PCS75UA177951,Receptor de posición,SF-RTK - Demostración,A-S00647957,SF7500,No informado,2026-06-21 00:00:00,2026-07-22 00:00:00,-77.0,Vencido,Vencida,Operations Center,Serie de receptor,PCS75UA177951,A-S00647957
2026-10-07 00:00:00,2026-10-07 12:09:58.363968,20261007_120958_ba31ab,PILAR,2932061,FRATTER AGRICOLA SRL,Agustin Fratter-7215J,1BM7215JPHH000344,7215J,Tractor,Receptores de posición,SF7500,PCS75UA177951,2.50F,PCS75UA177951,Receptor de posición,SF-RTK,A-S00721563,SF7500,No informado,2026-09-29 00:00:00,2027-09-30 00:00:00,358.0,Activo,Vigente,Operations Center,Serie de receptor,PCS75UA177951,A-S00721563
2026-10-07 00:00:00,2026-10-07 12:09:58.363968,20261007_120958_ba31ab,SINSACATE,3607461,AGROPECUARIA LA CAÑADA SAS,1J07230JJPD000905,1J07230JJPD000905,7230J,Tractor,Receptores de posición,SF7000,PCS17UB211701,6.80C,PCS17UB211701,Receptor de posición,SF-RTK,A-S00621215,SF7000,No informado,,,,Activo,Vigente,Operations Center,Serie de receptor,PCS17UB211701,A-S00621215
2026-10-07 00:00:00,2026-10-07 12:09:58.363968,20261007_120958_ba31ab,,3500561,Fercosi SRL (DellElce Ariel),1J07200CVS3000341,1J07200CVS3000341,7M 200,Tractor,Receptores de posición,SF7500,PCS75UA210463,2.40P,PCS75UA210463,Receptor de posición,SF-RTK,A-S00619181,SF7500,No informado,2026-02-02 00:00:00,2027-02-04 00:00:00,120.0,Activo,Vigente,Operations Center,Serie de receptor,PCS75UA210463,A-S00619181
2026-10-07 00:00:00,2026-10-07 12:09:58.363968,20261007_120958_ba31ab,,3500561,Fercosi SRL (DellElce Ariel),1J07200CVS3000341,1J07200CVS3000341,7M 200,Tractor,Monitor,G5 CommandCenter,PCG5CSC224231,25.3 (10.32.3817-138),1J07200CVS3000341,Machine,G5 Advanced - Tractor de la serie 7/8/9,A-S00629941,G5,No informado,2026-02-02 00:00:00,2027-02-04 00:00:00,120.0,Activo,Vigente,Operations Center,Serie de máquina,PCG5CSC224231,A-S00629941
2026-10-07 00:00:00,2026-10-07 12:09:58.363968,20261007_120958_ba31ab,,3500561,Fercosi SRL (DellElce Ariel),1CQ9670AHA0090203,1CQ9670AHA0090203,9670 STS,Cosechadora,Monitor,G5 Universal,PCG5MUB169878,24-2 (10.29.3422-90),PCG5MUB169878,Monitor,Renovable avanzada,A-S00640991,G5,No informado,2025-10-27 00:00:00,2026-10-29 00:00:00,22.0,Activo,Vence en 30 días,Operations Center,Serie de monitor,PCG5MUB169878,A-S00640991
2026-10-07 00:00:00,2026-10-07 12:09:58.363968,20261007_120958_ba31ab,,2749661,Agro Andreu,6150j nuevo Agro Andreu,1J06150JCRD600539,6150J,Tractor,Receptores de posición,SF7000,PCS17UB238885,6.75B,PCS17UB238885,Receptor de posición,SF-RTK,A-S00619687,SF7000,No informado,,,,Activo,Vigente,Operations Center,Serie de receptor,PCS17UB238885,A-S00619687
2026-10-07 00:00:00,2026-10-07 12:09:58.363968,20261007_120958_ba31ab,,2749661,Agro Andreu,6170J Agro Andreu,1J06170JHND600091,6170J,Tractor,Receptores de posición,SF7000,PCS17UB127453,6.60T,PCS17UB127453,Receptor de posición,SF-RTK,A-S00640715,SF7000,No informado,2026-07-16 00:00:00,2027-07-16 00:00:00,282.0,Activo,Vigente,Operations Center,Serie de receptor,PCS17UB127453,A-S00640715
2026-10-07 00:00:00,2026-10-07 12:09:58.363968,20261007_120958_ba31ab,SINSACATE,3655341,EL CASCABEL SA,8250R,1BM8250RKRS000035,8250R,Tractor,Monitor,G5 CommandCenter,PCG5CSB140429,26.3 (11.3.4160-40),1BM8250RKRS000035,Machine,G5 Advanced - Tractor de la serie 7/8/9,A-S00637042,G5,No informado,2025-09-02 00:00:00,2026-09-04 00:00:00,-33.0,Vencido,Vencida,Operations Center,Serie de máquina,PCG5CSB140429,A-S00637042
2026-10-07 00:00:00,2026-10-07 12:09:58.363968,20261007_120958_ba31ab,SINSACATE,3655341,EL CASCABEL SA,8250R,1BM8250RKRS000035,8250R,Tractor,Receptores de posición,SF7500,PCS75UA116321,2.70F,PCS75UA116321,Receptor de posición,SF-RTK,A-S00643997,SF7500,No informado,2025-09-02 00:00:00,2026-09-04 00:00:00,-33.0,Vencido,Vencida,Operations Center,Serie de receptor,PCS75UA116321,A-S00643997
2026-10-07 00:00:00,2026-10-07 12:09:58.363968,20261007_120958_ba31ab,SINSACATE,3655341,EL CASCABEL SA,8250R,1BM8250RKRS000035,8250R,Tractor,Monitor,G5 CommandCenter,PCG5CSB140429,26.3 (11.3.4160-40),1BM8250RKRS000035,Machine,G5 Advanced - Tractor de la serie 7/8/9,A-S00700688,G5,No informado,2026-09-07 00:00:00,2027-09-08 00:00:00,336.0,Activo,Vigente,Operations Center,Serie de máquina,PCG5CSB140429,A-S00700688
2026-10-07 00:00:00,2026-10-07 12:09:58.363968,20261007_120958_ba31ab,SINSACATE,3655341,EL CASCABEL SA,8250R,1BM8250RKRS000035,8250R,Tractor,Receptores de posición,SF7500,PCS75UA116321,2.70F,PCS75UA116321,Receptor de posición,SF-RTK,A-S00700690,SF7500,No informado,2026-09-07 00:00:00,2027-09-08 00:00:00,336.0,Activo,Vigente,Operations Center,Serie de receptor,PCS75UA116321,A-S00700690
2026-10-07 00:00:00,2026-10-07 12:09:58.363968,20261007_120958_ba31ab,CORDOBA,2967581,PARMENTIER SRL,1J07230CPR3000250,1J07230CPR3000250,7M 230,Tractor,Receptores de posición,SF7500,PCS75UA158592,2.30J,PCS75UA158592,Receptor de posición,SF-RTK,A-S00629203,SF7500,No informado,,,,Activo,Vigente,Operations Center,Serie de receptor,PCS75UA158592,A-S00629203
2026-10-07 00:00:00,2026-10-07 12:09:58.363968,20261007_120958_ba31ab,CORDOBA,2967581,PARMENTIER SRL,6190J - CHAYE,1J06190JHRD600321,6190J,Tractor,Receptores de posición,SF7000,PCS17UB216259,6.75B,PCS17UB216259,Receptor de posición,SF-RTK,A-S00642254,SF7000,No informado,2026-07-17 00:00:00,2027-07-17 00:00:00,283.0,Activo,Vigente,Operations Center,Serie de receptor,PCS17UB216259,A-S00642254
2026-10-07 00:00:00,2026-10-07 12:09:58.363968,20261007_120958_ba31ab,CORDOBA,3487841,Fondomonte South America S.A,Segadora DS2,YKG678562,SEGADORA,Segadora hileradora,Monitor,G5 Universal,PCG5MUB185219,24-2 (10.29.3422-101),PCG5MUB185219,Monitor,Renovable esencial,A-S00623005,G5,No informado,,,,Activo,Vigente,Operations Center,Serie de monitor,PCG5MUB185219,A-S00623005
2026-10-07 00:00:00,2026-10-07 12:09:58.363968,20261007_120958_ba31ab,CORDOBA,3487841,Fondomonte South America S.A,Segadora DS1,YJG678533,SEGADORA,Segadora hileradora,Monitor,G5 Universal,PCG5MUB192170,24-2 (10.29.3422-101),PCG5MUB192170,Monitor,Renovable esencial,A-S00624270,G5,No informado,,,,Activo,Vigente,Operations Center,Serie de monitor,PCG5MUB192170,A-S00624270
2026-10-07 00:00:00,2026-10-07 12:09:58.363968,20261007_120958_ba31ab,CORDOBA,3487841,Fondomonte South America S.A,Massey Ferguson 7725- VT36,9AGT0031ARM002128,MASSEY,Tractor,Monitor,G5 Universal,PCG5MUB188322,25.4 (10.35.3817-13),PCG5MUB188322,Monitor,Renovable esencial,A-S00631096,G5,No informado,,,,Activo,Vigente,Operations Center,Serie de monitor,PCG5MUB188322,A-S00631096
2026-10-07 00:00:00,2026-10-07 12:09:58.363968,20261007_120958_ba31ab,CORDOBA,3487841,Fondomonte South America S.A,CASE RD 30,YJG63154,SEGADORA,Segadora hileradora,Monitor,G5 Universal,PCG5MUB186739,25.4 (10.35.3817-13),PCG5MUB186739,Monitor,Renovable esencial,A-S00634939,G5,No informado,,,,Activo,Vigente,Operations Center,Serie de monitor,PCG5MUB186739,A-S00634939
2026-10-07 00:00:00,2026-10-07 12:09:58.363968,20261007_120958_ba31ab,CORDOBA,3487841,Fondomonte South America S.A,,,,,Receptor de posición,SF7500,,,PCS75UA266407,Receptor de posición,SF-RTK,A-S00635033,Otra,No informado,2026-06-02 00:00:00,2027-06-04 00:00:00,240.0,Activo,Vigente,Operations Center,No encontrado,PCS75UA266407,A-S00635033
2026-10-07 00:00:00,2026-10-07 12:09:58.363968,20261007_120958_ba31ab,CORDOBA,3487841,Fondomonte South America S.A,Massey Ferguson 7725- VT36,9AGT0031ARM002128,MASSEY,Tractor,Receptores de posición,SF7500,PCS75UA264812,2.40P,PCS75UA264812,Receptor de posición,SF-RTK,A-S00641591,SF7500,No informado,2026-06-02 00:00:00,2027-06-04 00:00:00,240.0,Activo,Vigente,Operations Center,Serie de receptor,PCS75UA264812,A-S00641591
2026-10-07 00:00:00,2026-10-07 12:09:58.363968,20261007_120958_ba31ab,CORDOBA,3487841,Fondomonte South America S.A,,,,,Monitor,G5 Universal,,,PCG5MUB189053,Monitor,Renovable esencial,A-S00643953,Otra,No informado,,,,Activo,Vigente,Operations Center,No encontrado,PCG5MUB189053,A-S00643953
2026-10-07 00:00:00,2026-10-07 12:09:58.363968,20261007_120958_ba31ab,CORDOBA,3487841,Fondomonte South America S.A,,,,,Receptor de posición,SF7500,,,PCS75UA264012,Receptor de posición,SF-RTK,A-S00715221,Otra,No informado,2026-09-22 00:00:00,2027-09-23 00:00:00,351.0,Activo,Vigente,Operations Center,No encontrado,PCS75UA264012,A-S00715221
2026-10-07 00:00:00,2026-10-07 12:09:58.363968,20261007_120958_ba31ab,CORDOBA,3487841,Fondomonte South America S.A,,,,,Receptor de posición,SF7500,,,PCS75UA266671,Receptor de posición,SF-RTK,A-S00715222,Otra,No informado,2026-09-22 00:00:00,2027-09-23 00:00:00,351.0,Activo,Vigente,Operations Center,No encontrado,PCS75UA266671,A-S00715222
2026-10-07 00:00:00,2026-10-07 12:09:58.363968,20261007_120958_ba31ab,CORDOBA,3487841,Fondomonte South America S.A,,,,,Receptor de posición,SF7500,,,PCS75UA294154,Receptor de posición,SF-RTK,A-S00715223,Otra,No informado,2026-09-22 00:00:00,2027-09-23 00:00:00,351.0,Activo,Vigente,Operations Center,No encontrado,PCS75UA294154,A-S00715223
2026-10-07 00:00:00,2026-10-07 12:09:58.363968,20261007_120958_ba31ab,CORDOBA,3487841,Fondomonte South America S.A,,,,,Receptor de posición,SF7500,,,PCS75UA281983,Receptor de posición,SF-RTK,A-S00715224,Otra,No informado,2026-09-22 00:00:00,2027-09-23 00:00:00,351.0,Activo,Vigente,Operations Center,No encontrado,PCS75UA281983,A-S00715224
2026-10-07 00:00:00,2026-10-07 12:09:58.363968,20261007_120958_ba31ab,ARROYITO,3709361,DANIEL LAVEZZINI,Daniel Lavezzini 6190,1J06190JCND600095,6190J,Tractor,Monitor,G5 Universal,PCG5MUB176290,25.2 (10.31.3676-103),PCG5MUB176290,Monitor,Renovable esencial,A-S00621147,G5,No informado,2025-09-01 00:00:00,2026-09-03 00:00:00,-34.0,Vencido,Vencida,Operations Center,Serie de monitor,PCG5MUB176290,A-S00621147
2026-10-07 00:00:00,2026-10-07 12:09:58.363968,20261007_120958_ba31ab,ARROYITO,3709361,DANIEL LAVEZZINI,Daniel Lavezzini 6190,1J06190JCND600095,6190J,Tractor,Receptores de posición,SF7500,PCS75UA144788,2.30J,PCS75UA144788,Receptor de posición,SF-RTK,A-S00635546,SF7500,No informado,2025-09-03 00:00:00,2026-09-05 00:00:00,-32.0,Vencido,Vencida,Operations Center,Serie de receptor,PCS75UA144788,A-S00635546
2026-10-07 00:00:00,2026-10-07 12:09:58.363968,20261007_120958_ba31ab,ARROYITO,3342761,BAECHLIHNOSSRL,7M 230,1J07200CCS3000296,7M 200,Tractor,Monitor,G5 CommandCenter,PCG5CSC222549,25.3 (10.32.3817-138),1J07200CCS3000296,Machine,G5 Advanced - Tractor de la serie 7/8/9,A-S00628634,G5,No informado,2025-11-20 00:00:00,2026-11-22 00:00:00,46.0,Activo,Vence en 60 días,Operations Center,Serie de máquina,PCG5CSC222549,A-S00628634
2026-10-07 00:00:00,2026-10-07 12:09:58.363968,20261007_120958_ba31ab,ARROYITO,3342761,BAECHLIHNOSSRL,7M 230,1J07200CCS3000296,7M 200,Tractor,Receptores de posición,SF7500,PCS75UA201512,2.40P,PCS75UA201512,Receptor de posición,SF-RTK,A-S00645082,SF7500,No informado,2025-11-20 00:00:00,2026-11-22 00:00:00,46.0,Activo,Vence en 60 días,Operations Center,Serie de receptor,PCS75UA201512,A-S00645082
2026-10-07 00:00:00,2026-10-07 12:09:58.363968,20261007_120958_ba31ab,PILAR,2817721,SUBILS GABRIEL IVAN,SUBILS - Cosechadora 9750 STS,CQ9750A070232,9750 STS,Cosechadora,Monitor,G5 Universal,PCG5MUB190805,25.4 (10.35.3817-13),PCG5MUB190805,Monitor,Renovable esencial,A-S00633453,G5,No informado,2026-03-30 00:00:00,,,Activo,Vigente,Operations Center,Serie de monitor,PCG5MUB190805,A-S00633453
2026-10-07 00:00:00,2026-10-07 12:09:58.363968,20261007_120958_ba31ab,PILAR,4114801,SOL SRL,,,,,Receptor de posición,SF7000,,,PCS17UB235430,Receptor de posición,SF-RTK,A-S00630084,Otra,No informado,2025-11-30 00:00:00,,,Activo,Vigente,Operations Center,No encontrado,PCS17UB235430,A-S00630084
2026-10-07 00:00:00,2026-10-07 12:09:58.363968,20261007_120958_ba31ab,ARROYITO,2750921,PLAZA ARIEL GREGORIO,,,,,Receptor de posición,SF7000,,,PCS17UB207541,Receptor de posición,SF-RTK,A-S00631222,Otra,No informado,2025-11-14 00:00:00,2026-11-16 00:00:00,40.0,Activo,Vence en 60 días,Operations Center,No encontrado,PCS17UB207541,A-S00631222
2026-10-07 00:00:00,2026-10-07 12:09:58.363968,20261007_120958_ba31ab,SANTA ROSA,3538801,BRUNO NANCI,JD 7815,BM7815X080333,7815,Tractor,Monitor,G5 Universal,PCG5MUB176530,25.3 (10.32.3817-94),PCG5MUB176530,Monitor,Renovable esencial,A-S00639554,G5,No informado,2026-09-20 00:00:00,2027-09-20 00:00:00,348.0,Activo,Vigente,Operations Center,Serie de monitor,PCG5MUB176530,A-S00639554
2026-10-07 00:00:00,2026-10-07 12:09:58.363968,20261007_120958_ba31ab,SANTA ROSA,4002881,RIORDA RUBEN,1J0S770BET0160224,1J0S770BET0160224,S7 700,Cosechadora,Receptores de posición,SF7500 Integrated,PCG75FA243138,2.50F,PCG75FA243138,Receptor de posición,SF-RTK,A-S00645471,SF7500,No informado,,,,No activado,No activada,Operations Center,Serie de receptor,PCG75FA243138,A-S00645471
2026-10-07 00:00:00,2026-10-07 12:09:58.363968,20261007_120958_ba31ab,SANTA ROSA,4002881,RIORDA RUBEN,1J0S770BET0160224,1J0S770BET0160224,S7 700,Cosechadora,Monitor,G5 CommandCenter,PCG5CSC266577,26.3 (11.3.4160-52),1J0S770BET0160224,Machine,G5 Advanced - Cosechadora,A-S00645476,G5,No informado,2026-07-02 00:00:00,2027-07-04 00:00:00,270.0,Activo,Vigente,Operations Center,Serie de máquina,PCG5CSC266577,A-S00645476
2026-10-07 00:00:00,2026-10-07 12:09:58.363968,20261007_120958_ba31ab,OTRO,4805861,LEANDRO MARTIN SCHEFER,,,,,Receptor de posición,SF7000,,,PCS17UB127293,Receptor de posición,SF-RTK,A-S00614892,Otra,No informado,2025-10-30 00:00:00,2026-11-01 00:00:00,25.0,Activo,Vence en 30 días,Operations Center,No encontrado,PCS17UB127293,A-S00614892
2026-10-07 00:00:00,2026-10-07 12:09:58.363968,20261007_120958_ba31ab,OTRO,4805861,LEANDRO MARTIN SCHEFER,,,,,Receptor de posición,SF7000,,,PCS17UB171739,Receptor de posición,SF-RTK,A-S00618199,Otra,No informado,2025-10-12 00:00:00,2026-10-14 00:00:00,7.0,Activo,Vence en 30 días,Operations Center,No encontrado,PCS17UB171739,A-S00618199
2026-10-07 00:00:00,2026-10-07 12:09:58.363968,20261007_120958_ba31ab,PILAR,4172561,LATINIABELALBERTO,S760 LATINI,1J0S760BKS0155152,S760,Cosechadora,Monitor,G5 CommandCenter,PCG5CSB206966,25.2 (10.31.3676-103),1J0S760BKS0155152,Machine,G5 Advanced - Cosechadora,A-S00615494,G5,No informado,2025-09-15 00:00:00,2028-09-17 00:00:00,711.0,Activo,Vigente,Operations Center,Serie de máquina,PCG5CSB206966,A-S00615494
2026-10-07 00:00:00,2026-10-07 12:09:58.363968,20261007_120958_ba31ab,PILAR,4172561,LATINIABELALBERTO,S760 LATINI,1J0S760BKS0155152,S760,Cosechadora,Receptores de posición,SF7500,PCS75UA201843,2.30J,PCS75UA201843,Receptor de posición,SF-RTK,A-S00637792,SF7500,No informado,2025-09-15 00:00:00,2028-09-17 00:00:00,711.0,Activo,Vigente,Operations Center,Serie de receptor,PCS75UA201843,A-S00637792
2026-10-07 00:00:00,2026-10-07 12:09:58.363968,20261007_120958_ba31ab,SINSACATE,4513641,NICOLAS BULA,1BM8250RJTS000240,1BM8250RJTS000240,8250R,Tractor,Receptores de posición,SF7500,PCS75UA261473,2.50F,PCS75UA261473,Receptor de posición,SF-RTK,A-S00623904,SF7500,No informado,2026-07-12 00:00:00,2027-07-12 00:00:00,278.0,Activo,Vigente,Operations Center,Serie de receptor,PCS75UA261473,A-S00623904
2026-10-07 00:00:00,2026-10-07 12:09:58.363968,20261007_120958_ba31ab,SINSACATE,4513641,NICOLAS BULA,1BM8250RJTS000240,1BM8250RJTS000240,8250R,Tractor,Monitor,G5 CommandCenter,PCG5CSC265770,26.3 (11.3.4160-40),1BM8250RJTS000240,Machine,G5 Advanced - Tractor de la serie 7/8/9,A-S00644926,G5,No informado,2026-07-12 00:00:00,2027-07-12 00:00:00,278.0,Activo,Vigente,Operations Center,Serie de máquina,PCG5CSC265770,A-S00644926
2026-10-07 00:00:00,2026-10-07 12:09:58.363968,20261007_120958_ba31ab,CORDOBA,4899201,SERVICIOS AGROPECUARIOS DON CARLOS,,,,,Receptor de posición,SF7500,,,PCS75UA247485,Receptor de posición,SF-RTK,A-S00616811,Otra,No informado,2025-11-24 00:00:00,2026-11-26 00:00:00,50.0,Activo,Vence en 60 días,Operations Center,No encontrado,PCS75UA247485,A-S00616811
2026-10-07 00:00:00,2026-10-07 12:09:58.363968,20261007_120958_ba31ab,CORDOBA,4511541,SOCIEDAD JSE,9770STS LUPI,1CQ9770AVD0092580,9770 STS,Cosechadora,Monitor,G5 Universal,PCG5MUB169835,25.4 (10.35.3817-9),PCG5MUB169835,Monitor,Renovable avanzada,A-S00617496,G5,No informado,2026-03-02 00:00:00,2027-03-04 00:00:00,148.0,Activo,Vigente,Operations Center,Serie de monitor,PCG5MUB169835,A-S00617496
2026-10-07 00:00:00,2026-10-07 12:09:58.363968,20261007_120958_ba31ab,SINSACATE,4523321,NUEVO CENTENARIO SA,Pla 3300 p11,1YE3300CPSA009203,3300,Pulverizadora,Receptores de posición,SF7000,PCS17UB207688,6.80C,PCS17UB207688,Receptor de posición,SF-RTK,A-S00679185,SF7000,No informado,,,,Activo,Vigente,Operations Center,Serie de receptor,PCS17UB207688,A-S00679185
2026-10-07 00:00:00,2026-10-07 12:09:58.363968,20261007_120958_ba31ab,ARROYITO,4652921,RUATTA JAVIER E ISMAEL SH,1J07230CJT3000775,1J07230CJT3000775,7M 230,Tractor,Receptores de posición,SF7500,PCS75UA273481,2.70F,PCS75UA273481,Receptor de posición,SF-RTK,A-S00694422,SF7500,No informado,2026-09-30 00:00:00,2027-10-01 00:00:00,359.0,Activo,Vigente,Operations Center,Serie de receptor,PCS75UA273481,A-S00694422
2026-10-07 00:00:00,2026-10-07 12:09:58.363968,20261007_120958_ba31ab,ARROYITO,4652921,RUATTA JAVIER E ISMAEL SH,1J07230CJT3000775,1J07230CJT3000775,7M 230,Tractor,Monitor,G5 CommandCenter,PCG5CSC263139,26.3 (11.3.4160-52),1J07230CJT3000775,Machine,G5 Advanced - Tractor de la serie 7/8/9,A-S00694425,G5,No informado,2026-09-30 00:00:00,2027-10-01 00:00:00,359.0,Activo,Vigente,Operations Center,Serie de máquina,PCG5CSC263139,A-S00694425
2026-10-07 00:00:00,2026-10-07 12:09:58.363968,20261007_120958_ba31ab,SINSACATE,4559521,PER IZA SRL,1BM8250RKTS000270,1BM8250RKTS000270,8250R,Tractor,Monitor,G5 CommandCenter,PCG5CSC292137,26.3 (11.3.4160-52),1BM8250RKTS000270,Machine,G5 Advanced - Tractor de la serie 7/8/9,A-S00705727,G5,No informado,2026-09-23 00:00:00,2027-09-24 00:00:00,352.0,Activo,Vigente,Operations Center,Serie de máquina,PCG5CSC292137,A-S00705727
2026-10-07 00:00:00,2026-10-07 12:09:58.363968,20261007_120958_ba31ab,SINSACATE,5771451,AGRO NORTE SS,,,,,Receptor de posición,SF7000,,,PCS17UB217760,Receptor de posición,SF-RTK,A-S00615284,Otra,No informado,,,,Activo,Vigente,Operations Center,No encontrado,PCS17UB217760,A-S00615284
2026-10-07 00:00:00,2026-10-07 12:09:58.363968,20261007_120958_ba31ab,CORDOBA,5756883,Pablo Auliso,1J07230CKS3000420,1J07230CKS3000420,7M 230,Tractor,Receptores de posición,SF7500,PCS75UA201219,2.40P,PCS75UA201219,Receptor de posición,SF-RTK,A-S00632677,SF7500,No informado,2025-10-13 00:00:00,2026-10-15 00:00:00,8.0,Activo,Vence en 30 días,Operations Center,Serie de receptor,PCS75UA201219,A-S00632677
2026-10-07 00:00:00,2026-10-07 12:09:58.363968,20261007_120958_ba31ab,CORDOBA,5756883,Pablo Auliso,1J07230CKS3000420,1J07230CKS3000420,7M 230,Tractor,Monitor,G5 CommandCenter,PCG5CSC228999,25.3 (10.32.3817-138),1J07230CKS3000420,Machine,G5 Advanced - Tractor de la serie 7/8/9,A-S00639087,G5,No informado,2025-10-13 00:00:00,2026-10-15 00:00:00,8.0,Activo,Vence en 30 días,Operations Center,Serie de máquina,PCG5CSC228999,A-S00639087
2026-10-07 00:00:00,2026-10-07 12:09:58.363968,20261007_120958_ba31ab,ARROYITO,5430201,MAGNANO MARTIN,1J07230CER3000227,1J07230CER3000227,7M 230,Tractor,Receptores de posición,SF7500,PCS75UA154556,2.40P,PCS75UA154556,Receptor de posición,SF-RTK,A-S00618186,SF7500,No informado,2025-11-20 00:00:00,2026-11-22 00:00:00,46.0,Activo,Vence en 60 días,Operations Center,Serie de receptor,PCS75UA154556,A-S00618186
2026-10-07 00:00:00,2026-10-07 12:09:58.363968,20261007_120958_ba31ab,PILAR,5794092,GABRIEL OSCAR CIRIACI,1CQ9770AJE0092657,1CQ9770AJE0092657,9770 STS,Cosechadora,Monitor,G5 Universal,PCG5MUB166808,25.2 (10.31.3676-103),PCG5MUB166808,Monitor,Renovable avanzada,A-S00640536,G5,No informado,2025-11-04 00:00:00,2026-11-06 00:00:00,30.0,Activo,Vence en 30 días,Operations Center,Serie de monitor,PCG5MUB166808,A-S00640536
2026-10-07 00:00:00,2026-10-07 12:09:58.363968,20261007_120958_ba31ab,SINSACATE,5763927,AGRO VISINTIN SOCIEDAD SIMPLE,RW7630R010569,RW7630R010569,7630,Tractor,Monitor,G5 Universal,PCG5MUB192343,26.3 (11.3.4160-40),PCG5MUB192343,Monitor,Renovable esencial,A-S00621941,G5,No informado,2026-09-15 00:00:00,2027-09-15 00:00:00,343.0,Activo,Vigente,Operations Center,Serie de monitor,PCG5MUB192343,A-S00621941
2026-10-07 00:00:00,2026-10-07 12:09:58.363968,20261007_120958_ba31ab,SINSACATE,5763927,AGRO VISINTIN SOCIEDAD SIMPLE,RW7630R010569,RW7630R010569,7630,Tractor,Receptores de posición,SF7500,PCS75UA280885,2.50F,PCS75UA280885,Receptor de posición,SF-RTK,A-S00708450,SF7500,No informado,2026-09-15 00:00:00,2027-09-16 00:00:00,344.0,Activo,Vigente,Operations Center,Serie de receptor,PCS75UA280885,A-S00708450
2026-10-07 00:00:00,2026-10-07 12:09:58.363968,20261007_120958_ba31ab,ARROYITO,5768115,PANERO DANIEL,1J07230CJS3000533,1J07230CJS3000533,7M 230,Tractor,Receptores de posición,SF7500,PCS75UA237983,2.50F,PCS75UA237983,Receptor de posición,SF-RTK,A-S00624504,SF7500,No informado,2025-11-20 00:00:00,2026-11-22 00:00:00,46.0,Activo,Vence en 60 días,Operations Center,Serie de receptor,PCS75UA237983,A-S00624504
2026-10-07 00:00:00,2026-10-07 12:09:58.363968,20261007_120958_ba31ab,ARROYITO,5768115,PANERO DANIEL,1J07230CJS3000533,1J07230CJS3000533,7M 230,Tractor,Monitor,G5 CommandCenter,PCG5CSC224052,26.3 (11.3.4160-40),1J07230CJS3000533,Machine,G5 Advanced - Tractor de la serie 7/8/9,A-S00629453,G5,No informado,2025-11-20 00:00:00,2026-11-22 00:00:00,46.0,Activo,Vence en 60 días,Operations Center,Serie de máquina,PCG5CSC224052,A-S00629453
2026-10-07 00:00:00,2026-10-07 12:09:58.363968,20261007_120958_ba31ab,PILAR,5782824,DRUETTA EMILIO ENRIQUE,1J07200CTR3000181,1J07200CTR3000181,7M 200,Tractor,Receptores de posición,SF7500,PCS75UA146710,2.22C,PCS75UA146710,Receptor de posición,SF-RTK,A-S00638307,SF7500,No informado,2025-11-24 00:00:00,2026-11-26 00:00:00,50.0,Activo,Vence en 60 días,Operations Center,Serie de receptor,PCS75UA146710,A-S00638307
2026-10-07 00:00:00,2026-10-07 12:09:58.363968,20261007_120958_ba31ab,PILAR,5784058,Lucas Gribaudo,7210J,1BM7210JEGH001639,7210J,Tractor,Monitor,G5 Universal,PCG5MUB176365,24-2 (10.29.3422-101),PCG5MUB176365,Monitor,Renovable esencial,A-S00630086,G5,No informado,2025-07-16 00:00:00,2026-07-18 00:00:00,-81.0,Vencido,Vencida,Operations Center,Serie de monitor,PCG5MUB176365,A-S00630086
2026-10-07 00:00:00,2026-10-07 12:09:58.363968,20261007_120958_ba31ab,PILAR,5784058,Lucas Gribaudo,7210J,1BM7210JEGH001639,7210J,Tractor,Receptores de posición,SF7500,PCS75UA142821,2.30J,PCS75UA142821,Receptor de posición,SF-RTK - Demostración,A-S00630746,SF7500,No informado,2026-05-25 00:00:00,2026-06-27 00:00:00,-102.0,Vencido,Vencida,Operations Center,Serie de receptor,PCS75UA142821,A-S00630746
2026-10-07 00:00:00,2026-10-07 12:09:58.363968,20261007_120958_ba31ab,SINSACATE,5757702,EULA HUMBERTO Y WALTER SA,,,,,Receptor de posición,SF7500,,,PCS75UA290342,Receptor de posición,SF-RTK,A-S00672292,Otra,No informado,2026-09-30 00:00:00,2027-10-02 00:00:00,360.0,Activo,Vigente,Operations Center,No encontrado,PCS75UA290342,A-S00672292
2026-10-07 00:00:00,2026-10-07 12:09:58.363968,20261007_120958_ba31ab,SINSACATE,5757702,EULA HUMBERTO Y WALTER SA,1BM8250RKTS000253,1BM8250RKTS000253,8250R,Tractor,Monitor,G5 CommandCenter,PCG5CSC265813,26.3 (11.3.4160-52),1BM8250RKTS000253,Machine,G5 Advanced - Tractor de la serie 7/8/9,A-S00672293,G5,No informado,2026-09-30 00:00:00,2027-10-02 00:00:00,360.0,Activo,Vigente,Operations Center,Serie de máquina,PCG5CSC265813,A-S00672293
2026-10-07 00:00:00,2026-10-07 12:09:58.363968,20261007_120958_ba31ab,CORDOBA,5539761,Conci,,,,,,,,,,,Renovable esencial,A-S00696188,Otra,No informado,,2026-09-07 00:00:00,-30.0,Cancelada,Cancelada,Operations Center,Sin serie asignada,,A-S00696188
2026-10-07 00:00:00,2026-10-07 12:09:58.363968,20261007_120958_ba31ab,PILAR,5897153,BONETTO ANGEL TOMAS Y BONETTO GERARDO ARIEL SH,7200M Bonetto,1J07200CHR3000144,7M 200,Tractor,Receptores de posición,SF7000,PCS17UB242203,6.80C,PCS17UB242203,Receptor de posición,SF-RTK,A-S00639269,SF7000,No informado,2025-09-17 00:00:00,2026-09-19 00:00:00,-18.0,Vencido,Vencida,Operations Center,Serie de receptor,PCS17UB242203,A-S00639269
2026-10-07 00:00:00,2026-10-07 12:09:58.363968,20261007_120958_ba31ab,PILAR,5897153,BONETTO ANGEL TOMAS Y BONETTO GERARDO ARIEL SH,7200M Bonetto,1J07200CHR3000144,7M 200,Tractor,Monitor,G5 CommandCenter,PCG5CSA124643,25.2 (10.31.3676-103),1J07200CHR3000144,Machine,G5 Advanced - Tractor de la serie 7/8/9,A-S00640848,G5,No informado,,2026-06-16 00:00:00,-113.0,Cancelada,Cancelada,Operations Center,Serie de máquina,PCG5CSA124643,A-S00640848
2026-10-07 00:00:00,2026-10-07 12:09:58.363968,20261007_120958_ba31ab,PILAR,5833877,SUBILS ROBERTO FRANCISCO,7200J,1J07200JVRD000701,7200J,Tractor,Receptores de posición,SF7000,PCS17UB201654,6.75B,PCS17UB201654,Receptor de posición,SF-RTK,A-S00616306,SF7000,No informado,,,,Activo,Vigente,Operations Center,Serie de receptor,PCS17UB201654,A-S00616306
2026-10-07 00:00:00,2026-10-07 12:09:58.363968,20261007_120958_ba31ab,ARROYITO,5902984,Camisassa Elio y Eder SH,7M230,1J07230CCS3000548,7M 230,Tractor,Receptores de posición,SF7500,PCS75UA210840,2.20N,PCS75UA210840,Receptor de posición,SF-RTK,A-S00627946,SF7500,No informado,2026-09-02 00:00:00,2027-09-02 00:00:00,330.0,Activo,Vigente,Operations Center,Serie de receptor,PCS75UA210840,A-S00627946
2026-10-07 00:00:00,2026-10-07 12:09:58.363968,20261007_120958_ba31ab,ARROYITO,5902984,Camisassa Elio y Eder SH,7M230,1J07230CCS3000548,7M 230,Tractor,Monitor,G5 CommandCenter,PCG5CSC224206,26.3 (11.3.4160-52),1J07230CCS3000548,Machine,G5 Advanced - Tractor de la serie 7/8/9,A-S00638621,G5,No informado,2026-09-02 00:00:00,2027-09-02 00:00:00,330.0,Activo,Vigente,Operations Center,Serie de máquina,PCG5CSC224206,A-S00638621
2026-10-07 00:00:00,2026-10-07 12:09:58.363968,20261007_120958_ba31ab,ARROYITO,5917037,FAVARO SERVICIOS AGROPECUARIOS SRL,1BM8270RPSS101494,1BM8270RPSS101494,8270R,Tractor,Receptores de posición,SF7000,PCS17UB167991,6.80C,PCS17UB167991,Receptor de posición,SF-RTK,A-S00624416,SF7000,No informado,2025-07-20 00:00:00,2026-07-22 00:00:00,-77.0,Vencido,Vencida,Operations Center,Serie de receptor,PCS17UB167991,A-S00624416
2026-10-07 00:00:00,2026-10-07 12:09:58.363968,20261007_120958_ba31ab,ARROYITO,5917037,FAVARO SERVICIOS AGROPECUARIOS SRL,1BM8270RPSS101494,1BM8270RPSS101494,8270R,Tractor,Monitor,G5 CommandCenter,PCG5CSC227201,24-2 (10.29.3422-101),1BM8270RPSS101494,Machine,G5 Advanced - Tractor de la serie 7/8/9,A-S00643386,G5,No informado,2025-07-25 00:00:00,2026-07-27 00:00:00,-72.0,Vencido,Vencida,Operations Center,Serie de máquina,PCG5CSC227201,A-S00643386
2026-10-07 00:00:00,2026-10-07 12:09:58.363968,20261007_120958_ba31ab,ARROYITO,5917037,FAVARO SERVICIOS AGROPECUARIOS SRL,1BM8270RPSS101494,1BM8270RPSS101494,8270R,Tractor,Receptores de posición,SF7000,PCS17UB167991,6.80C,PCS17UB167991,Receptor de posición,SF-RTK,A-S00680781,SF7000,No informado,,,,Activo,Vigente,Operations Center,Serie de receptor,PCS17UB167991,A-S00680781
2026-10-07 00:00:00,2026-10-07 12:09:58.363968,20261007_120958_ba31ab,PILAR,5891933,AGRO CESAR SAS,6190J,1J06190JLRD600317,6190J,Tractor,Receptores de posición,SF7000,PCS17UB235334,6.75B,PCS17UB235334,Receptor de posición,SF-RTK,A-S00620635,SF7000,No informado,2025-09-09 00:00:00,2026-09-11 00:00:00,-26.0,Vencido,Vencida,Operations Center,Serie de receptor,PCS17UB235334,A-S00620635
2026-10-07 00:00:00,2026-10-07 12:09:58.363968,20261007_120958_ba31ab,PILAR,5904804,FRANCIONIDIEGOERNESTO,S760 Francioni,1J0S760BTP0150120,S760,Cosechadora,Monitor,G5 CommandCenter,PCG5CSA116521,25.1 (10.30.3567-72),1J0S760BTP0150120,Machine,G5 Advanced - Cosechadora,A-S00627974,G5,No informado,2024-10-28 00:00:00,2027-10-30 00:00:00,388.0,Activo,Vigente,Operations Center,Serie de máquina,PCG5CSA116521,A-S00627974
2026-10-07 00:00:00,2026-10-07 12:09:58.363968,20261007_120958_ba31ab,PILAR,5870881,NADIN BADUY,7200M,1J07200CTR3000116,7M 200,Tractor,Receptores de posición,SF7000,PCS17UB235687,6.75B,PCS17UB235687,Receptor de posición,SF-RTK,A-S00629212,SF7000,No informado,,,,Activo,Vigente,Operations Center,Serie de receptor,PCS17UB235687,A-S00629212
2026-10-07 00:00:00,2026-10-07 12:09:58.363968,20261007_120958_ba31ab,OTRO,5835573,YERUTI SA,,,,,Monitor,G5Plus Universal,,,PCG5PUB192583,Monitor,Renovable esencial,A-S00625390,Otra,No informado,2026-09-08 00:00:00,2027-09-08 00:00:00,336.0,Activo,Vigente,Operations Center,No encontrado,PCG5PUB192583,A-S00625390
2026-10-07 00:00:00,2026-10-07 12:09:58.363968,20261007_120958_ba31ab,SINSACATE,5903561,ÑAÑEZ RICARDO FABIAN,1RW8260RCCP054983,1RW8260RCCP054983,8260R,Tractor,Receptores de posición,SF7000,PCS17UB213229,6.75B,PCS17UB213229,Receptor de posición,SF-RTK,A-S00637348,SF7000,No informado,2026-09-18 00:00:00,2027-09-18 00:00:00,346.0,Activo,Vigente,Operations Center,Serie de receptor,PCS17UB213229,A-S00637348
2026-10-07 00:00:00,2026-10-07 12:09:58.363968,20261007_120958_ba31ab,PILAR,5827074,NOVELLA ALEJANDRO ANDRES Y FABIAN CARLOS SH,9670 STS N°3,1CQ9670AKB0091182,9670 STS,Cosechadora,Monitor,G5 Universal,PCG5MUB187536,25.4 (10.35.3817-13),PCG5MUB187536,Monitor,Renovable esencial,A-S00644989,G5,No informado,,,,Activo,Vigente,Operations Center,Serie de monitor,PCG5MUB187536,A-S00644989
2026-10-07 00:00:00,2026-10-07 12:09:58.363968,20261007_120958_ba31ab,ARROYITO,5939853,Alejandro Rubiano,J 7200,1J07200CTS3000316,7M 200,Tractor,Monitor,G5 CommandCenter,PCG5CSC222745,26.3 (11.3.4160-40),1J07200CTS3000316,Machine,G5 Advanced - Tractor de la serie 7/8/9,A-S00615519,G5,No informado,2026-05-12 00:00:00,2027-05-14 00:00:00,219.0,Activo,Vigente,Operations Center,Serie de máquina,PCG5CSC222745,A-S00615519
2026-10-07 00:00:00,2026-10-07 12:09:58.363968,20261007_120958_ba31ab,ARROYITO,5939853,Alejandro Rubiano,J 7200,1J07200CTS3000316,7M 200,Tractor,Receptores de posición,SF7500,PCS75UA312683,2.70F,PCS75UA312683,Receptor de posición,SF-RTK,A-S00629747,SF7500,No informado,2026-05-12 00:00:00,2027-05-14 00:00:00,219.0,Activo,Vigente,Operations Center,Serie de receptor,PCS75UA312683,A-S00629747
2026-10-07 00:00:00,2026-10-07 12:09:58.363968,20261007_120958_ba31ab,,6011314,Hernan Hector Giordano,1J07230CVS3000566,1J07230CVS3000566,7M 230,Tractor,Receptores de posición,SF7500,PCS75UA242476,2.50F,PCS75UA242476,Receptor de posición,SF-RTK,A-S00620254,SF7500,No informado,2026-07-15 00:00:00,2027-07-15 00:00:00,281.0,Activo,Vigente,Operations Center,Serie de receptor,PCS75UA242476,A-S00620254
2026-10-07 00:00:00,2026-10-07 12:09:58.363968,20261007_120958_ba31ab,,6011314,Hernan Hector Giordano,1J07230CVS3000566,1J07230CVS3000566,7M 230,Tractor,Monitor,G5 CommandCenter,PCG5CSC238768,26.3 (11.3.4160-40),1J07230CVS3000566,Machine,G5 Advanced - Tractor de la serie 7/8/9,A-S00640459,G5,No informado,2026-07-15 00:00:00,2027-07-15 00:00:00,281.0,Activo,Vigente,Operations Center,Serie de máquina,PCG5CSC238768,A-S00640459
2026-10-07 00:00:00,2026-10-07 12:09:58.363968,20261007_120958_ba31ab,,6011314,Hernan Hector Giordano,1J07230CVR3000304,1J07230CVR3000304,7M 230,Tractor,Receptores de posición,SF7500,PCS75UA195557,2.50F,PCS75UA195557,Receptor de posición,SF-RTK,A-S00642241,SF7500,No informado,2026-05-21 00:00:00,2027-05-23 00:00:00,228.0,Activo,Vigente,Operations Center,Serie de receptor,PCS75UA195557,A-S00642241
2026-10-07 00:00:00,2026-10-07 12:09:58.363968,20261007_120958_ba31ab,,6011314,Hernan Hector Giordano,1J07230CVR3000304,1J07230CVR3000304,7M 230,Tractor,Monitor,G5 CommandCenter,PCG5CSB199040,26.3 (11.3.4160-52),1J07230CVR3000304,Machine,G5 Advanced - Tractor de la serie 7/8/9,A-S00702549,G5,No informado,2026-09-08 00:00:00,2027-09-09 00:00:00,337.0,Activo,Vigente,Operations Center,Serie de máquina,PCG5CSB199040,A-S00702549
2026-10-07 00:00:00,2026-10-07 12:09:58.363968,20261007_120958_ba31ab,SINSACATE,5942236,Nery Eugenio Cardarelli,1BM8270RCHP100015,1BM8270RCHP100015,8270R,Tractor,Receptores de posición,SF7500,PCS75UA158243,2.50F,PCS75UA158243,Receptor de posición,SF-RTK,A-S00621203,SF7500,No informado,2025-11-24 00:00:00,2026-11-26 00:00:00,50.0,Activo,Vence en 60 días,Operations Center,Serie de receptor,PCS75UA158243,A-S00621203
2026-10-07 00:00:00,2026-10-07 12:09:58.363968,20261007_120958_ba31ab,,6015337,SANTIAGO DOMINGO MARACCI,1J07200CAS3000230,1J07200CAS3000230,7M 200,Tractor,Monitor,G5 CommandCenter,PCG5CSB181986,26.3 (11.3.4160-52),1J07200CAS3000230,Machine,G5 Advanced - Tractor de la serie 7/8/9,A-S00717744,G5,No informado,2026-09-23 00:00:00,2027-09-24 00:00:00,352.0,Activo,Vigente,Operations Center,Serie de máquina,PCG5CSB181986,A-S00717744
2026-10-07 00:00:00,2026-10-07 12:09:58.363968,20261007_120958_ba31ab,,6015337,SANTIAGO DOMINGO MARACCI,1J07200CAS3000230,1J07200CAS3000230,7M 200,Tractor,Receptores de posición,SF7500,PCS75UA169535,2.30J,PCS75UA169535,Receptor de posición,SF-RTK,A-S00717745,SF7500,No informado,2026-09-23 00:00:00,2027-09-24 00:00:00,352.0,Activo,Vigente,Operations Center,Serie de receptor,PCS75UA169535,A-S00717745
2026-10-07 00:00:00,2026-10-07 12:09:58.363968,20261007_120958_ba31ab,PILAR,5934334,SCELSOMARCELOFEDERICO,,,,,Receptor de posición,SF7000,,,PCS17UB167956,Receptor de posición,SF-RTK,A-S00630082,Otra,No informado,2025-11-19 00:00:00,2026-11-21 00:00:00,45.0,Activo,Vence en 60 días,Operations Center,No encontrado,PCS17UB167956,A-S00630082
2026-10-07 00:00:00,2026-10-07 12:09:58.363968,20261007_120958_ba31ab,ARROYITO,5926204,GONZALO RICORDI,7930,RW7930R005905,7930,Tractor,Monitor,G5 Universal,PCG5MUB190858,25.4 (10.35.3817-13),PCG5MUB190858,Monitor,Renovable esencial,A-S00645031,G5,No informado,2026-05-18 00:00:00,2027-05-20 00:00:00,225.0,Activo,Vigente,Operations Center,Serie de monitor,PCG5MUB190858,A-S00645031
2026-10-07 00:00:00,2026-10-07 12:09:58.363968,20261007_120958_ba31ab,PILAR,6174982,ME&GRA.BALEGNO S.R.L.,6190M Fede Urquiza,1BM6190MAS3001293,6190M,Tractor,Receptores de posición,SF7500,PCS75UA237620,2.40P,PCS75UA237620,Receptor de posición,SF-RTK,A-S00635538,SF7500,No informado,2025-11-12 00:00:00,2026-11-14 00:00:00,38.0,Activo,Vence en 60 días,Operations Center,Serie de receptor,PCS75UA237620,A-S00635538
2026-10-07 00:00:00,2026-10-07 12:09:58.363968,20261007_120958_ba31ab,,6180608,MAIDANA HERNAN,,,,,Receptor de posición,SF7500,,,PCS75UA234298,Receptor de posición,SF-RTK,A-S00614769,Otra,No informado,2025-11-30 00:00:00,,,Activo,Vigente,Operations Center,No encontrado,PCS75UA234298,A-S00614769
2026-10-07 00:00:00,2026-10-07 12:09:58.363968,20261007_120958_ba31ab,,6180608,MAIDANA HERNAN,1H0S660SHC0746695,1H0S660SHC0746695,S660,Cosechadora,Monitor,G5 Universal,PCG5MUB181959,25.2 (10.31.3676-103),PCG5MUB181959,Monitor,Renovable esencial,A-S00623385,G5,No informado,,,,Activo,Vigente,Operations Center,Serie de monitor,PCG5MUB181959,A-S00623385
2026-10-07 00:00:00,2026-10-07 12:09:58.363968,20261007_120958_ba31ab,,6180608,MAIDANA HERNAN,1H0S660SHC0746695,1H0S660SHC0746695,S660,Cosechadora,Receptores de posición,SF7500,PCS75UA148144,2.20N,PCS75UA148144,Receptor de posición,SF-RTK,A-S00711025,SF7500,No informado,2026-09-17 00:00:00,2027-09-18 00:00:00,346.0,Activo,Vigente,Operations Center,Serie de receptor,PCS75UA148144,A-S00711025
2026-10-07 00:00:00,2026-10-07 12:09:58.363968,20261007_120958_ba31ab,,6179304,Santa Teresa S.C,,,,,Monitor,G5 Universal,,,PCG5MUB170923,Monitor,Renovable esencial,A-S00635030,Otra,No informado,2025-10-15 00:00:00,2026-10-17 00:00:00,10.0,Activo,Vence en 30 días,Operations Center,No encontrado,PCG5MUB170923,A-S00635030
2026-10-07 00:00:00,2026-10-07 12:09:58.363968,20261007_120958_ba31ab,ARROYITO,6090800,Sildaria SA,7M230,1J07230CJS3000354,7M 230,Tractor,Receptores de posición,SF7500,PCS75UA181275,2.70F,PCS75UA181275,Receptor de posición,SF-RTK,A-S00617126,SF7500,No informado,2025-09-09 00:00:00,2026-09-11 00:00:00,-26.0,Vencido,Vencida,Operations Center,Serie de receptor,PCS75UA181275,A-S00617126
2026-10-07 00:00:00,2026-10-07 12:09:58.363968,20261007_120958_ba31ab,ARROYITO,6090800,Sildaria SA,7M230,1J07230CJS3000354,7M 230,Tractor,Monitor,G5 CommandCenter,PCG5CSB205705,26.3 (11.3.4160-52),1J07230CJS3000354,Machine,G5 Advanced - Tractor de la serie 7/8/9,A-S00638021,G5,No informado,2025-09-09 00:00:00,2026-09-11 00:00:00,-26.0,Vencido,Vencida,Operations Center,Serie de máquina,PCG5CSB205705,A-S00638021
2026-10-07 00:00:00,2026-10-07 12:09:58.363968,20261007_120958_ba31ab,SANTA ROSA,6179263,TABARES VICTOR,8R 250 N°2 (GALICIA),1BM8250RTSS000166,8250R,Tractor,Receptores de posición,SF7500,PCS75UA238265,2.30J,PCS75UA238265,Receptor de posición,SF-RTK,A-S00622074,SF7500,No informado,,,,Activo,Vigente,Operations Center,Serie de receptor,PCS75UA238265,A-S00622074
2026-10-07 00:00:00,2026-10-07 12:09:58.363968,20261007_120958_ba31ab,SANTA ROSA,6179263,TABARES VICTOR,8R 250 N°2 (GALICIA),1BM8250RTSS000166,8250R,Tractor,Monitor,G5 CommandCenter,PCG5CSC242662,25.3 (10.32.3817-138),1BM8250RTSS000166,Machine,G5 Advanced - Tractor de la serie 7/8/9,A-S00634722,G5,No informado,,,,Activo,Vigente,Operations Center,Serie de máquina,PCG5CSC242662,A-S00634722
2026-10-07 00:00:00,2026-10-07 12:09:58.363968,20261007_120958_ba31ab,SANTA ROSA,6179263,TABARES VICTOR,8R 250  °1 (BNA),1BM8250RCSS000165,8250R,Tractor,Receptores de posición,SF7500,PCS75UA242348,2.40P,PCS75UA242348,Receptor de posición,SF-RTK,A-S00635571,SF7500,No informado,2025-11-18 00:00:00,2026-11-20 00:00:00,44.0,Activo,Vence en 60 días,Operations Center,Serie de receptor,PCS75UA242348,A-S00635571
2026-10-07 00:00:00,2026-10-07 12:09:58.363968,20261007_120958_ba31ab,SANTA ROSA,6179263,TABARES VICTOR,8R 250  °1 (BNA),1BM8250RCSS000165,8250R,Tractor,Monitor,G5 CommandCenter,PCG5CSC242691,25.2 (10.31.3676-103),1BM8250RCSS000165,Machine,G5 Advanced - Tractor de la serie 7/8/9,A-S00636592,G5,No informado,2025-11-18 00:00:00,2026-11-20 00:00:00,44.0,Activo,Vence en 60 días,Operations Center,Serie de máquina,PCG5CSC242691,A-S00636592
2026-10-07 00:00:00,2026-10-07 12:09:58.363968,20261007_120958_ba31ab,,6144650,CervettiM,8250R,1BM8250RKSS000154,8250R,Tractor,Monitor,G5 CommandCenter,PCG5CSC238633,25.4 (10.35.3817-13),1BM8250RKSS000154,Machine,G5 Advanced - Tractor de la serie 7/8/9,A-S00632890,G5,No informado,2025-10-01 00:00:00,2026-10-03 00:00:00,-4.0,Vencido,Vencida,Operations Center,Serie de máquina,PCG5CSC238633,A-S00632890
2026-10-07 00:00:00,2026-10-07 12:09:58.363968,20261007_120958_ba31ab,,6144650,CervettiM,8250R,1BM8250RKSS000154,8250R,Tractor,Receptores de posición,SF7500,PCS75UA241545,2.40P,PCS75UA241545,Receptor de posición,SF-RTK,A-S00644635,SF7500,No informado,2025-10-01 00:00:00,2026-10-03 00:00:00,-4.0,Vencido,Vencida,Operations Center,Serie de receptor,PCS75UA241545,A-S00644635
2026-10-07 00:00:00,2026-10-07 12:09:58.363968,20261007_120958_ba31ab,,6144650,CervettiM,8250R,1BM8250RKSS000154,8250R,Tractor,Receptores de posición,SF7500,PCS75UA241545,2.40P,PCS75UA241545,Receptor de posición,SF-RTK,A-S00727635,SF7500,No informado,2026-10-05 00:00:00,2027-10-06 00:00:00,364.0,Activo,Vigente,Operations Center,Serie de receptor,PCS75UA241545,A-S00727635
2026-10-07 00:00:00,2026-10-07 12:09:58.363968,20261007_120958_ba31ab,PILAR,6067035,ADRIAN MALDONADO ,9670STS Adrian Maldonado,1CQ9670AED0092183,9670 STS,Cosechadora,Monitor,G5 Universal,PCG5MUB188435,25.4 (10.35.3817-13),PCG5MUB188435,Monitor,Renovable esencial,A-S00642180,G5,No informado,2026-03-29 00:00:00,2027-03-31 00:00:00,175.0,Activo,Vigente,Operations Center,Serie de monitor,PCG5MUB188435,A-S00642180
2026-10-07 00:00:00,2026-10-07 12:09:58.363968,20261007_120958_ba31ab,ARROYITO,6095015,La Pancha SRL,,,,,Monitor,G5 Universal,,,PCG5MUB169936,Monitor,Renovable esencial,A-S00618556,Otra,No informado,2026-05-18 00:00:00,2027-05-20 00:00:00,225.0,Activo,Vigente,Operations Center,No encontrado,PCG5MUB169936,A-S00618556
2026-10-07 00:00:00,2026-10-07 12:09:58.363968,20261007_120958_ba31ab,,6174748,RAMOS AGUSTIN FELIPE,,,,,Receptor de posición,SF7500,,,PCS75UA195212,Receptor de posición,SF-RTK,A-S00640660,Otra,No informado,2025-11-12 00:00:00,2026-11-14 00:00:00,38.0,Activo,Vence en 60 días,Operations Center,No encontrado,PCS75UA195212,A-S00640660
2026-10-07 00:00:00,2026-10-07 12:09:58.363968,20261007_120958_ba31ab,,6147639,BATATAS GOLD SAS,New Holland TM 135,0667TM135,TM-135,Tractor,Monitor,G5 Universal,PCG5MUB178617,25.3 (10.32.3817-94),PCG5MUB178617,Monitor,Renovable esencial,A-S00624817,G5,No informado,2025-10-12 00:00:00,2026-10-14 00:00:00,7.0,Activo,Vence en 30 días,Operations Center,Serie de monitor,PCG5MUB178617,A-S00624817
2026-10-07 00:00:00,2026-10-07 12:09:58.363968,20261007_120958_ba31ab,PILAR,6145820,GERMAN RODOLFO ALESSO,7230M Alesso,1J07230CPS3000528,7M 230,Tractor,Monitor,G5 CommandCenter,PCG5CSC234846,26.3 (11.3.4160-52),1J07230CPS3000528,Machine,G5 Advanced - Tractor de la serie 7/8/9,A-S00625735,G5,No informado,2025-10-12 00:00:00,2026-10-14 00:00:00,7.0,Activo,Vence en 30 días,Operations Center,Serie de máquina,PCG5CSC234846,A-S00625735
2026-10-07 00:00:00,2026-10-07 12:09:58.363968,20261007_120958_ba31ab,PILAR,6145820,GERMAN RODOLFO ALESSO,7230M Alesso,1J07230CPS3000528,7M 230,Tractor,Receptores de posición,SF7500,PCS75UA233024,2.70F,PCS75UA233024,Receptor de posición,SF-RTK,A-S00642735,SF7500,No informado,2025-10-13 00:00:00,2026-10-15 00:00:00,8.0,Activo,Vence en 30 días,Operations Center,Serie de receptor,PCS75UA233024,A-S00642735
2026-10-07 00:00:00,2026-10-07 12:09:58.363968,20261007_120958_ba31ab,PILAR,6116440,ARNAUDO AMERICO,S770 ARNAUDO,1J0S770BPS0155205,S770,Cosechadora,Monitor,G5 CommandCenter,PCG5CSB206962,26.3 (11.3.4160-40),1J0S770BPS0155205,Machine,G5 Advanced - Cosechadora,A-S00632360,G5,No informado,2025-09-14 00:00:00,2028-09-16 00:00:00,710.0,Activo,Vigente,Operations Center,Serie de máquina,PCG5CSB206962,A-S00632360
2026-10-07 00:00:00,2026-10-07 12:09:58.363968,20261007_120958_ba31ab,PILAR,6116440,ARNAUDO AMERICO,S770 ARNAUDO,1J0S770BPS0155205,S770,Cosechadora,Receptores de posición,SF7500,PCS75UA200048,2.50F,PCS75UA200048,Receptor de posición,SF-RTK,A-S00639226,SF7500,No informado,2025-09-14 00:00:00,2028-09-16 00:00:00,710.0,Activo,Vigente,Operations Center,Serie de receptor,PCS75UA200048,A-S00639226
2026-10-07 00:00:00,2026-10-07 12:09:58.363968,20261007_120958_ba31ab,ARROYITO,6175099,GIOVANNINI JAIRO,,,,,Monitor,G5Plus Universal,,,PCG5PUB184748,Monitor,Renovable avanzada,A-S00638302,Otra,No informado,2025-11-13 00:00:00,2026-11-15 00:00:00,39.0,Activo,Vence en 60 días,Operations Center,No encontrado,PCG5PUB184748,A-S00638302
2026-10-07 00:00:00,2026-10-07 12:09:58.363968,20261007_120958_ba31ab,SINSACATE,6142645,BFF GESTION DE NEGOCIOS SRL,CQ9750A070182,CQ9750A070182,9750 STS,Cosechadora,Monitor,G5Plus Universal,PCG5PUB190451,25.4 (10.35.3817-13),PCG5PUB190451,Monitor,Renovable esencial,A-S00624499,G5,No informado,2025-09-29 00:00:00,2026-10-01 00:00:00,-6.0,Vencido,Vencida,Operations Center,Serie de monitor,PCG5PUB190451,A-S00624499
2026-10-07 00:00:00,2026-10-07 12:09:58.363968,20261007_120958_ba31ab,SINSACATE,6142645,BFF GESTION DE NEGOCIOS SRL,,,,,,,,,,,Renovable esencial,A-S00630241,Otra,No informado,,,,No activado,No activada,Operations Center,Sin serie asignada,,A-S00630241
2026-10-07 00:00:00,2026-10-07 12:09:58.363968,20261007_120958_ba31ab,ARROYITO,6093896,VALOR VERDE SAS,,,,,Monitor,G5 Universal,,,PCG5MUB169310,Monitor,Renovable avanzada,A-S00639242,Otra,No informado,2025-07-29 00:00:00,2026-07-31 00:00:00,-68.0,Vencido,Vencida,Operations Center,No encontrado,PCG5MUB169310,A-S00639242
2026-10-07 00:00:00,2026-10-07 12:09:58.363968,20261007_120958_ba31ab,ARROYITO,6093896,VALOR VERDE SAS,,,,,Monitor,G5 Universal,,,PCG5MUB169310,Monitor,Renovable esencial,A-S00705656,Otra,No informado,2026-09-13 00:00:00,2027-09-14 00:00:00,342.0,Activo,Vigente,Operations Center,No encontrado,PCG5MUB169310,A-S00705656
2026-10-07 00:00:00,2026-10-07 12:09:58.363968,20261007_120958_ba31ab,,6178438,PECORARI JUAN ALEJANDRO,RW7630R005444,RW7630R005444,7630,Tractor,Monitor,G5 Universal,PCG5MUB186352,26.3 (11.3.4160-52),PCG5MUB186352,Monitor,Renovable esencial,A-S00628116,G5,No informado,2025-11-27 00:00:00,2026-11-29 00:00:00,53.0,Activo,Vence en 60 días,Operations Center,Serie de monitor,PCG5MUB186352,A-S00628116
2026-10-07 00:00:00,2026-10-07 12:09:58.363968,20261007_120958_ba31ab,,6119605,Bruno Ramos,,,,,Monitor,G5 Universal,,,PCG5MUB170048,Monitor,Renovable esencial,A-S00721071,Otra,No informado,2026-09-28 00:00:00,2027-09-29 00:00:00,357.0,Activo,Vigente,Operations Center,No encontrado,PCG5MUB170048,A-S00721071
2026-10-07 00:00:00,2026-10-07 12:09:58.363968,20261007_120958_ba31ab,SANTA ROSA,6059892,FLAVIO ELIAN TERNAVACIO,PF6L913,PF6L913,OTHER,Pulverizadora,Monitor,G5Plus Universal,PCG5PUB190636,25.2 (10.31.3676-103),PCG5PUB190636,Monitor,Renovable esencial,A-S00639219,G5,No informado,2025-09-22 00:00:00,2026-09-24 00:00:00,-13.0,Vencido,Vencida,Operations Center,Serie de monitor,PCG5PUB190636,A-S00639219
2026-10-07 00:00:00,2026-10-07 12:09:58.363968,20261007_120958_ba31ab,SANTA ROSA,6059892,FLAVIO ELIAN TERNAVACIO,PF6L913,PF6L913,OTHER,Pulverizadora,Monitor,G5Plus Universal,PCG5PUB190636,25.2 (10.31.3676-103),PCG5PUB190636,Monitor,Renovable esencial,A-S00698608,G5,No informado,2026-09-02 00:00:00,2027-09-03 00:00:00,331.0,Activo,Vigente,Operations Center,Serie de monitor,PCG5PUB190636,A-S00698608
2026-10-07 00:00:00,2026-10-07 12:09:58.363968,20261007_120958_ba31ab,ARROYITO,6094196,Francisca Carlos,,,,,,,,,,,Renovable esencial,A-S00685732,Otra,No informado,,,,Cancelada,Cancelada,Operations Center,Sin serie asignada,,A-S00685732
2026-10-07 00:00:00,2026-10-07 12:09:58.363968,20261007_120958_ba31ab,ARROYITO,6094196,Francisca Carlos,6170J,1J06170JEHD000113,6170J,Tractor,Monitor,G5 Universal,PCG5MUB169755,25.2 (10.31.3676-103),PCG5MUB169755,Monitor,Renovable esencial,A-S00688270,G5,No informado,,,,Activo,Vigente,Operations Center,Serie de monitor,PCG5MUB169755,A-S00688270
2026-10-07 00:00:00,2026-10-07 12:09:58.363968,20261007_120958_ba31ab,PILAR,6186427,LAMBERTI EDUARDO JOSE,7515,CQ7515A035691,7515,Tractor,Monitor,G5 Universal,PCG5MUB188457,25.3 (10.32.3817-138),PCG5MUB188457,Monitor,Renovable esencial,A-S00643549,G5,No informado,,,,Activo,Vigente,Operations Center,Serie de monitor,PCG5MUB188457,A-S00643549
2026-10-07 00:00:00,2026-10-07 12:09:58.363968,20261007_120958_ba31ab,,7259925,RENOVALES GROUP,9650 sts RGS,CQ9650A060013,9650 STS,Cosechadora,Monitor,G5 Universal,PCG5MUB194444,25.4 (10.35.3817-13),PCG5MUB194444,Monitor,Renovable esencial,A-S00615348,G5,No informado,2026-03-17 00:00:00,2027-03-19 00:00:00,163.0,Activo,Vigente,Operations Center,Serie de monitor,PCG5MUB194444,A-S00615348
2026-10-07 00:00:00,2026-10-07 12:09:58.363968,20261007_120958_ba31ab,,7259925,RENOVALES GROUP,8R250 CINCO MARIAS,1BM8250RPSS000184,8250R,Tractor,Monitor,G5 CommandCenter,PCG5CSC245064,25.4 (10.35.3817-13),1BM8250RPSS000184,Machine,G5 Advanced - Tractor de la serie 7/8/9,A-S00637031,G5,No informado,2026-05-13 00:00:00,2027-05-15 00:00:00,220.0,Activo,Vigente,Operations Center,Serie de máquina,PCG5CSC245064,A-S00637031
2026-10-07 00:00:00,2026-10-07 12:09:58.363968,20261007_120958_ba31ab,,7259925,RENOVALES GROUP,8R250 CINCO MARIAS,1BM8250RPSS000184,8250R,Tractor,Receptores de posición,SF7500,PCS75UA248635,2.50F,PCS75UA248635,Receptor de posición,SF-RTK,A-S00641645,SF7500,No informado,2026-05-13 00:00:00,2027-05-15 00:00:00,220.0,Activo,Vigente,Operations Center,Serie de receptor,PCS75UA248635,A-S00641645
2026-10-07 00:00:00,2026-10-07 12:09:58.363968,20261007_120958_ba31ab,ARROYITO,8089080,BIRAGHI MATIAS,1J07200CPS3000320,1J07200CPS3000320,7M 200,Tractor,Receptores de posición,SF7500,PCS75UA178670,2.50F,PCS75UA178670,Receptor de posición,SF-RTK,A-S00621662,SF7500,No informado,2026-05-19 00:00:00,2027-05-21 00:00:00,226.0,Activo,Vigente,Operations Center,Serie de receptor,PCS75UA178670,A-S00621662
2026-10-07 00:00:00,2026-10-07 12:09:58.363968,20261007_120958_ba31ab,ARROYITO,8089080,BIRAGHI MATIAS,1J07200CPS3000320,1J07200CPS3000320,7M 200,Tractor,Monitor,G5 CommandCenter,PCG5CSC222498,25.4 (10.35.3817-13),1J07200CPS3000320,Machine,G5 Advanced - Tractor de la serie 7/8/9,A-S00637106,G5,No informado,2026-05-19 00:00:00,2027-05-21 00:00:00,226.0,Activo,Vigente,Operations Center,Serie de máquina,PCG5CSC222498,A-S00637106
2026-10-07 00:00:00,2026-10-07 12:09:58.363968,20261007_120958_ba31ab,CORDOBA,8914000,LA TERESITA SRL,1J06190JTSD600474,1J06190JTSD600474,6190J,Tractor,Receptores de posición,SF7500,PCS75UA207954,2.50F,PCS75UA207954,Receptor de posición,SF-RTK,A-S00614836,SF7500,No informado,2026-07-01 00:00:00,2027-07-01 00:00:00,267.0,Activo,Vigente,Operations Center,Serie de receptor,PCS75UA207954,A-S00614836
2026-10-07 00:00:00,2026-10-07 12:09:58.363968,20261007_120958_ba31ab,,7180980,BERRINO JORGE ALBERTO,S780 Berrino Jorge,1J0S780BHS0155155,S780,Cosechadora,Monitor,G5 CommandCenter,PCG5CSB206138,25.3 (10.32.3817-138),1J0S780BHS0155155,Machine,G5 Advanced - Cosechadora,A-S00639968,G5,No informado,2025-07-28 00:00:00,2028-07-30 00:00:00,662.0,Activo,Vigente,Operations Center,Serie de máquina,PCG5CSB206138,A-S00639968
2026-10-07 00:00:00,2026-10-07 12:09:58.363968,20261007_120958_ba31ab,PILAR,7379700,Palaciuk SA,,,,,Monitor,G5 Universal,,,PCG5MUB190891,Monitor,Renovable esencial,A-S00624465,Otra,No informado,,,,Activo,Vigente,Operations Center,No encontrado,PCG5MUB190891,A-S00624465
2026-10-07 00:00:00,2026-10-07 12:09:58.363968,20261007_120958_ba31ab,,8119560,MALDONADO DARIO HERNAN,1J07230CHT3000671,1J07230CHT3000671,7M 230,Tractor,Receptores de posición,SF7500,PCS75UA253142,2.50F,PCS75UA253142,Receptor de posición,SF-RTK,A-S00641227,SF7500,No informado,,,,No activado,No activada,Operations Center,Serie de receptor,PCS75UA253142,A-S00641227
2026-10-07 00:00:00,2026-10-07 12:09:58.363968,20261007_120958_ba31ab,,8119560,MALDONADO DARIO HERNAN,1J07230CHT3000671,1J07230CHT3000671,7M 230,Tractor,Monitor,G5 CommandCenter,PCG5CSC245240,25.4 (10.35.3817-13),1J07230CHT3000671,Machine,G5 Advanced - Tractor de la serie 7/8/9,A-S00643074,G5,No informado,2026-05-19 00:00:00,2027-05-21 00:00:00,226.0,Activo,Vigente,Operations Center,Serie de máquina,PCG5CSC245240,A-S00643074
2026-10-07 00:00:00,2026-10-07 12:09:58.363968,20261007_120958_ba31ab,PILAR,7719300,MANSILLA ALFREDO MARIO,7M 230 Alfredo Mansilla,1J07230CJS3000662,7M 230,Tractor,Monitor,G5 CommandCenter,PCG5CSC245537,26.3 (11.3.4160-52),1J07230CJS3000662,Machine,G5 Advanced - Tractor de la serie 7/8/9,A-S00631941,G5,No informado,2026-05-25 00:00:00,2027-05-27 00:00:00,232.0,Activo,Vigente,Operations Center,Serie de máquina,PCG5CSC245537,A-S00631941
2026-10-07 00:00:00,2026-10-07 12:09:58.363968,20261007_120958_ba31ab,ARROYITO,7037655,MONTI RENE Y MONTI MARCELO,N04730X005487,N04730X005487,4730,Pulverizadora,Monitor,G5 Universal,PCG5MUB188638,25.3 (10.32.3817-138),PCG5MUB188638,Monitor,Renovable esencial,A-S00618540,G5,No informado,,,,Activo,Vigente,Operations Center,Serie de monitor,PCG5MUB188638,A-S00618540
2026-10-07 00:00:00,2026-10-07 12:09:58.363968,20261007_120958_ba31ab,SINSACATE,7304760,BONELLI MARIO FRANCISCO,9750 sts,CQ9750A070168,9750 STS,Cosechadora,Monitor,G5 Universal,PCG5MUB188454,25.4 (10.35.3817-13),PCG5MUB188454,Monitor,Renovable esencial,A-S00642179,G5,No informado,2026-03-29 00:00:00,2027-03-31 00:00:00,175.0,Activo,Vigente,Operations Center,Serie de monitor,PCG5MUB188454,A-S00642179
2026-10-07 00:00:00,2026-10-07 12:09:58.363968,20261007_120958_ba31ab,PILAR,7305460,MARCOS BELTRAMO,1CQ9670ALB009,1CQ9670ALB009,---,---,Monitor,G5 Universal,PCG5MUB186598,25.4 (10.35.3817-13),PCG5MUB186598,Monitor,Renovable esencial,A-S00634923,G5,No informado,2026-03-31 00:00:00,,,Activo,Vigente,Operations Center,Serie de monitor,PCG5MUB186598,A-S00634923
2026-10-07 00:00:00,2026-10-07 12:09:58.363968,20261007_120958_ba31ab,PILAR,7199921,ZEMCAR SA,9670STS ZEMCAR SA,1CQ9670AEE0092864,9670 STS,Cosechadora,Monitor,G5Plus Universal,PCG5PUB190376,25.4 (10.35.3817-9),PCG5PUB190376,Monitor,Renovable esencial,A-S00622488,G5,No informado,2026-03-02 00:00:00,2027-03-04 00:00:00,148.0,Activo,Vigente,Operations Center,Serie de monitor,PCG5PUB190376,A-S00622488
2026-10-07 00:00:00,2026-10-07 12:09:58.363968,20261007_120958_ba31ab,PILAR,8295160,CALCAGNI GONZALO,CQ7515A037339,CQ7515A037339,7515,Tractor,Monitor,G5 Universal,PCG5MUB199112,26.3 (11.3.4160-52),PCG5MUB199112,Monitor,Renovable esencial,A-S00622449,G5,No informado,2026-09-17 00:00:00,2027-09-17 00:00:00,345.0,Activo,Vigente,Operations Center,Serie de monitor,PCG5MUB199112,A-S00622449
2026-10-07 00:00:00,2026-10-07 12:09:58.363968,20261007_120958_ba31ab,PILAR,8295160,CALCAGNI GONZALO,,,,,Receptor de posición,SF7500,,,PCS75UA282223,Receptor de posición,SF-RTK - Demostración,A-S00724461,Otra,No informado,2026-10-01 00:00:00,2026-11-01 00:00:00,25.0,Activo,Vence en 30 días,Operations Center,No encontrado,PCS75UA282223,A-S00724461
2026-10-07 00:00:00,2026-10-07 12:09:58.363968,20261007_120958_ba31ab,PILAR,7100141,EMILIANO VAGNI,9650 STS VAGNI,CQ9650A080026,9650 STS,Cosechadora,Monitor,G5Plus Universal,PCG5PUB200329,25.4 (10.35.3817-13),PCG5PUB200329,Monitor,Renovable esencial,A-S00633669,G5,No informado,2026-03-29 00:00:00,2027-03-31 00:00:00,175.0,Activo,Vigente,Operations Center,Serie de monitor,PCG5PUB200329,A-S00633669
2026-10-07 00:00:00,2026-10-07 12:09:58.363968,20261007_120958_ba31ab,PILAR,7214101,EMFEL AGRO SA,S550 EMFEL AGRO,1J0S550BHF0090009,S550,Cosechadora,Monitor,G5 Universal,PCG5MUB185198,25.4 (10.35.3817-13),PCG5MUB185198,Monitor,Renovable esencial,A-S00623504,G5,No informado,2026-03-10 00:00:00,2027-03-12 00:00:00,156.0,Activo,Vigente,Operations Center,Serie de monitor,PCG5MUB185198,A-S00623504
2026-10-07 00:00:00,2026-10-07 12:09:58.363968,20261007_120958_ba31ab,,8877361,JAVIERSERVER,,,,,Monitor,G5 Universal,,,PCG5MUB199236,Monitor,Renovable esencial,A-S00639073,Otra,No informado,2026-06-29 00:00:00,2027-06-29 00:00:00,265.0,Activo,Vigente,Operations Center,No encontrado,PCG5MUB199236,A-S00639073
2026-10-07 00:00:00,2026-10-07 12:09:58.363968,20261007_120958_ba31ab,,8598180,MATTALIA RICARDO RUBEN,9858,9858,PLA,Pulverizadora,Monitor,G5 Universal,PCG5MUB190863,25.4 (10.35.3817-13),PCG5MUB190863,Monitor,Renovable esencial,A-S00641191,G5,No informado,2026-06-16 00:00:00,2027-06-16 00:00:00,252.0,Activo,Vigente,Operations Center,Serie de monitor,PCG5MUB190863,A-S00641191
2026-10-07 00:00:00,2026-10-07 12:09:58.363968,20261007_120958_ba31ab,PILAR,7719880,AGRO 3.0 S.A.,1CQ9670AEA0090431,1CQ9670AEA0090431,9670 STS,Cosechadora,Monitor,G5 Universal,PCG5MUB186937,25.4 (10.35.3817-13),PCG5MUB186937,Monitor,Renovable esencial,A-S00626194,G5,No informado,,2027-05-01 00:00:00,206.0,Activo,Vigente,Operations Center,Serie de monitor,PCG5MUB186937,A-S00626194
2026-10-07 00:00:00,2026-10-07 12:09:58.363968,20261007_120958_ba31ab,ARROYITO,7239125,Martin Alvarez,CQ9750A080377,CQ9750A080377,9750 STS,Cosechadora,Monitor,G5Plus Universal,PCG5PUB189084,25.4 (10.35.3817-13),PCG5PUB189084,Monitor,Renovable esencial,A-S00629697,G5,No informado,2026-03-12 00:00:00,2027-03-14 00:00:00,158.0,Activo,Vigente,Operations Center,Serie de monitor,PCG5PUB189084,A-S00629697
2026-10-07 00:00:00,2026-10-07 12:09:58.363968,20261007_120958_ba31ab,PILAR,7259004,TALANORD SA,9570 STS Talanord SA,1CQ9570AED0091523,9570 STS,Cosechadora,Monitor,G5 Universal,PCG5MUB185228,25.4 (10.35.3817-13),PCG5MUB185228,Monitor,Renovable esencial,A-S00641927,G5,No informado,2026-03-30 00:00:00,,,Activo,Vigente,Operations Center,Serie de monitor,PCG5MUB185228,A-S00641927
2026-10-07 00:00:00,2026-10-07 12:09:58.363968,20261007_120958_ba31ab,SANTA ROSA,7566441,FABIO ISUARDI,9670 STS,1CQ9670ACB0091234,9670 STS,Cosechadora,Monitor,G5 Universal,PCG5MUB188085,25.4 (10.35.3817-13),PCG5MUB188085,Monitor,Renovable esencial,A-S00643619,G5,No informado,,,,Activo,Vigente,Operations Center,Serie de monitor,PCG5MUB188085,A-S00643619
2026-10-07 00:00:00,2026-10-07 12:09:58.363968,20261007_120958_ba31ab,ARROYITO,6187951,MIRETTI RODOLFO,J 7200,1J07200JEKD000161,7200J,Tractor,Monitor,G5 Universal,PCG5MUB189115,25.4 (10.35.3817-13),PCG5MUB189115,Monitor,Renovable esencial,A-S00632401,G5,No informado,,,,Activo,Vigente,Operations Center,Serie de monitor,PCG5MUB189115,A-S00632401
2026-10-07 00:00:00,2026-10-07 12:09:58.363968,20261007_120958_ba31ab,ARROYITO,6187951,MIRETTI RODOLFO,J 7200,1J07200JEKD000161,7200J,Tractor,Receptores de posición,SF7500,PCS75UA256672,2.40P,PCS75UA256672,Receptor de posición,SF-RTK,A-S00716522,SF7500,No informado,2026-09-23 00:00:00,2027-09-24 00:00:00,352.0,Activo,Vigente,Operations Center,Serie de receptor,PCS75UA256672,A-S00716522
2026-10-07 00:00:00,2026-10-07 12:09:58.363968,20261007_120958_ba31ab,CORDOBA,6193555,FEDERICO GENESIO,CQ9750A080143,CQ9750A080143,9750 STS,Cosechadora,Monitor,G5 Universal,PCG5MUB188580,25.4 (10.35.3817-13),PCG5MUB188580,Monitor,Renovable esencial,A-S00643623,G5,No informado,2026-03-24 00:00:00,2027-03-26 00:00:00,170.0,Activo,Vigente,Operations Center,Serie de monitor,PCG5MUB188580,A-S00643623
2026-10-07 00:00:00,2026-10-07 12:09:58.363968,20261007_120958_ba31ab,PILAR,7304044,FABJAV HNOS SAS,9750 STS,CQ9750A080011,9750 STS,Cosechadora,Monitor,G5 Universal,PCG5MUB187124,25.4 (10.35.3817-13),PCG5MUB187124,Monitor,Renovable esencial,A-S00635313,G5,No informado,2026-03-30 00:00:00,,,Activo,Vigente,Operations Center,Serie de monitor,PCG5MUB187124,A-S00635313
2026-10-07 00:00:00,2026-10-07 12:09:58.363968,20261007_120958_ba31ab,SANTA ROSA,7442600,Diego y Cristian Vaccarini,9650 STS,CQ9650A060005,9650 STS,Cosechadora,Monitor,G5 Universal,PCG5MUB186752,25.4 (10.35.3817-13),PCG5MUB186752,Monitor,Renovable esencial,A-S00645122,G5,No informado,2026-03-29 00:00:00,2027-03-31 00:00:00,175.0,Activo,Vigente,Operations Center,Serie de monitor,PCG5MUB186752,A-S00645122
2026-10-07 00:00:00,2026-10-07 12:09:58.363968,20261007_120958_ba31ab,SANTA ROSA,7580760,DON ADOLFO,PLA 3300,1YE3300CASA009208,3300,Pulverizadora,Receptores de posición,SF7000,PCS17UB210741,6.80C,PCS17UB210741,Receptor de posición,SF-RTK - Demostración,A-S00647507,SF7000,No informado,2026-06-18 00:00:00,2026-07-19 00:00:00,-80.0,Vencido,Vencida,Operations Center,Serie de receptor,PCS17UB210741,A-S00647507
2026-10-07 00:00:00,2026-10-07 12:09:58.363968,20261007_120958_ba31ab,,9489800,RUBEN FANTINI,,,,,Monitor,G5 Universal,,,PCG5MUB190783,Monitor,Renovable esencial,A-S00636353,Otra,No informado,,,,Activo,Vigente,Operations Center,No encontrado,PCG5MUB190783,A-S00636353
2026-10-07 00:00:00,2026-10-07 12:09:58.363968,20261007_120958_ba31ab,,9489800,RUBEN FANTINI,,,,,Receptor de posición,SF7500,,,PCS75UA291211,Receptor de posición,SF-RTK,A-S00686909,Otra,No informado,,,,Activo,Vigente,Operations Center,No encontrado,PCS75UA291211,A-S00686909
2026-10-07 00:00:00,2026-10-07 12:09:58.363968,20261007_120958_ba31ab,,10016140,DIEGO PETTINA,BM7815X080308,BM7815X080308,7815,Tractor,Monitor,G5Plus Universal,PCG5PUB193414,26.3 (11.3.4160-40),PCG5PUB193414,Monitor,Renovable esencial,A-S00617168,G5,No informado,2026-09-29 00:00:00,2027-09-29 00:00:00,357.0,Activo,Vigente,Operations Center,Serie de monitor,PCG5PUB193414,A-S00617168
2026-10-07 00:00:00,2026-10-07 12:09:58.363968,20261007_120958_ba31ab,,10016140,DIEGO PETTINA,BM7815X080308,BM7815X080308,7815,Tractor,Receptores de posición,SF7500,PCS75UA277390,2.70F,PCS75UA277390,Receptor de posición,SF-RTK,A-S00721755,SF7500,No informado,2026-09-29 00:00:00,2027-09-30 00:00:00,358.0,Activo,Vigente,Operations Center,Serie de receptor,PCS75UA277390,A-S00721755
2026-10-07 00:00:00,2026-10-07 12:09:58.363968,20261007_120958_ba31ab,CORDOBA,9749760,RUBEN STEFANELLO,Rosendo Stefanello 6165J,1BM6165JCAD000308,6165J,Tractor,Monitor,G5 Universal,PCG5MUB176865,26.3 (11.3.4160-52),PCG5MUB176865,Monitor,Renovable esencial,A-S00721643,G5,No informado,2026-09-29 00:00:00,2027-09-30 00:00:00,358.0,Activo,Vigente,Operations Center,Serie de monitor,PCG5MUB176865,A-S00721643
2026-10-07 00:00:00,2026-10-07 12:09:58.363968,20261007_120958_ba31ab,,9689420,Lucas Marguello,1BM7185JTBH000359,1BM7185JTBH000359,7185J,Tractor,Monitor,G5 Universal,PCG5MUB192151,26.3 (11.3.4160-40),PCG5MUB192151,Monitor,Renovable esencial,A-S00621535,G5,No informado,2026-09-02 00:00:00,2027-09-02 00:00:00,330.0,Activo,Vigente,Operations Center,Serie de monitor,PCG5MUB192151,A-S00621535
2026-10-07 00:00:00,2026-10-07 12:09:58.363968,20261007_120958_ba31ab,,9489600,Jose German Braga,1BM7715XJAH090979,1BM7715XJAH090979,7715,Tractor,Monitor,G5 Universal,PCG5MUB192326,26.3 (11.3.4160-40),PCG5MUB192326,Monitor,Renovable esencial,A-S00644543,G5,No informado,,,,Activo,Vigente,Operations Center,Serie de monitor,PCG5MUB192326,A-S00644543
2026-10-07 00:00:00,2026-10-07 12:09:58.363968,20261007_120958_ba31ab,,9635901,VACCARINI JUAN FRANCO,7M230 VACCARINI,1J07230CTS3000656,7M 230,Tractor,Monitor,G5 CommandCenter,PCG5CSC244932,26.3 (11.3.4160-52),1J07230CTS3000656,Machine,G5 Advanced - Tractor de la serie 7/8/9,A-S00652336,G5,No informado,,2027-09-01 00:00:00,329.0,Activo,Vigente,Operations Center,Serie de máquina,PCG5CSC244932,A-S00652336
2026-10-07 00:00:00,2026-10-07 12:09:58.363968,20261007_120958_ba31ab,,9026640,FRANDINO DARIO ARIEL,1J07230CVS3000485,1J07230CVS3000485,7M 230,Tractor,Monitor,G5 CommandCenter,PCG5CSC221776,26.3 (11.3.4160-40),1J07230CVS3000485,Machine,G5 Advanced - Tractor de la serie 7/8/9,A-S00653593,G5,No informado,2026-07-13 00:00:00,2027-07-15 00:00:00,281.0,Activo,Vigente,Operations Center,Serie de máquina,PCG5CSC221776,A-S00653593
2026-10-07 00:00:00,2026-10-07 12:09:58.363968,20261007_120958_ba31ab,,9026640,FRANDINO DARIO ARIEL,1J07230CVS3000485,1J07230CVS3000485,7M 230,Tractor,Receptores de posición,SF7500,PCS75UA210454,2.20N,PCS75UA210454,Receptor de posición,SF-RTK,A-S00653595,SF7500,No informado,2026-09-15 00:00:00,2027-09-17 00:00:00,345.0,Activo,Vigente,Operations Center,Serie de receptor,PCS75UA210454,A-S00653595
2026-10-07 00:00:00,2026-10-07 12:09:58.363968,20261007_120958_ba31ab,,10023160,LEMOS SA,1J07215CVS3000242,1J07215CVS3000242,7M 215,Tractor,Receptores de posición,SF7500,PCS75UA179940,2.70F,PCS75UA179940,Receptor de posición,SF-RTK,A-S00723128,SF7500,No informado,2026-09-30 00:00:00,2027-10-02 00:00:00,360.0,Activo,Vigente,Operations Center,Serie de receptor,PCS75UA179940,A-S00723128
2026-10-07 00:00:00,2026-10-07 12:09:58.363968,20261007_120958_ba31ab,,10023160,LEMOS SA,1J07215CVS3000242,1J07215CVS3000242,7M 215,Tractor,Monitor,G5 CommandCenter,PCG5CSB190439,26.3 (11.3.4160-52),1J07215CVS3000242,Machine,G5 Advanced - Tractor de la serie 7/8/9,A-S00723131,G5,No informado,2026-09-30 00:00:00,2027-10-02 00:00:00,360.0,Activo,Vigente,Operations Center,Serie de máquina,PCG5CSB190439,A-S00723131
2026-10-07 00:00:00,2026-10-07 12:09:58.363968,20261007_120958_ba31ab,,,COMERCIAL CONCI SRL DEALER 242428,,,,,Monitor,Monitor Gen 4,PCGU2UA202829,,PCGU2UA202829,Monitor Gen 4,Nuevo - N Sensing,-,Gen4,Nuevo,2024-08-23 00:00:00,,,VENCIDO,Vencida,Control administrativo,No encontrado,PCGU2UA202829,-
2026-10-07 00:00:00,2026-10-07 12:09:58.363968,20261007_120958_ba31ab,CORDOBA,356035,CESAR VACCARINI,Tractor 8245 Vaccarini Hns.,1BM8245RCJ0100013,8245R,Tractor,Monitor,Monitor Gen 4,PCGUPSA654072,25.4 (10.35.3817-60),PCGUPSA654072,Monitor Gen 4,Nuevo - CommandCenter Master 1.0,356035,Gen4,Nuevo,2024-10-25 00:00:00,2025-10-25 00:00:00,-347.0,VIGENTE,Vencida,Control administrativo,Serie de componente,PCGUPSA654072,356035
2026-10-07 00:00:00,2026-10-07 12:09:58.363968,20261007_120958_ba31ab,SANTA ROSA,1485201,DANIEL CHIAMBRETTO,1J07200JPPD000611,1J07200JPPD000611,7200J,Tractor,Monitor,Monitor Gen 4,PCGU6UD135499,23-3 (10.27.3135-111),PCGU6UD135499,Monitor Gen 4,Nuevo - 4640 Master 1.0,1485201,Gen4,Nuevo,2023-08-04 00:00:00,2024-08-04 00:00:00,-794.0,VENCIDO,Vencida,Control administrativo,Serie de componente,PCGU6UD135499,1485201
2026-10-07 00:00:00,2026-10-07 12:09:58.363968,20261007_120958_ba31ab,,,UNIVERSIDAD CATOLICA,,,,,Receptor de posición,Antena 6000,PCGT3TB805483,,PCGT3TB805483,Antena 6000,Nuevo - SF2,4254201,SF6000,Nuevo,2025-11-25 00:00:00,2026-05-25 00:00:00,-135.0,VENCIDO,Vencida,Control administrativo,No encontrado,PCGT3TB805483,4254201
2026-10-07 00:00:00,2026-10-07 12:09:58.363968,20261007_120958_ba31ab,,,ALDO LONDERO,,,,,Receptor de posición,Antena 6000,PCGT3TA483687,,PCGT3TA483687,Antena 6000,Nuevo - SF2,1274201,SF6000,Nuevo,2024-10-24 00:00:00,2025-01-24 00:00:00,-621.0,VENCIDO,Vencida,Control administrativo,No encontrado,PCGT3TA483687,1274201
2026-10-07 00:00:00,2026-10-07 12:09:58.363968,20261007_120958_ba31ab,,,JUAN CARLOS CONCI,,,,,Receptor de posición,Antena 6000,PCGT3TA336340,,PCGT3TA336340,Antena 6000,Nuevo - SF2,-,SF6000,Nuevo,2024-02-16 00:00:00,2025-02-16 00:00:00,-598.0,VIGENTE,Vencida,Control administrativo,No encontrado,PCGT3TA336340,-
2026-10-07 00:00:00,2026-10-07 12:09:58.363968,20261007_120958_ba31ab,,,D242415J VANDERHOEVENAGRICOLAS A,,,,,Receptor de posición,Antena 6000,PCGT3TA105994,,PCGT3TA105994,Antena 6000,Nuevo - SF2,-,SF6000,Nuevo,2024-10-15 00:00:00,2025-10-15 00:00:00,-357.0,VENCIDO,Vencida,Control administrativo,No encontrado,PCGT3TA105994,-
2026-10-07 00:00:00,2026-10-07 12:09:58.363968,20261007_120958_ba31ab,PILAR,5858542,JUAN CARLOS CONCI,LORENZATTI S760,1J0S760BLP0145171,S760,Cosechadora,Monitor,Monitor Gen 4,PCGUPSB972613,25.1 (10.30.3567-82),PCGUPSB972613,Monitor Gen 4,Nuevo - CommandCenter Master 1.0,5858542,Gen4,Nuevo,2024-06-26 00:00:00,2025-06-26 00:00:00,-468.0,VENCIDO,Vencida,Control administrativo,Serie de componente,PCGUPSB972613,5858542
2026-10-07 00:00:00,2026-10-07 12:09:58.363968,20261007_120958_ba31ab,CORDOBA,406172,MARCELO DEFILIPPO,MADARO 8345R  N°2,1BM8345RKPS101234,8345R,Tractor,Monitor,Monitor Gen 4,PCGUPSB964006,25.4 (10.35.3817-13),PCGUPSB964006,Monitor Gen 4,Nuevo - CommandCenter Automation 4,,Gen4,Nuevo,2026-01-02 00:00:00,2027-01-02 00:00:00,87.0,VIGENTE,Vence en 90 días,Control administrativo,Serie de componente,PCGUPSB964006,Nuevo - CommandCenter Automation 4
2026-10-07 00:00:00,2026-10-07 12:09:58.363968,20261007_120958_ba31ab,SINSACATE,408834,MARCELO DEFRANCISCO BUTELER,7230R Erca 24,1RW7230RAKS105391,7230R,Tractor,Monitor,Monitor Gen 4,PCGUPSA733846,25.4 (10.35.3817-13),PCGUPSA733846,Monitor Gen 4,Renovar - CommandCenter Automation 4,408834,Gen4,Renovación,2024-12-07 00:00:00,2025-12-07 00:00:00,-304.0,VENCIDO,Vencida,Control administrativo,Serie de componente,PCGUPSA733846,408834
2026-10-07 00:00:00,2026-10-07 12:09:58.363968,20261007_120958_ba31ab,,,MARCELO DEFRANCISCO BUTELER,,,,,Monitor,Monitor Gen 4,PCGUPSA677215,,PCGUPSA677215,Monitor Gen 4,Nuevo - CommandCenter Automation 4,408834,Gen4,Nuevo,2024-10-10 00:00:00,2025-10-10 00:00:00,-362.0,VENCIDO,Vencida,Control administrativo,No encontrado,PCGUPSA677215,408834
2026-10-07 00:00:00,2026-10-07 12:09:58.363968,20261007_120958_ba31ab,,,COMERCIALCONCI COMERCIALCONCI,,,,,Monitor,Monitor Gen 4,PCGUMUB076644,,PCGUMUB076644,Monitor Gen 4,Nuevo - 4240 Section Control,423003,Gen4,Nuevo,2024-07-24 00:00:00,2025-07-24 00:00:00,-440.0,VENCIDO,Vencida,Control administrativo,No encontrado,PCGUMUB076644,423003
2026-10-07 00:00:00,2026-10-07 12:09:58.363968,20261007_120958_ba31ab,,,Dominguez Lucas ,,,,,Monitor,Monitor Gen 4,PCGUMUB072787,,PCGUMUB072787,Monitor Gen 4,Nuevo - 4240 Section Control,369276,Gen4,Nuevo,2024-05-30 00:00:00,2025-05-30 00:00:00,-495.0,VENCIDO,Vencida,Control administrativo,No encontrado,PCGUMUB072787,369276
2026-10-07 00:00:00,2026-10-07 12:09:58.363968,20261007_120958_ba31ab,,,COMERCIALCONCI COMERCIALCONCI,,,,,Monitor,Monitor Gen 4,PCGUMUB072655,,PCGUMUB072655,Monitor Gen 4,Nuevo - 4240 Section Control,406172,Gen4,Nuevo,2023-11-30 00:00:00,2024-11-30 00:00:00,-676.0,VENCIDO,Vencida,Control administrativo,No encontrado,PCGUMUB072655,406172
2026-10-07 00:00:00,2026-10-07 12:09:58.363968,20261007_120958_ba31ab,SINSACATE,440733,Pablo Ariel Fantini Rostirolla,1J07230JEPD000864,1J07230JEPD000864,7230J,Tractor,Monitor,Monitor Gen 4,PCGU6UD140751,25.1 (10.30.3567-72),PCGU6UD140751,Monitor Gen 4,Nuevo - 4640 Master 1.0,440733,Gen4,Nuevo,2023-11-14 00:00:00,2024-11-14 00:00:00,-692.0,VENCIDO,Vencida,Control administrativo,Serie de componente,PCGU6UD140751,440733
2026-10-07 00:00:00,2026-10-07 12:09:58.363968,20261007_120958_ba31ab,SINSACATE,4866681,JUAN CARLOS CONCI,carreño rene 7230J,1J07230JHPD000751,7230J,Tractor,Monitor,Monitor Gen 4,PCGU6UD140687,24-2 (10.29.3422-90),PCGU6UD140687,Monitor Gen 4,Nuevo - 4640 Master 1.0,4866681,Gen4,Nuevo,2023-11-13 00:00:00,2024-11-13 00:00:00,-693.0,VENCIDO,Vencida,Control administrativo,Serie de componente,PCGU6UD140687,4866681
2026-10-07 00:00:00,2026-10-07 12:09:58.363968,20261007_120958_ba31ab,SINSACATE,413239,VÍCTOR DEGIORGIO,4730 De Giorgio Victor,N04730X008066,4730,Pulverizadora,Monitor,Monitor Gen 4,PCGU6UD140179,25.2 (10.31.3676-103),PCGU6UD140179,Monitor Gen 4,Nuevo - 4640 Master 1.0,413239,Gen4,Nuevo,2025-06-11 00:00:00,2026-06-11 00:00:00,-118.0,VENCIDO,Vencida,Control administrativo,Serie de componente,PCGU6UD140179,413239
2026-10-07 00:00:00,2026-10-07 12:09:58.363968,20261007_120958_ba31ab,SINSACATE,5885876,BONANNATA GARCIA MARCELO RUBEN,6190J,1J06190JLPD600234,6190J,Tractor,Monitor,Monitor Gen 4,PCGU6UD140166,24-1 (10.28.3314-79),PCGU6UD140166,Monitor Gen 4,Nuevo - 4640 Master 1.0,5885876,Gen4,Nuevo,2024-08-16 00:00:00,2025-08-16 00:00:00,-417.0,VENCIDO,Vencida,Control administrativo,Serie de componente,PCGU6UD140166,5885876
2026-10-07 00:00:00,2026-10-07 12:09:58.363968,20261007_120958_ba31ab,ARROYITO,4427201,COMERCIALCONCI COMERCIALCONCI,1J07230JHPD000801,1J07230JHPD000801,7230J,Tractor,Monitor,Monitor Gen 4,PCGU6UD140143,23-2 (10.26.2927-110),PCGU6UD140143,Monitor Gen 4,Nuevo - 4640 Master 1.0,4427201,Gen4,Nuevo,2023-10-11 00:00:00,2024-10-11 00:00:00,-726.0,VENCIDO,Vencida,Control administrativo,Serie de componente,PCGU6UD140143,4427201
2026-10-07 00:00:00,2026-10-07 12:09:58.363968,20261007_120958_ba31ab,SINSACATE,276591,ALBANO RIZZI,7230J RIZZI,1J07230JVPD000650,7230J,Tractor,Monitor,Monitor Gen 4,PCGU6UD135570,25.3 (10.32.3817-94),PCGU6UD135570,Monitor Gen 4,Nuevo - 4640 Master 1.0,276591,Gen4,Nuevo,2023-06-02 00:00:00,2024-06-02 00:00:00,-857.0,VENCIDO,Vencida,Control administrativo,Serie de componente,PCGU6UD135570,276591
2026-10-07 00:00:00,2026-10-07 12:09:58.363968,20261007_120958_ba31ab,,,Federico Marinozzi,,,,,Monitor,Monitor Gen 4,PCGU6UD126277,,PCGU6UD126277,Monitor Gen 4,Nuevo - 4640 Master 1.0,444715,Gen4,Nuevo,2024-11-04 00:00:00,2025-11-04 00:00:00,-337.0,VENCIDO,Vencida,Control administrativo,No encontrado,PCGU6UD126277,444715
2026-10-07 00:00:00,2026-10-07 12:09:58.363968,20261007_120958_ba31ab,CORDOBA,308408,LEONEL CALDERON,S780 N°2,1J0S780BVN0145113,S780,Cosechadora,Monitor,Monitor Gen 4,PCGUPSB875147,25.4 (10.35.3817-13),PCGUPSB875147,Monitor Gen 4,Actualización - CommandCenter Automation 4,,Gen4,Actualización,2026-05-06 00:00:00,2026-12-30 00:00:00,84.0,VIGENTE,Vence en 90 días,Control administrativo,Serie de componente,PCGUPSB875147,Actualización - CommandCenter Automation 4
2026-10-07 00:00:00,2026-10-07 12:09:58.363968,20261007_120958_ba31ab,CORDOBA,308408,LEONEL CALDERON,S780 N°1,1J0S780BHN0140157,S780,Cosechadora,Monitor,Monitor Gen 4,PCGUPSB853921,25.4 (10.35.3817-13),PCGUPSB853921,Monitor Gen 4,Actualización - CommandCenter Automation 4,,Gen4,Actualización,2026-05-06 00:00:00,2027-07-19 00:00:00,285.0,VIGENTE,Vigente,Control administrativo,Serie de componente,PCGUPSB853921,Actualización - CommandCenter Automation 4
2026-10-07 00:00:00,2026-10-07 12:09:58.363968,20261007_120958_ba31ab,SINSACATE,495864,LUIS MARIA RODRIGUEZ,8345R-tractor n°2 Rodriguez,1BM8345RJLS100595,8345R,Tractor,Monitor,Monitor Gen 4,PCGUPSA752002,25.3 (10.32.3817-138),PCGUPSA752002,Monitor Gen 4,Nuevo - CommandCenter Master 1.0,,Gen4,Nuevo,2025-11-28 00:00:00,2026-11-28 00:00:00,52.0,VIGENTE,Vence en 60 días,Control administrativo,Serie de componente,PCGUPSA752002,Nuevo - CommandCenter Master 1.0
2026-10-07 00:00:00,2026-10-07 12:09:58.363968,20261007_120958_ba31ab,SINSACATE,408834,MARCELO DEFRANCISCO BUTELER,7230R Erca 24,1RW7230RAKS105391,7230R,Tractor,Monitor,Monitor Gen 4,PCGUPSA733846,25.4 (10.35.3817-13),PCGUPSA733846,Monitor Gen 4,Nuevo - CommandCenter Automation 4,408834,Gen4,Nuevo,2023-12-06 00:00:00,2024-12-06 00:00:00,-670.0,VENCIDO,Vencida,Control administrativo,Serie de componente,PCGUPSA733846,408834
2026-10-07 00:00:00,2026-10-07 12:09:58.363968,20261007_120958_ba31ab,SINSACATE,495864,Luis María Rodriguez,M4040 Pulverizadora Rodriguez,1NW4040MTLF200008,M4040,Pulverizadora,Monitor,Monitor Gen 4,PCGUPSA721864,25.2 (10.31.3676-103),PCGUPSA721864,Monitor Gen 4,Nuevo - CommandCenter Master 1.0,,Gen4,Nuevo,2025-11-03 00:00:00,2026-11-03 00:00:00,27.0,POR VENCER,Vence en 30 días,Control administrativo,Serie de componente,PCGUPSA721864,Nuevo - CommandCenter Master 1.0
2026-10-07 00:00:00,2026-10-07 12:09:58.363968,20261007_120958_ba31ab,PILAR,5891933,COMERCIALCONCI COMERCIALCONCI,6190J,1J06190JLRD600317,6190J,Tractor,Monitor,Monitor Gen 4,PCGUMUB076000,24-1 (10.28.3314-79),PCGUMUB076000,Monitor Gen 4,Nuevo - 4240 Section Control,5891933,Gen4,Nuevo,2024-08-22 00:00:00,2025-08-22 00:00:00,-411.0,VENCIDO,Vencida,Control administrativo,Serie de componente,PCGUMUB076000,5891933
2026-10-07 00:00:00,2026-10-07 12:09:58.363968,20261007_120958_ba31ab,SINSACATE,617517,Joaquin Calde,ESACOM 7230J,1J07230JCPD000792,7230J,Tractor,Monitor,Monitor Gen 4,PCGU6UD141474,23-2 (10.26.2927-110),PCGU6UD141474,Monitor Gen 4,Nuevo - 4640 Master 1.0,617517,Gen4,Nuevo,2023-11-22 00:00:00,2024-11-22 00:00:00,-684.0,VENCIDO,Vencida,Control administrativo,Serie de componente,PCGU6UD141474,617517
2026-10-07 00:00:00,2026-10-07 12:09:58.363968,20261007_120958_ba31ab,,,La Lucia,,,,,Monitor,Monitor Gen 4,PCGU6UD140709,,PCGU6UD140709,Monitor Gen 4,Nuevo - 4640 Master 1.0,5827561,Gen4,Nuevo,2024-05-15 00:00:00,2025-05-15 00:00:00,-510.0,VENCIDO,Vencida,Control administrativo,No encontrado,PCGU6UD140709,5827561
2026-10-07 00:00:00,2026-10-07 12:09:58.363968,20261007_120958_ba31ab,ARROYITO,447056,JUAN CARLOS CONCI,JD 7J200 n2 sociedad,1J07200JPPD000589,7200J,Tractor,Monitor,Monitor Gen 4,PCGU6UD140461,25.3 (10.32.3817-138),PCGU6UD140461,Monitor Gen 4,Nuevo - 4640 Master 1.0,447056,Gen4,Nuevo,2023-12-19 00:00:00,2024-12-19 00:00:00,-657.0,VENCIDO,Vencida,Control administrativo,Serie de componente,PCGU6UD140461,447056
2026-10-07 00:00:00,2026-10-07 12:09:58.363968,20261007_120958_ba31ab,PILAR,5833877,COMERCIALCONCI COMERCIALCONCI,7200J,1J07200JVRD000701,7200J,Tractor,Monitor,Monitor Gen 4,PCGU6UD140431,23-3 (10.27.3135-113),PCGU6UD140431,Monitor Gen 4,Nuevo - 4640 Master 1.0,5833877,Gen4,Nuevo,2024-05-17 00:00:00,2025-05-17 00:00:00,-508.0,VENCIDO,Vencida,Control administrativo,Serie de componente,PCGU6UD140431,5833877
2026-10-07 00:00:00,2026-10-07 12:09:58.363968,20261007_120958_ba31ab,SINSACATE,413239,Giorgio Victor Hugo,4730 De Giorgio Victor,N04730X008066,4730,Pulverizadora,Monitor,Monitor Gen 4,PCGU6UD140179,25.2 (10.31.3676-103),PCGU6UD140179,Monitor Gen 4,Nuevo - 4640 Master 1.0,413239,Gen4,Nuevo,2024-06-05 00:00:00,2025-06-05 00:00:00,-489.0,VENCIDO,Vencida,Control administrativo,Serie de componente,PCGU6UD140179,413239
2026-10-07 00:00:00,2026-10-07 12:09:58.363968,20261007_120958_ba31ab,SINSACATE,613183,Fernando Daniel Vaca,1J07200JHPD000635,1J07200JHPD000635,7200J,Tractor,Monitor,Monitor Gen 4,PCGU6UD139788,25.4 (10.35.3817-13),PCGU6UD139788,Monitor Gen 4,Nuevo - 4640 Master 1.0,613183,Gen4,Nuevo,2023-08-29 00:00:00,2024-08-29 00:00:00,-769.0,VENCIDO,Vencida,Control administrativo,Serie de componente,PCGU6UD139788,613183
2026-10-07 00:00:00,2026-10-07 12:09:58.363968,20261007_120958_ba31ab,SINSACATE,492480,AGRO COLIBRI,7230R Tractor Agro Colibrí,1RW7230SELC110688,7R 230,Tractor,Receptor de posición,Antena 6000,PCGT6FB325224,4.60H,PCGT6FB325224,Antena 6000,Renovar - SF3,492480,SF6000,Renovación,2025-11-26 00:00:00,2026-11-26 00:00:00,50.0,VIGENTE,Vence en 60 días,Control administrativo,Serie de componente,PCGT6FB325224,492480
2026-10-07 00:00:00,2026-10-07 12:09:58.363968,20261007_120958_ba31ab,,,roger marchese,,,,,Receptor de posición,Antena 6000,PCGT3TA344298,,PCGT3TA344298,Antena 6000,Nuevo - SF2,,SF6000,Nuevo,2025-11-25 00:00:00,2026-02-25 00:00:00,-224.0,VENCIDO,Vencida,Control administrativo,No encontrado,PCGT3TA344298,Nuevo - SF2
2026-10-07 00:00:00,2026-10-07 12:09:58.363968,20261007_120958_ba31ab,PILAR,4136401,Gabriel Oscar Sugar,SUGAR 7230J,1J07230JVPD000776,7230J,Tractor,Monitor,Monitor Gen 4,PCGU6UD139582,23-2 (10.26.2927-120),PCGU6UD139582,Monitor Gen 4,Nuevo - 4640 Master 1.0,4136401,Gen4,Nuevo,2023-12-01 00:00:00,2024-12-01 00:00:00,-675.0,VENCIDO,Vencida,Control administrativo,Serie de componente,PCGU6UD139582,4136401
2026-10-07 00:00:00,2026-10-07 12:09:58.363968,20261007_120958_ba31ab,PILAR,522572,Javier Balcells,Don Julian 7230J,1J07230JVPD000857,7230J,Tractor,Monitor,Monitor Gen 4,PCGU6UD135673,23-2 (10.26.2927-120),PCGU6UD135673,Monitor Gen 4,Nuevo - 4640 Master 1.0,522572,Gen4,Nuevo,2023-11-24 00:00:00,2024-11-24 00:00:00,-682.0,VENCIDO,Vencida,Control administrativo,Serie de componente,PCGU6UD135673,522572
2026-10-07 00:00:00,2026-10-07 12:09:58.363968,20261007_120958_ba31ab,,1644441,Federico Ascanelli,AGROAGUILA3GSA 7215J,1J07215JCND000407,7215J,Tractor,Monitor,Monitor Gen 4,PCGU6UD126300,25.2 (10.31.3676-103),PCGU6UD126300,Monitor Gen 4,Nuevo - 4640 Master 1.0,1644441,Gen4,Nuevo,2023-04-21 00:00:00,2024-04-21 00:00:00,-899.0,VENCIDO,Vencida,Control administrativo,Serie de componente,PCGU6UD126300,1644441
2026-10-07 00:00:00,2026-10-07 12:09:58.363968,20261007_120958_ba31ab,PILAR,1416041,JUAN CARLOS CONCI,RUBEN SORIANO 7230J,1J07230JEPD000699,7230J,Tractor,Monitor,Monitor Gen 4,PCGU6UD126184,25.3 (10.32.3817-138),PCGU6UD126184,Monitor Gen 4,Nuevo - 4640 Master 1.0,1416041,Gen4,Nuevo,2023-04-10 00:00:00,2024-04-10 00:00:00,-910.0,VENCIDO,Vencida,Control administrativo,Serie de componente,PCGU6UD126184,1416041
2026-10-07 00:00:00,2026-10-07 12:09:58.363968,20261007_120958_ba31ab,ARROYITO,1922401,JUAN CARLOS CONCI,Agricola VT 7215J,1J07215JVPD000452,7215J,Tractor,Monitor,Monitor Gen 4,PCGU6UD125730,25.2 (10.31.3676-103),PCGU6UD125730,Monitor Gen 4,Nuevo - 4640 Master 1.0,1922401,Gen4,Nuevo,2023-05-05 00:00:00,2024-05-05 00:00:00,-885.0,VENCIDO,Vencida,Control administrativo,Serie de componente,PCGU6UD125730,1922401
2026-10-07 00:00:00,2026-10-07 12:09:58.363968,20261007_120958_ba31ab,CORDOBA,277819,Miguel Campetella,PLA - 3600,1YE3600FNA08050,PLA,Pulverizadora,Monitor,Monitor Gen 4,PCGU6UD115517,25.4 (10.35.3817-60),PCGU6UD115517,Monitor Gen 4,Nuevo - 4640 Master 1.0,277819,Gen4,Nuevo,2025-12-04 00:00:00,2026-12-04 00:00:00,58.0,VIGENTE,Vence en 60 días,Control administrativo,Serie de componente,PCGU6UD115517,277819
2026-10-07 00:00:00,2026-10-07 12:09:58.363968,20261007_120958_ba31ab,,,Elias Maldonado,,,,,Monitor,Monitor Gen 4,PCGU6UD114568,,PCGU6UD114568,Monitor Gen 4,Nuevo - 4640 Master 1.0,,Gen4,Nuevo,2025-12-04 00:00:00,2026-12-04 00:00:00,58.0,VIGENTE,Vence en 60 días,Control administrativo,No encontrado,PCGU6UD114568,Nuevo - 4640 Master 1.0
2026-10-07 00:00:00,2026-10-07 12:09:58.363968,20261007_120958_ba31ab,,,JUAN CARLOS CONCI,,,,,Monitor,Monitor Gen 4,PCGU6UD111227,,PCGU6UD111227,Monitor Gen 4,Nuevo - 4640 Master 1.0,459215,Gen4,Nuevo,2023-09-14 00:00:00,2024-09-14 00:00:00,-753.0,VENCIDO,Vencida,Control administrativo,No encontrado,PCGU6UD111227,459215
2026-10-07 00:00:00,2026-10-07 12:09:58.363968,20261007_120958_ba31ab,,,Agronorte Agronorte,,,,,Monitor,Monitor Gen 4,PCGU6UD121246,,PCGU6UD121246,Monitor Gen 4,Renovar - 4640 Master 1.0,3709361,Gen4,Renovación,2023-12-28 00:00:00,2024-12-28 00:00:00,-648.0,VENCIDO,Vencida,Control administrativo,No encontrado,PCGU6UD121246,3709361
2026-10-07 00:00:00,2026-10-07 12:09:58.363968,20261007_120958_ba31ab,,,Agronorte Agronorte,,,,,Monitor,Monitor Gen 4,PCGU6UD121246,,PCGU6UD121246,Monitor Gen 4,Renovar - 4640 Master 1.0,3709361,Gen4,Renovación,2024-12-29 00:00:00,2025-12-29 00:00:00,-282.0,VENCIDO,Vencida,Control administrativo,No encontrado,PCGU6UD121246,3709361
2026-10-07 00:00:00,2026-10-07 12:09:58.363968,20261007_120958_ba31ab,SINSACATE,324409,DANIEL DEGIORGIO,4730 DEGIORGIO NUEVA,1NW4730XKJ0055992,4730,Pulverizadora,Monitor,Monitor Gen 4,PCGU6UD121242,25.4 (10.35.3817-13),PCGU6UD121242,Monitor Gen 4,Renovar - 4640 Master 1.0,324409,Gen4,Renovación,2023-10-07 00:00:00,2024-10-07 00:00:00,-730.0,VIGENTE,Vencida,Control administrativo,Serie de componente,PCGU6UD121242,324409
2026-10-07 00:00:00,2026-10-07 12:09:58.363968,20261007_120958_ba31ab,SINSACATE,324409,DANIEL DEGIORGIO,4730 DEGIORGIO NUEVA,1NW4730XKJ0055992,4730,Pulverizadora,Monitor,Monitor Gen 4,PCGU6UD121242,25.4 (10.35.3817-13),PCGU6UD121242,Monitor Gen 4,Nuevo - 4640 Master 1.0,324409,Gen4,Nuevo,2024-10-10 00:00:00,2025-10-10 00:00:00,-362.0,VIGENTE,Vencida,Control administrativo,Serie de componente,PCGU6UD121242,324409
2026-10-07 00:00:00,2026-10-07 12:09:58.363968,20261007_120958_ba31ab,SINSACATE,324409,DANIEL DEGIORGIO,4730 DEGIORGIO NUEVA,1NW4730XKJ0055992,4730,Pulverizadora,Monitor,Monitor Gen 4,PCGU6UD121242,25.4 (10.35.3817-13),PCGU6UD121242,Monitor Gen 4,Nuevo - 4640 Universal Automation 4,324409,Gen4,Nuevo,2025-04-30 00:00:00,2026-04-30 00:00:00,-160.0,VIGENTE,Vencida,Control administrativo,Serie de componente,PCGU6UD121242,324409
2026-10-07 00:00:00,2026-10-07 12:09:58.363968,20261007_120958_ba31ab,SINSACATE,324409,DANIEL DEGIORGIO,4730 DEGIORGIO NUEVA,1NW4730XKJ0055992,4730,Pulverizadora,Monitor,Monitor Gen 4,PCGU6UD121242,25.4 (10.35.3817-13),PCGU6UD121242,Monitor Gen 4,Renovar - 4640 Universal Automation 4,324409,Gen4,Renovación,2026-05-01 00:00:00,2027-05-01 00:00:00,206.0,VIGENTE,Vigente,Control administrativo,Serie de componente,PCGU6UD121242,324409
2026-10-07 00:00:00,2026-10-07 12:09:58.363968,20261007_120958_ba31ab,ARROYITO,5748738,COMERCIALCONCI COMERCIALCONCI,PLA 3300,1YE3300CTNA008281,3300,Pulverizadora,Monitor,Monitor Gen 4,PCGU6UD121014,25.4 (10.35.3817-13),PCGU6UD121014,Monitor Gen 4,Nuevo - 4640 Master 1.0,5748738,Gen4,Nuevo,2024-01-24 00:00:00,2025-01-24 00:00:00,-621.0,VIGENTE,Vencida,Control administrativo,Serie de componente,PCGU6UD121014,5748738
2026-10-07 00:00:00,2026-10-07 12:09:58.363968,20261007_120958_ba31ab,ARROYITO,5748738,Jose Luis Magnano,PLA 3300,1YE3300CTNA008281,3300,Pulverizadora,Monitor,Monitor Gen 4,PCGU6UD121014,25.4 (10.35.3817-13),PCGU6UD121014,Monitor Gen 4,Nuevo - 4640 Master 1.0,5748738,Gen4,Nuevo,2025-01-28 00:00:00,2026-01-28 00:00:00,-252.0,VIGENTE,Vencida,Control administrativo,Serie de componente,PCGU6UD121014,5748738
2026-10-07 00:00:00,2026-10-07 12:09:58.363968,20261007_120958_ba31ab,SINSACATE,491313,Julian Peressini,3300PLA,1YE3300FPNA008065,3300,Pulverizadora,Monitor,Monitor Gen 4,PCGU6UD117717,25.4 (10.35.3817-60),PCGU6UD117717,Monitor Gen 4,Renovar - 4640 Master 1.0,491313,Gen4,Renovación,2024-08-04 00:00:00,2025-08-04 00:00:00,-429.0,VENCIDO,Vencida,Control administrativo,Serie de componente,PCGU6UD117717,491313
2026-10-07 00:00:00,2026-10-07 12:09:58.363968,20261007_120958_ba31ab,SINSACATE,491313,Julian Peressini,3300PLA,1YE3300FPNA008065,3300,Pulverizadora,Monitor,Monitor Gen 4,PCGU6UD117717,25.4 (10.35.3817-60),PCGU6UD117717,Monitor Gen 4,Nuevo - 4640 Master 1.0,491313,Gen4,Nuevo,2025-08-08 00:00:00,2026-08-08 00:00:00,-60.0,VENCIDO,Vencida,Control administrativo,Serie de componente,PCGU6UD117717,491313
2026-10-07 00:00:00,2026-10-07 12:09:58.363968,20261007_120958_ba31ab,SINSACATE,491313,Julian Peressini,3300PLA,1YE3300FPNA008065,3300,Pulverizadora,Monitor,Monitor Gen 4,PCGU6UD117717,25.4 (10.35.3817-60),PCGU6UD117717,Monitor Gen 4,Nuevo - 4640 Master 1.0,491313,Gen4,Nuevo,2023-08-03 00:00:00,2024-08-03 00:00:00,-795.0,VENCIDO,Vencida,Control administrativo,Serie de componente,PCGU6UD117717,491313
2026-10-07 00:00:00,2026-10-07 12:09:58.363968,20261007_120958_ba31ab,,,Ruben Dario Riorda,,,,,Monitor,Monitor Gen 4,PCGU6UD117358,,PCGU6UD117358,Monitor Gen 4,Nuevo - 4640 Master 1.0,4002881,Gen4,Nuevo,2023-09-01 00:00:00,2024-09-01 00:00:00,-766.0,VIGENTE,Vencida,Control administrativo,No encontrado,PCGU6UD117358,4002881
2026-10-07 00:00:00,2026-10-07 12:09:58.363968,20261007_120958_ba31ab,,,Ruben Dario Riorda,,,,,Monitor,Monitor Gen 4,PCGU6UD117358,,PCGU6UD117358,Monitor Gen 4,Renovar - 4640 Master 1.0,4002881,Gen4,Renovación,2025-09-07 00:00:00,2026-09-07 00:00:00,-30.0,VIGENTE,Vencida,Control administrativo,No encontrado,PCGU6UD117358,4002881
2026-10-07 00:00:00,2026-10-07 12:09:58.363968,20261007_120958_ba31ab,,,Ruben Dario Riorda,,,,,Monitor,Monitor Gen 4,PCGU6UD117358,,PCGU6UD117358,Monitor Gen 4,Nuevo - 4640 Master 1.0,4002881,Gen4,Nuevo,2024-09-06 00:00:00,2025-09-06 00:00:00,-396.0,VIGENTE,Vencida,Control administrativo,No encontrado,PCGU6UD117358,4002881
2026-10-07 00:00:00,2026-10-07 12:09:58.363968,20261007_120958_ba31ab,CORDOBA,406172,MAURICIO DEFILIPPO,PLA 3300 - 8080 N°1,1YE3300CANA008080,3300,Pulverizadora,Monitor,Monitor Gen 4,PCGU6UD116223,25.4 (10.35.3817-60),PCGU6UD116223,Monitor Gen 4,Nuevo - 4640 Master 1.0,406172,Gen4,Nuevo,2023-08-14 00:00:00,2024-08-14 00:00:00,-784.0,VIGENTE,Vencida,Control administrativo,Serie de componente,PCGU6UD116223,406172
2026-10-07 00:00:00,2026-10-07 12:09:58.363968,20261007_120958_ba31ab,CORDOBA,406172,MARCELO DEFILIPPO,PLA 3300 - 8080 N°1,1YE3300CANA008080,3300,Pulverizadora,Monitor,Monitor Gen 4,PCGU6UD116223,25.4 (10.35.3817-60),PCGU6UD116223,Monitor Gen 4,Nuevo - 4640 Master 1.0,406172,Gen4,Nuevo,2025-08-16 00:00:00,2026-08-16 00:00:00,-52.0,VIGENTE,Vencida,Control administrativo,Serie de componente,PCGU6UD116223,406172
2026-10-07 00:00:00,2026-10-07 12:09:58.363968,20261007_120958_ba31ab,CORDOBA,406172,MARCELO DEFILIPPO,PLA 3300 - 8080 N°1,1YE3300CANA008080,3300,Pulverizadora,Monitor,Monitor Gen 4,PCGU6UD116223,25.4 (10.35.3817-60),PCGU6UD116223,Monitor Gen 4,Nuevo - 4640 Master 1.0,406172,Gen4,Nuevo,2024-08-15 00:00:00,2025-08-15 00:00:00,-418.0,VIGENTE,Vencida,Control administrativo,Serie de componente,PCGU6UD116223,406172
2026-10-07 00:00:00,2026-10-07 12:09:58.363968,20261007_120958_ba31ab,,,FRANKLIN BOGLICH,,,,,Monitor,Monitor Gen 4,PCGU6UD115980,,PCGU6UD115980,Monitor Gen 4,Nuevo - 4640 Master 1.0,2780382,Gen4,Nuevo,2023-11-10 00:00:00,2024-11-10 00:00:00,-696.0,VIGENTE,Vencida,Control administrativo,No encontrado,PCGU6UD115980,2780382
2026-10-07 00:00:00,2026-10-07 12:09:58.363968,20261007_120958_ba31ab,,,FRANKLIN BOGLICH,,,,,Monitor,Monitor Gen 4,PCGU6UD115980,,PCGU6UD115980,Monitor Gen 4,Nuevo - 4640 Master 1.0,2780382,Gen4,Nuevo,2024-11-13 00:00:00,2025-11-13 00:00:00,-328.0,VIGENTE,Vencida,Control administrativo,No encontrado,PCGU6UD115980,2780382
2026-10-07 00:00:00,2026-10-07 12:09:58.363968,20261007_120958_ba31ab,,,FRANKLIN BOGLICH,,,,,Monitor,Monitor Gen 4,PCGU6UD115980,,PCGU6UD115980,Monitor Gen 4,Nuevo - 4640 Master 1.0,2780382,Gen4,Nuevo,2025-11-15 00:00:00,2026-11-15 00:00:00,39.0,VIGENTE,Vence en 60 días,Control administrativo,No encontrado,PCGU6UD115980,2780382
2026-10-07 00:00:00,2026-10-07 12:09:58.363968,20261007_120958_ba31ab,,,Fernando Daniel Vaca,,,,,Monitor,Monitor Gen 4,PCGU6UD108532,,PCGU6UD108532,Monitor Gen 4,Renovar - 4640 Master 1.0,613183,Gen4,Renovación,2025-01-02 00:00:00,2026-01-02 00:00:00,-278.0,VENCIDO,Vencida,Control administrativo,No encontrado,PCGU6UD108532,613183
2026-10-07 00:00:00,2026-10-07 12:09:58.363968,20261007_120958_ba31ab,,,Carlos Osvaldo Rojas,,,,,Monitor,Monitor Gen 4,PCGU6UD108505,,PCGU6UD108505,Monitor Gen 4,Renovar - 4640 Master 1.0,610697,Gen4,Renovación,2024-08-10 00:00:00,2025-08-10 00:00:00,-423.0,VENCIDO,Vencida,Control administrativo,No encontrado,PCGU6UD108505,610697
2026-10-07 00:00:00,2026-10-07 12:09:58.363968,20261007_120958_ba31ab,PILAR,491902,JOAQUIN MARTINEZ,Pla Map 2900,1YE2900CCMM007774,2900,Pulverizadora,Monitor,Monitor Gen 4,PCGU6UD108457,23-1 (10.25.2820-66),PCGU6UD108457,Monitor Gen 4,Nuevo - 4640 Master 1.0,,Gen4,Nuevo,2025-11-06 00:00:00,2026-11-06 00:00:00,30.0,POR VENCER,Vence en 30 días,Control administrativo,Serie de componente,PCGU6UD108457,Nuevo - 4640 Master 1.0
2026-10-07 00:00:00,2026-10-07 12:09:58.363968,20261007_120958_ba31ab,ARROYITO,603852,SERGIO PRIOTTI,PLA 8367,1YE3300FHPM008367,3300,Pulverizadora,Monitor,Monitor Gen 4,PCGU6UD108451,25.4 (10.35.3817-13),PCGU6UD108451,Monitor Gen 4,Nuevo - 4640 Master 1.0,603852,Gen4,Nuevo,2025-05-14 00:00:00,2026-05-14 00:00:00,-146.0,VENCIDO,Vencida,Control administrativo,Serie de componente,PCGU6UD108451,603852
2026-10-07 00:00:00,2026-10-07 12:09:58.363968,20261007_120958_ba31ab,,,Carlos Alberto Barbana,,,,,Monitor,Monitor Gen 4,PCGU6UD115936,,PCGU6UD115936,Monitor Gen 4,Nuevo - 4640 Master 1.0,592778,Gen4,Nuevo,2025-09-05 00:00:00,2026-09-05 00:00:00,-32.0,VENCIDO,Vencida,Control administrativo,No encontrado,PCGU6UD115936,592778
2026-10-07 00:00:00,2026-10-07 12:09:58.363968,20261007_120958_ba31ab,SINSACATE,579120,Alberto Micoli,Pulve_PLA,1YE3300FHNA008108,3300,Pulverizadora,Monitor,Monitor Gen 4,PCGU6UD115770,25.4 (10.35.3817-60),PCGU6UD115770,Monitor Gen 4,Nuevo - 4640 Master 1.0,579120,Gen4,Nuevo,2023-08-12 00:00:00,2024-08-12 00:00:00,-786.0,VIGENTE,Vencida,Control administrativo,Serie de componente,PCGU6UD115770,579120
2026-10-07 00:00:00,2026-10-07 12:09:58.363968,20261007_120958_ba31ab,SINSACATE,579120,Alberto Micoli,Pulve_PLA,1YE3300FHNA008108,3300,Pulverizadora,Monitor,Monitor Gen 4,PCGU6UD115770,25.4 (10.35.3817-60),PCGU6UD115770,Monitor Gen 4,Nuevo - 4640 Master 1.0,579120,Gen4,Nuevo,2024-08-15 00:00:00,2025-08-15 00:00:00,-418.0,VIGENTE,Vencida,Control administrativo,Serie de componente,PCGU6UD115770,579120
2026-10-07 00:00:00,2026-10-07 12:09:58.363968,20261007_120958_ba31ab,SINSACATE,579120,Alberto Micoli,Pulve_PLA,1YE3300FHNA008108,3300,Pulverizadora,Monitor,Monitor Gen 4,PCGU6UD115770,25.4 (10.35.3817-60),PCGU6UD115770,Monitor Gen 4,Nuevo - 4640 Master 1.0,579120,Gen4,Nuevo,2025-08-28 00:00:00,2026-08-28 00:00:00,-40.0,VIGENTE,Vencida,Control administrativo,Serie de componente,PCGU6UD115770,579120
2026-10-07 00:00:00,2026-10-07 12:09:58.363968,20261007_120958_ba31ab,CORDOBA,277819,Miguel Campetella,PLA - 3600,1YE3600FNA08050,PLA,Pulverizadora,Monitor,Monitor Gen 4,PCGU6UD115517,25.4 (10.35.3817-60),PCGU6UD115517,Monitor Gen 4,Nuevo - 4640 Master 1.0,277819,Gen4,Nuevo,2024-12-02 00:00:00,2025-12-02 00:00:00,-309.0,VIGENTE,Vencida,Control administrativo,Serie de componente,PCGU6UD115517,277819
2026-10-07 00:00:00,2026-10-07 12:09:58.363968,20261007_120958_ba31ab,CORDOBA,277819,Miguel Campetella,PLA - 3600,1YE3600FNA08050,PLA,Pulverizadora,Monitor,Monitor Gen 4,PCGU6UD115517,25.4 (10.35.3817-60),PCGU6UD115517,Monitor Gen 4,Nuevo - 4640 Master 1.0,277819,Gen4,Nuevo,2023-12-01 00:00:00,2024-12-01 00:00:00,-675.0,VIGENTE,Vencida,Control administrativo,Serie de componente,PCGU6UD115517,277819
2026-10-07 00:00:00,2026-10-07 12:09:58.363968,20261007_120958_ba31ab,,,Carolina Balsuar,,,,,Monitor,Monitor Gen 4,PCGU6UD114661,,PCGU6UD114661,Monitor Gen 4,Nuevo - 4640 Master 1.0,,Gen4,Nuevo,2026-02-09 00:00:00,2027-02-09 00:00:00,125.0,VIGENTE,Vigente,Control administrativo,No encontrado,PCGU6UD114661,Nuevo - 4640 Master 1.0
2026-10-07 00:00:00,2026-10-07 12:09:58.363968,20261007_120958_ba31ab,SINSACATE,579120,Alberto Micoli,1BM8320RJPS100792,1BM8320RJPS100792,8320R,Tractor,Monitor,Monitor Gen 4,PCGUPSB959639,25.2 (10.31.3676-103),PCGUPSB959639,Monitor Gen 4,Actualización - CommandCenter Automation 4,579120,Gen4,Actualización,2025-09-01 00:00:00,2029-10-28 00:00:00,1117.0,VIGENTE,Vigente,Control administrativo,Serie de componente,PCGUPSB959639,579120
2026-10-07 00:00:00,2026-10-07 12:09:58.363968,20261007_120958_ba31ab,SANTA ROSA,479802,Dario Jensen,Pulverizadora 4025M Jensen,1NW4025MKK0190436,M4025,Pulverizadora,Monitor,Monitor Gen 4,PCGUPSA721929,25.2 (10.31.3676-103),PCGUPSA721929,Monitor Gen 4,Nuevo - CommandCenter Master 1.0,479802,Gen4,Nuevo,2025-07-23 00:00:00,2026-07-23 00:00:00,-76.0,VIGENTE,Vencida,Control administrativo,Serie de componente,PCGUPSA721929,479802
2026-10-07 00:00:00,2026-10-07 12:09:58.363968,20261007_120958_ba31ab,SINSACATE,425653,MARIANO CARRENO,Tractor 8245R (1),1BM8245RCKS100074,8245R,Tractor,Monitor,Monitor Gen 4,PCGUPSA717776,25.4 (10.35.3817-13),PCGUPSA717776,Monitor Gen 4,Nuevo - CommandCenter Automation 4,425653,Gen4,Nuevo,2025-10-29 00:00:00,2026-10-29 00:00:00,22.0,POR VENCER,Vence en 30 días,Control administrativo,Serie de componente,PCGUPSA717776,425653
2026-10-07 00:00:00,2026-10-07 12:09:58.363968,20261007_120958_ba31ab,,,Hector Canavesio,,,,,Monitor,Monitor Gen 4,PCGUMUB033944,,PCGUMUB033944,Monitor Gen 4,Renovar - 4240 Section Control,-,Gen4,Renovación,2024-12-15 00:00:00,2025-12-15 00:00:00,-296.0,VENCIDO,Vencida,Control administrativo,No encontrado,PCGUMUB033944,-
2026-10-07 00:00:00,2026-10-07 12:09:58.363968,20261007_120958_ba31ab,ARROYITO,4638841,gianfranco drusian,CQ9650A080289,CQ9650A080289,9650 STS,Cosechadora,Monitor,Monitor Gen 4,PCGU6UD143693,25.1 (10.30.3567-82),PCGU6UD143693,Monitor Gen 4,Nuevo - 4640 Master 1.0,4638841,Gen4,Nuevo,2024-10-02 00:00:00,2025-10-02 00:00:00,-370.0,VENCIDO,Vencida,Control administrativo,Serie de componente,PCGU6UD143693,4638841
2026-10-07 00:00:00,2026-10-07 12:09:58.363968,20261007_120958_ba31ab,,,JHL Lomas S.A.,,,,,Monitor,Monitor Gen 4,PCGU6UD111341,,PCGU6UD111341,Monitor Gen 4,Nuevo - 4640 Master 1.0,2948381,Gen4,Nuevo,2024-04-05 00:00:00,2025-04-05 00:00:00,-550.0,VENCIDO,Vencida,Control administrativo,No encontrado,PCGU6UD111341,2948381
2026-10-07 00:00:00,2026-10-07 12:09:58.363968,20261007_120958_ba31ab,SINSACATE,495864,LUIS MARIA RODRIGUEZ,8345R-Tractor n°3 Rodriguez,1BM8345RAHS100009,8345R,Tractor,Monitor,Monitor Gen 4,PCGU6UD105579,25.3 (10.32.3817-138),PCGU6UD105579,Monitor Gen 4,Renovar - 4640 Master 1.0,495864,Gen4,Renovación,2025-12-21 00:00:00,2026-12-21 00:00:00,75.0,VIGENTE,Vence en 90 días,Control administrativo,Serie de componente,PCGU6UD105579,495864
2026-10-07 00:00:00,2026-10-07 12:09:58.363968,20261007_120958_ba31ab,,,JHL Lomas S.A.,,,,,Monitor,Monitor Gen 4,PCGU6UD111341,,PCGU6UD111341,Monitor Gen 4,Nuevo - 4640 Master 1.0,2948381,Gen4,Nuevo,2025-04-07 00:00:00,2026-04-07 00:00:00,-183.0,VENCIDO,Vencida,Control administrativo,No encontrado,PCGU6UD111341,2948381
2026-10-07 00:00:00,2026-10-07 12:09:58.363968,20261007_120958_ba31ab,SINSACATE,413239,VÍCTOR DEGIORGIO,4730 De Giorgio Victor,N04730X008066,4730,Pulverizadora,Monitor,Monitor Gen 4,PCGU6UD140179,25.2 (10.31.3676-103),PCGU6UD140179,Monitor Gen 4,Nuevo - 4640 Universal Automation 4,413239,Gen4,Nuevo,2025-08-20 00:00:00,2026-08-20 00:00:00,-48.0,VENCIDO,Vencida,Control administrativo,Serie de componente,PCGU6UD140179,413239
2026-10-07 00:00:00,2026-10-07 12:09:58.363968,20261007_120958_ba31ab,CORDOBA,547251,Carolina Balsuar,PLA BY 3300 GD BT 2625,7939,3300,Pulverizadora,Monitor,Monitor Gen 4,PCGU6UD111216,25.4 (10.35.3817-9),PCGU6UD111216,Monitor Gen 4,Nuevo - 4640 Master 1.0,,Gen4,Nuevo,2026-01-22 00:00:00,2027-01-22 00:00:00,107.0,VIGENTE,Vigente,Control administrativo,Serie de componente,PCGU6UD111216,Nuevo - 4640 Master 1.0
2026-10-07 00:00:00,2026-10-07 12:09:58.363968,20261007_120958_ba31ab,,,Rodolfo Jose Pierangeli,,,,,Monitor,Monitor Gen 4,PCGU6UD111176,,PCGU6UD111176,Monitor Gen 4,Nuevo - 4640 Master 1.0,2789141,Gen4,Nuevo,2024-01-29 00:00:00,2025-01-29 00:00:00,-616.0,VIGENTE,Vencida,Control administrativo,No encontrado,PCGU6UD111176,2789141
2026-10-07 00:00:00,2026-10-07 12:09:58.363968,20261007_120958_ba31ab,,,Rodolfo Jose Pierangeli,,,,,Monitor,Monitor Gen 4,PCGU6UD111176,,PCGU6UD111176,Monitor Gen 4,Renovar - 4640 Master 1.0,2789141,Gen4,Renovación,2025-01-30 00:00:00,2026-01-30 00:00:00,-250.0,VIGENTE,Vencida,Control administrativo,No encontrado,PCGU6UD111176,2789141
2026-10-07 00:00:00,2026-10-07 12:09:58.363968,20261007_120958_ba31ab,,,Rodolfo Jose Pierangeli,,,,,Monitor,Monitor Gen 4,PCGU6UD111176,,PCGU6UD111176,Monitor Gen 4,Nuevo - 4640 Master 1.0,2789141,Gen4,Nuevo,2026-02-02 00:00:00,2027-02-02 00:00:00,118.0,VIGENTE,Vigente,Control administrativo,No encontrado,PCGU6UD111176,2789141
2026-10-07 00:00:00,2026-10-07 12:09:58.363968,20261007_120958_ba31ab,,,Antonio Ansibio Guijarro,,,,,Monitor,Monitor Gen 4,PCGU6UD111172,,PCGU6UD111172,Monitor Gen 4,Renovar - 4640 Master 1.0,4603881,Gen4,Renovación,2023-05-24 00:00:00,2024-05-24 00:00:00,-866.0,VIGENTE,Vencida,Control administrativo,No encontrado,PCGU6UD111172,4603881
2026-10-07 00:00:00,2026-10-07 12:09:58.363968,20261007_120958_ba31ab,,,Antonio Ansibio Guijarro,,,,,Monitor,Monitor Gen 4,PCGU6UD111172,,PCGU6UD111172,Monitor Gen 4,Nuevo - 4640 Master 1.0,4603881,Gen4,Nuevo,2024-05-30 00:00:00,2025-05-30 00:00:00,-495.0,VIGENTE,Vencida,Control administrativo,No encontrado,PCGU6UD111172,4603881
2026-10-07 00:00:00,2026-10-07 12:09:58.363968,20261007_120958_ba31ab,,,Antonio Ansibio Guijarro,,,,,Monitor,Monitor Gen 4,PCGU6UD111172,,PCGU6UD111172,Monitor Gen 4,Nuevo - 4640 Master 1.0,4603881,Gen4,Nuevo,2025-06-09 00:00:00,2026-06-09 00:00:00,-120.0,VIGENTE,Vencida,Control administrativo,No encontrado,PCGU6UD111172,4603881
2026-10-07 00:00:00,2026-10-07 12:09:58.363968,20261007_120958_ba31ab,,,Antonio Ansibio Guijarro,,,,,Monitor,Monitor Gen 4,PCGU6UD111172,,PCGU6UD111172,Monitor Gen 4,Nuevo - 4640 Master 1.0,4603881,Gen4,Nuevo,2026-06-15 00:00:00,2027-06-15 00:00:00,251.0,VIGENTE,Vigente,Control administrativo,No encontrado,PCGU6UD111172,4603881
2026-10-07 00:00:00,2026-10-07 12:09:58.363968,20261007_120958_ba31ab,,,GUSTAVO PAGLIALUNGA,,,,,Receptor de posición,Antena 6000,PCGT3TB792793,,PCGT3TB792793,Antena 6000,Nuevo - SF2,307486,SF6000,Nuevo,2023-12-06 00:00:00,2024-03-06 00:00:00,-945.0,VENCIDO,Vencida,Control administrativo,No encontrado,PCGT3TB792793,307486
2026-10-07 00:00:00,2026-10-07 12:09:58.363968,20261007_120958_ba31ab,,,JUAN CARLOS CONCI,,,,,Monitor,Monitor Gen 4,PCGU6UD111165,,PCGU6UD111165,Monitor Gen 4,Nuevo - 4640 Master 1.0,2780721,Gen4,Nuevo,2023-05-22 00:00:00,2024-05-22 00:00:00,-868.0,VIGENTE,Vencida,Control administrativo,No encontrado,PCGU6UD111165,2780721
2026-10-07 00:00:00,2026-10-07 12:09:58.363968,20261007_120958_ba31ab,,,JUAN CARLOS CHIAPPAFREDDO,,,,,Monitor,Monitor Gen 4,PCGU6UD111165,,PCGU6UD111165,Monitor Gen 4,Nuevo - 4640 Master 1.0,2780721,Gen4,Nuevo,2024-05-30 00:00:00,2025-05-30 00:00:00,-495.0,VIGENTE,Vencida,Control administrativo,No encontrado,PCGU6UD111165,2780721
2026-10-07 00:00:00,2026-10-07 12:09:58.363968,20261007_120958_ba31ab,,,JUAN CARLOS CHIAPPAFREDDO,,,,,Monitor,Monitor Gen 4,PCGU6UD111165,,PCGU6UD111165,Monitor Gen 4,Nuevo - 4640 Master 1.0,2780721,Gen4,Nuevo,2025-06-04 00:00:00,2026-06-04 00:00:00,-125.0,VIGENTE,Vencida,Control administrativo,No encontrado,PCGU6UD111165,2780721
2026-10-07 00:00:00,2026-10-07 12:09:58.363968,20261007_120958_ba31ab,PILAR,4114801,DEALER 243395 NAVARRO SA,SOL SRL - PLA 3300 MD,7948,3300,Pulverizadora,Monitor,Monitor Gen 4,PCGU6UD110617,24-1 (10.28.3314-79),PCGU6UD110617,Monitor Gen 4,Renovar - 4640 Master 1.0,4114801,Gen4,Renovación,2024-01-08 00:00:00,2025-01-08 00:00:00,-637.0,VENCIDO,Vencida,Control administrativo,Serie de componente,PCGU6UD110617,4114801
2026-10-07 00:00:00,2026-10-07 12:09:58.363968,20261007_120958_ba31ab,PILAR,4114801,DEALER 243395 NAVARRO SA,SOL SRL - PLA 3300 MD,7948,3300,Pulverizadora,Monitor,Monitor Gen 4,PCGU6UD110617,24-1 (10.28.3314-79),PCGU6UD110617,Monitor Gen 4,Renovar - 4640 Master 1.0,4114801,Gen4,Renovación,2025-01-09 00:00:00,2026-01-09 00:00:00,-271.0,VENCIDO,Vencida,Control administrativo,Serie de componente,PCGU6UD110617,4114801
2026-10-07 00:00:00,2026-10-07 12:09:58.363968,20261007_120958_ba31ab,,,ROBERTO PAIRETTI,,,,,Monitor,Monitor Gen 4,PCGU6UD108627,,PCGU6UD108627,Monitor Gen 4,Renovar - 4640 Master 1.0,358684,Gen4,Renovación,2025-10-28 00:00:00,2026-10-28 00:00:00,21.0,POR VENCER,Vence en 30 días,Control administrativo,No encontrado,PCGU6UD108627,358684
2026-10-07 00:00:00,2026-10-07 12:09:58.363968,20261007_120958_ba31ab,,,ROBERTO PAIRETTI,,,,,Monitor,Monitor Gen 4,PCGU6UD108627,,PCGU6UD108627,Monitor Gen 4,Nuevo - 4640 Master 1.0,358684,Gen4,Nuevo,2023-10-26 00:00:00,2024-10-26 00:00:00,-711.0,POR VENCER,Vencida,Control administrativo,No encontrado,PCGU6UD108627,358684
2026-10-07 00:00:00,2026-10-07 12:09:58.363968,20261007_120958_ba31ab,,,ROBERTO PAIRETTI,,,,,Monitor,Monitor Gen 4,PCGU6UD108627,,PCGU6UD108627,Monitor Gen 4,Renovar - 4640 Master 1.0,358684,Gen4,Renovación,2024-10-27 00:00:00,2025-10-27 00:00:00,-345.0,POR VENCER,Vencida,Control administrativo,No encontrado,PCGU6UD108627,358684
2026-10-07 00:00:00,2026-10-07 12:09:58.363968,20261007_120958_ba31ab,,,Carlos Osvaldo Rojas,,,,,Monitor,Monitor Gen 4,PCGU6UD108505,,PCGU6UD108505,Monitor Gen 4,Nuevo - 4640 Master 1.0,610697,Gen4,Nuevo,2023-08-09 00:00:00,2024-08-09 00:00:00,-789.0,VENCIDO,Vencida,Control administrativo,No encontrado,PCGU6UD108505,610697
2026-10-07 00:00:00,2026-10-07 12:09:58.363968,20261007_120958_ba31ab,,,Alexis Emanuel Giacoletti,,,,,Monitor,Monitor Gen 4,PCGU6UD108252,,PCGU6UD108252,Monitor Gen 4,Nuevo - 4640 Master 1.0,4523941,Gen4,Nuevo,2023-11-23 00:00:00,2024-11-23 00:00:00,-683.0,VIGENTE,Vencida,Control administrativo,No encontrado,PCGU6UD108252,4523941
2026-10-07 00:00:00,2026-10-07 12:09:58.363968,20261007_120958_ba31ab,,,Priotti Mauricio,,,,,Monitor,Monitor Gen 4,PCGU6UD108027,,PCGU6UD108027,Monitor Gen 4,Renovar - 4640 Master 1.0,4185081,Gen4,Renovación,2024-05-29 00:00:00,2025-05-29 00:00:00,-496.0,VENCIDO,Vencida,Control administrativo,No encontrado,PCGU6UD108027,4185081
2026-10-07 00:00:00,2026-10-07 12:09:58.363968,20261007_120958_ba31ab,,,JUAN CARLOS CONCI,,,,,Receptor de posición,Antena 6000,PCGT3TA117778,,PCGT3TA117778,Antena 6000,Nuevo - SF2,-,SF6000,Nuevo,2025-10-17 00:00:00,2026-01-17 00:00:00,-263.0,VENCIDO,Vencida,Control administrativo,No encontrado,PCGT3TA117778,-
2026-10-07 00:00:00,2026-10-07 12:09:58.363968,20261007_120958_ba31ab,,,JOSE MARIA FULGENZI,,,,,Monitor,Monitor Gen 4,PCGU6UD107983,,PCGU6UD107983,Monitor Gen 4,Renovar - 4640 Master 1.0,4660901,Gen4,Renovación,2024-02-03 00:00:00,2025-02-03 00:00:00,-611.0,VIGENTE,Vencida,Control administrativo,No encontrado,PCGU6UD107983,4660901
2026-10-07 00:00:00,2026-10-07 12:09:58.363968,20261007_120958_ba31ab,,,Jorge Carra,,,,,Monitor,Monitor Gen 4,PCGU6UB533572,,PCGU6UB533572,Monitor Gen 4,Renovar - 4640 Master 1.0,2769601,Gen4,Renovación,2024-10-22 00:00:00,2025-10-22 00:00:00,-350.0,POR VENCER,Vencida,Control administrativo,No encontrado,PCGU6UB533572,2769601
2026-10-07 00:00:00,2026-10-07 12:09:58.363968,20261007_120958_ba31ab,,,ELIO CARREGGIO,,,,,Monitor,Monitor Gen 4,PCGU6UD107954,,PCGU6UD107954,Monitor Gen 4,Renovar - 4640 Master 1.0,566049,Gen4,Renovación,2024-11-12 00:00:00,2025-11-12 00:00:00,-329.0,VIGENTE,Vencida,Control administrativo,No encontrado,PCGU6UD107954,566049
2026-10-07 00:00:00,2026-10-07 12:09:58.363968,20261007_120958_ba31ab,,,ELIO CARREGGIO,,,,,Monitor,Monitor Gen 4,PCGU6UD107954,,PCGU6UD107954,Monitor Gen 4,Renovar - 4640 Master 1.0,566049,Gen4,Renovación,2025-11-13 00:00:00,2026-11-13 00:00:00,37.0,VIGENTE,Vence en 60 días,Control administrativo,No encontrado,PCGU6UD107954,566049
2026-10-07 00:00:00,2026-10-07 12:09:58.363968,20261007_120958_ba31ab,SINSACATE,495864,Luis María Rodriguez,8345R-Tractor n°3 Rodriguez,1BM8345RAHS100009,8345R,Tractor,Monitor,Monitor Gen 4,PCGU6UD105579,25.3 (10.32.3817-138),PCGU6UD105579,Monitor Gen 4,Nuevo - 4640 Master 1.0,495864,Gen4,Nuevo,2024-12-20 00:00:00,2025-12-20 00:00:00,-291.0,VIGENTE,Vencida,Control administrativo,Serie de componente,PCGU6UD105579,495864
2026-10-07 00:00:00,2026-10-07 12:09:58.363968,20261007_120958_ba31ab,SINSACATE,324409,DANIEL DEGIORGIO,8320 DeGiorgio,1RW8320RLGP112400,8320R,Tractor,Monitor,Monitor Gen 4,PCGU6UD104729,25.4 (10.35.3817-60),PCGU6UD104729,Monitor Gen 4,Actualización - 4640 Universal Automation 4,324409,Gen4,Actualización,2025-04-30 00:00:00,2026-06-22 00:00:00,-107.0,VIGENTE,Vencida,Control administrativo,Serie de componente,PCGU6UD104729,324409
2026-10-07 00:00:00,2026-10-07 12:09:58.363968,20261007_120958_ba31ab,,,FERNANDO RUATTA,,,,,Monitor,Monitor Gen 4,PCGU6UD102023,,PCGU6UD102023,Monitor Gen 4,Nuevo - 4640 Master 1.0,447056,Gen4,Nuevo,2023-10-30 00:00:00,2024-10-30 00:00:00,-707.0,VIGENTE,Vencida,Control administrativo,No encontrado,PCGU6UD102023,447056
2026-10-07 00:00:00,2026-10-07 12:09:58.363968,20261007_120958_ba31ab,,,FERNANDO RUATTA,,,,,Monitor,Monitor Gen 4,PCGU6UD102023,,PCGU6UD102023,Monitor Gen 4,Nuevo - 4640 Master 1.0,447056,Gen4,Nuevo,2024-11-12 00:00:00,2025-11-12 00:00:00,-329.0,VIGENTE,Vencida,Control administrativo,No encontrado,PCGU6UD102023,447056
2026-10-07 00:00:00,2026-10-07 12:09:58.363968,20261007_120958_ba31ab,,,FERNANDO RUATTA,,,,,Monitor,Monitor Gen 4,PCGU6UD102023,,PCGU6UD102023,Monitor Gen 4,Nuevo - 4640 Master 1.0,447056,Gen4,Nuevo,2025-11-14 00:00:00,2026-11-14 00:00:00,38.0,VIGENTE,Vence en 60 días,Control administrativo,No encontrado,PCGU6UD102023,447056
2026-10-07 00:00:00,2026-10-07 12:09:58.363968,20261007_120958_ba31ab,,,Priotti Mauricio,,,,,Monitor,Monitor Gen 4,PCGU6UD108027,,PCGU6UD108027,Monitor Gen 4,Nuevo - 4640 Master 1.0,4185081,Gen4,Nuevo,2023-05-28 00:00:00,2024-05-28 00:00:00,-862.0,VENCIDO,Vencida,Control administrativo,No encontrado,PCGU6UD108027,4185081
2026-10-07 00:00:00,2026-10-07 12:09:58.363968,20261007_120958_ba31ab,ARROYITO,584365,Gerardo Villosio,PLA MAP 3 2900,1YE2900CHMM007845,2900,Pulverizadora,Monitor,Monitor Gen 4,PCGU6UD102010,22-3 (10.24.2669-82),PCGU6UD102010,Monitor Gen 4,Renovar - 4640 Master 1.0,584365,Gen4,Renovación,2026-07-30 00:00:00,2027-07-30 00:00:00,296.0,VIGENTE,Vigente,Control administrativo,Serie de componente,PCGU6UD102010,584365
2026-10-07 00:00:00,2026-10-07 12:09:58.363968,20261007_120958_ba31ab,ARROYITO,584365,Gerardo Villosio,PLA MAP 3 2900,1YE2900CHMM007845,2900,Pulverizadora,Monitor,Monitor Gen 4,PCGU6UD102010,22-3 (10.24.2669-82),PCGU6UD102010,Monitor Gen 4,Renovar - 4640 Master 1.0,584365,Gen4,Renovación,2025-07-29 00:00:00,2026-07-29 00:00:00,-70.0,VIGENTE,Vencida,Control administrativo,Serie de componente,PCGU6UD102010,584365
2026-10-07 00:00:00,2026-10-07 12:09:58.363968,20261007_120958_ba31ab,PILAR,8295160,CARLOS ALBERTO PAGAN,PLA 3300,7687,BX-3300 MD BT,Pulverizadora,Monitor,Monitor Gen 4,PCGU6UB544162,25.4 (10.35.3817-9),PCGU6UB544162,Monitor Gen 4,Renovar - 4640 Master 1.0,450652,Gen4,Renovación,2024-05-20 00:00:00,2025-05-20 00:00:00,-505.0,VIGENTE,Vencida,Control administrativo,Serie de componente,PCGU6UB544162,450652
2026-10-07 00:00:00,2026-10-07 12:09:58.363968,20261007_120958_ba31ab,PILAR,8295160,CARLOS ALBERTO PAGAN,PLA 3300,7687,BX-3300 MD BT,Pulverizadora,Monitor,Monitor Gen 4,PCGU6UB544162,25.4 (10.35.3817-9),PCGU6UB544162,Monitor Gen 4,Renovar - 4640 Master 1.0,450652,Gen4,Renovación,2025-05-21 00:00:00,2026-05-21 00:00:00,-139.0,VIGENTE,Vencida,Control administrativo,Serie de componente,PCGU6UB544162,450652
2026-10-07 00:00:00,2026-10-07 12:09:58.363968,20261007_120958_ba31ab,,,CRISTIAN MIRANDA,,,,,Monitor,Monitor Gen 4,PCGU6UB544140,,PCGU6UB544140,Monitor Gen 4,Nuevo - 4640 Master 1.0,,Gen4,Nuevo,2026-06-10 00:00:00,2027-06-10 00:00:00,246.0,VIGENTE,Vigente,Control administrativo,No encontrado,PCGU6UB544140,Nuevo - 4640 Master 1.0
2026-10-07 00:00:00,2026-10-07 12:09:58.363968,20261007_120958_ba31ab,,,Mario Borgna,,,,,Monitor,Monitor Gen 4,PCGU6UB544077,,PCGU6UB544077,Monitor Gen 4,Nuevo - 4640 Master 1.0,5946444,Gen4,Nuevo,2025-05-20 00:00:00,2026-05-20 00:00:00,-140.0,VIGENTE,Vencida,Control administrativo,No encontrado,PCGU6UB544077,5946444
2026-10-07 00:00:00,2026-10-07 12:09:58.363968,20261007_120958_ba31ab,,,Mario Borgna,,,,,Monitor,Monitor Gen 4,PCGU6UB544077,,PCGU6UB544077,Monitor Gen 4,Renovar - 4640 Master 1.0,5946444,Gen4,Renovación,2024-05-18 00:00:00,2025-05-18 00:00:00,-507.0,VIGENTE,Vencida,Control administrativo,No encontrado,PCGU6UB544077,5946444
2026-10-07 00:00:00,2026-10-07 12:09:58.363968,20261007_120958_ba31ab,,,Mario Borgna,,,,,Monitor,Monitor Gen 4,PCGU6UB544077,,PCGU6UB544077,Monitor Gen 4,Nuevo - 4640 Master 1.0,5946444,Gen4,Nuevo,2026-05-22 00:00:00,2027-05-22 00:00:00,227.0,VIGENTE,Vigente,Control administrativo,No encontrado,PCGU6UB544077,5946444
2026-10-07 00:00:00,2026-10-07 12:09:58.363968,20261007_120958_ba31ab,,,COMERCIALCONCI COMERCIALCONCI,,,,,Monitor,Monitor Gen 4,PCGU6UB543035,,PCGU6UB543035,Monitor Gen 4,Renovar - 4640 Master 1.0,540704,Gen4,Renovación,2024-10-27 00:00:00,2025-10-27 00:00:00,-345.0,VENCIDO,Vencida,Control administrativo,No encontrado,PCGU6UB543035,540704
2026-10-07 00:00:00,2026-10-07 12:09:58.363968,20261007_120958_ba31ab,,,PRO CAMPO,,,,,Monitor,Monitor Gen 4,PCGU6UB543035,,PCGU6UB543035,Monitor Gen 4,Renovar - 4640 Master 1.0,540704,Gen4,Renovación,2023-10-26 00:00:00,2024-10-26 00:00:00,-711.0,VENCIDO,Vencida,Control administrativo,No encontrado,PCGU6UB543035,540704
2026-10-07 00:00:00,2026-10-07 12:09:58.363968,20261007_120958_ba31ab,,,Javier Balcells,,,,,Monitor,Monitor Gen 4,PCGU6UB533932,,PCGU6UB533932,Monitor Gen 4,Nuevo - 4640 Master 1.0,496369,Gen4,Nuevo,2023-12-07 00:00:00,2024-12-07 00:00:00,-669.0,VIGENTE,Vencida,Control administrativo,No encontrado,PCGU6UB533932,496369
2026-10-07 00:00:00,2026-10-07 12:09:58.363968,20261007_120958_ba31ab,,,Javier Balcells,,,,,Monitor,Monitor Gen 4,PCGU6UB533932,,PCGU6UB533932,Monitor Gen 4,Nuevo - 4640 Master 1.0,496369,Gen4,Nuevo,2024-12-20 00:00:00,2025-12-20 00:00:00,-291.0,VIGENTE,Vencida,Control administrativo,No encontrado,PCGU6UB533932,496369
2026-10-07 00:00:00,2026-10-07 12:09:58.363968,20261007_120958_ba31ab,,,Jorge Carra,,,,,Monitor,Monitor Gen 4,PCGU6UB533572,,PCGU6UB533572,Monitor Gen 4,Renovar - 4640 Master 1.0,2769601,Gen4,Renovación,2025-10-23 00:00:00,2026-10-23 00:00:00,16.0,POR VENCER,Vence en 30 días,Control administrativo,No encontrado,PCGU6UB533572,2769601
2026-10-07 00:00:00,2026-10-07 12:09:58.363968,20261007_120958_ba31ab,,,GUSTAVO PAGLIALUNGA,,,,,Monitor,Monitor Gen 4,PCGU6UB533535,,PCGU6UB533535,Monitor Gen 4,Nuevo - 4640 Master 1.0,307486,Gen4,Nuevo,2025-09-23 00:00:00,2026-09-23 00:00:00,-14.0,VIGENTE,Vencida,Control administrativo,No encontrado,PCGU6UB533535,307486
2026-10-07 00:00:00,2026-10-07 12:09:58.363968,20261007_120958_ba31ab,ARROYITO,1965561,HUGO GHIO,1J0S680BVG0110156,1J0S680BVG0110156,S680,Cosechadora,Monitor,Monitor Gen 4,PCGU2UG576007,3.36.1073,PCGU2UG576007,Monitor Gen 4,Nuevo - N Sensing,1965561,Gen4,Nuevo,2025-04-30 00:00:00,,,VENCIDO,Vencida,Control administrativo,Serie de componente,PCGU2UG576007,1965561
2026-10-07 00:00:00,2026-10-07 12:09:58.363968,20261007_120958_ba31ab,,,Marcos Sbiglio,,,,,Receptor de posición,Antena 6000,PCGT6TA374604,,PCGT6TA374604,Antena 6000,Nuevo - SF3,521300,SF6000,Nuevo,2023-11-25 00:00:00,2024-02-25 00:00:00,-955.0,VENCIDO,Vencida,Control administrativo,No encontrado,PCGT6TA374604,521300
2026-10-07 00:00:00,2026-10-07 12:09:58.363968,20261007_120958_ba31ab,CORDOBA,587263,Leandro Giannobi,4730,N04730X005486,4730,Pulverizadora,Monitor,Monitor Gen 4,PCGU6UD121130,25.2 (10.31.3676-103),PCGU6UD121130,Monitor Gen 4,Renovar - 4640 Master 1.0,587263,Gen4,Renovación,2023-10-05 00:00:00,2024-10-05 00:00:00,-732.0,VIGENTE,Vencida,Control administrativo,Serie de componente,PCGU6UD121130,587263
2026-10-07 00:00:00,2026-10-07 12:09:58.363968,20261007_120958_ba31ab,,,Marcos Sbiglio,,,,,Receptor de posición,Antena 6000,PCGT6TA374604,,PCGT6TA374604,Antena 6000,Nuevo - SF3,521300,SF6000,Nuevo,2024-05-20 00:00:00,2025-05-20 00:00:00,-505.0,VENCIDO,Vencida,Control administrativo,No encontrado,PCGT6TA374604,521300
2026-10-07 00:00:00,2026-10-07 12:09:58.363968,20261007_120958_ba31ab,SINSACATE,530850,MARCELO RUIZ,7230J RUIZ MARCELO,1RW7230STLC120124,7R 230,Tractor,Receptor de posición,Antena 6000,PCGT6FB365192,4.60H,PCGT6FB365192,Antena 6000,Renovar - SF3,530850,SF6000,Renovación,2024-08-01 00:00:00,2025-08-01 00:00:00,-432.0,VIGENTE,Vencida,Control administrativo,Serie de componente,PCGT6FB365192,530850
2026-10-07 00:00:00,2026-10-07 12:09:58.363968,20261007_120958_ba31ab,,,SEGUNDO MIGUEL DELGADO,,,,,Monitor,Monitor Gen 4,PCGU6UD141457,,PCGU6UD141457,Monitor Gen 4,Nuevo - 4640 Master 1.0,4411781,Gen4,Nuevo,2023-10-20 00:00:00,2024-10-20 00:00:00,-717.0,VENCIDO,Vencida,Control administrativo,No encontrado,PCGU6UD141457,4411781
2026-10-07 00:00:00,2026-10-07 12:09:58.363968,20261007_120958_ba31ab,SINSACATE,530850,MARCELO RUIZ,7230J RUIZ MARCELO,1RW7230STLC120124,7R 230,Tractor,Receptor de posición,Antena 6000,PCGT6FB365192,4.60H,PCGT6FB365192,Antena 6000,Renovar - SF3,530850,SF6000,Renovación,2025-08-02 00:00:00,2026-08-02 00:00:00,-66.0,VIGENTE,Vencida,Control administrativo,Serie de componente,PCGT6FB365192,530850
2026-10-07 00:00:00,2026-10-07 12:09:58.363968,20261007_120958_ba31ab,,,GUSTAVO PAGLIALUNGA,,,,,Receptor de posición,Antena 6000,PCGT3TB792793,,PCGT3TB792793,Antena 6000,Nuevo - SF2,307486,SF6000,Nuevo,2024-10-25 00:00:00,2025-01-25 00:00:00,-620.0,VENCIDO,Vencida,Control administrativo,No encontrado,PCGT3TB792793,307486
2026-10-07 00:00:00,2026-10-07 12:09:58.363968,20261007_120958_ba31ab,SINSACATE,530850,MARCELO RUIZ,7230J RUIZ MARCELO,1RW7230STLC120124,7R 230,Tractor,Receptor de posición,Antena 6000,PCGT6FB365192,4.60H,PCGT6FB365192,Antena 6000,Renovar - SF3,530850,SF6000,Renovación,2023-07-31 00:00:00,2024-07-31 00:00:00,-798.0,VIGENTE,Vencida,Control administrativo,Serie de componente,PCGT6FB365192,530850
2026-10-07 00:00:00,2026-10-07 12:09:58.363968,20261007_120958_ba31ab,,,ELIO CARREGGIO,,,,,Monitor,Monitor Gen 4,PCGU6UD107954,,PCGU6UD107954,Monitor Gen 4,Renovar - 4640 Master 1.0,566049,Gen4,Renovación,2023-11-11 00:00:00,2024-11-11 00:00:00,-695.0,VIGENTE,Vencida,Control administrativo,No encontrado,PCGU6UD107954,566049
2026-10-07 00:00:00,2026-10-07 12:09:58.363968,20261007_120958_ba31ab,,,ESTEBAN BURATTI,,,,,Monitor,Monitor Gen 4,PCGU6UD121300,,PCGU6UD121300,Monitor Gen 4,Nuevo - 4640 Master 1.0,426894,Gen4,Nuevo,2023-11-09 00:00:00,2024-11-09 00:00:00,-697.0,VENCIDO,Vencida,Control administrativo,No encontrado,PCGU6UD121300,426894
2026-10-07 00:00:00,2026-10-07 12:09:58.363968,20261007_120958_ba31ab,SINSACATE,6004179,José Luis Moreno,7R230,1RW7230SELC111209,7R 230,Tractor,Receptor de posición,Antena 6000,PCGT6FB345609,4.60H,PCGT6FB345609,Antena 6000,Nuevo - SF3,6004179,SF6000,Nuevo,2024-11-11 00:00:00,2025-05-11 00:00:00,-514.0,VENCIDO,Vencida,Control administrativo,Serie de componente,PCGT6FB345609,6004179
2026-10-07 00:00:00,2026-10-07 12:09:58.363968,20261007_120958_ba31ab,SINSACATE,6004179,José Luis Moreno,7R230,1RW7230SELC111209,7R 230,Tractor,Receptor de posición,Antena 6000,PCGT6FB345609,4.60H,PCGT6FB345609,Antena 6000,Nuevo - SF3,6004179,SF6000,Nuevo,2025-12-09 00:00:00,2026-03-09 00:00:00,-212.0,VENCIDO,Vencida,Control administrativo,Serie de componente,PCGT6FB345609,6004179
2026-10-07 00:00:00,2026-10-07 12:09:58.363968,20261007_120958_ba31ab,SINSACATE,6004179,José Luis Moreno,7R230,1RW7230SELC111209,7R 230,Tractor,Receptor de posición,Antena 6000,PCGT6FB345609,4.60H,PCGT6FB345609,Antena 6000,Nuevo - SF3,6004179,SF6000,Nuevo,2023-11-21 00:00:00,2024-02-21 00:00:00,-959.0,VENCIDO,Vencida,Control administrativo,Serie de componente,PCGT6FB345609,6004179
2026-10-07 00:00:00,2026-10-07 12:09:58.363968,20261007_120958_ba31ab,CORDOBA,509400,RUBEN PAPALINI,7230R SVR,1RW7230SKLC111023,7R 230,Tractor,Receptor de posición,Antena 6000,PCGT6FB341986,4.60H,PCGT6FB341986,Antena 6000,Nuevo - SF3,509400,SF6000,Nuevo,2023-08-11 00:00:00,2026-08-11 00:00:00,-57.0,VENCIDO,Vencida,Control administrativo,Serie de componente,PCGT6FB341986,509400
2026-10-07 00:00:00,2026-10-07 12:09:58.363968,20261007_120958_ba31ab,CORDOBA,496369,Antonio Lupi,7230 R Lupi,1RW7230SPLC110940,7R 230,Tractor,Receptor de posición,Antena 6000,PCGT6FB341063,4.60H,PCGT6FB341063,Antena 6000,Nuevo - SF3,496369,SF6000,Nuevo,2023-12-01 00:00:00,2024-03-01 00:00:00,-950.0,VENCIDO,Vencida,Control administrativo,Serie de componente,PCGT6FB341063,496369
2026-10-07 00:00:00,2026-10-07 12:09:58.363968,20261007_120958_ba31ab,CORDOBA,496369,Antonio Lupi,7230 R Lupi,1RW7230SPLC110940,7R 230,Tractor,Receptor de posición,Antena 6000,PCGT6FB341063,4.60H,PCGT6FB341063,Antena 6000,Nuevo - SF3,496369,SF6000,Nuevo,2025-11-17 00:00:00,2026-02-17 00:00:00,-232.0,VENCIDO,Vencida,Control administrativo,Serie de componente,PCGT6FB341063,496369
2026-10-07 00:00:00,2026-10-07 12:09:58.363968,20261007_120958_ba31ab,SINSACATE,492480,AGRO COLIBRI,7230R Tractor Agro Colibrí,1RW7230SELC110688,7R 230,Tractor,Receptor de posición,Antena 6000,PCGT6FB325224,4.60H,PCGT6FB325224,Antena 6000,Renovar - SF3,492480,SF6000,Renovación,2023-11-24 00:00:00,2024-11-24 00:00:00,-682.0,VIGENTE,Vencida,Control administrativo,Serie de componente,PCGT6FB325224,492480
2026-10-07 00:00:00,2026-10-07 12:09:58.363968,20261007_120958_ba31ab,SINSACATE,492480,AGRO COLIBRI,7230R Tractor Agro Colibrí,1RW7230SELC110688,7R 230,Tractor,Receptor de posición,Antena 6000,PCGT6FB325224,4.60H,PCGT6FB325224,Antena 6000,Renovar - SF3,492480,SF6000,Renovación,2024-11-25 00:00:00,2025-11-25 00:00:00,-316.0,VIGENTE,Vencida,Control administrativo,Serie de componente,PCGT6FB325224,492480
2026-10-07 00:00:00,2026-10-07 12:09:58.363968,20261007_120958_ba31ab,,,gustavo pivetta,,,,,Receptor de posición,Antena 6000,PCGT3TB805503,,PCGT3TB805503,Antena 6000,Nuevo - SF2,496369,SF6000,Nuevo,2023-12-01 00:00:00,2024-03-01 00:00:00,-950.0,VENCIDO,Vencida,Control administrativo,No encontrado,PCGT3TB805503,496369
2026-10-07 00:00:00,2026-10-07 12:09:58.363968,20261007_120958_ba31ab,,,gustavo pivetta,,,,,Receptor de posición,Antena 6000,PCGT3TB805503,,PCGT3TB805503,Antena 6000,Nuevo - SF2,496369,SF6000,Nuevo,2025-11-21 00:00:00,2026-02-21 00:00:00,-228.0,VENCIDO,Vencida,Control administrativo,No encontrado,PCGT3TB805503,496369
2026-10-07 00:00:00,2026-10-07 12:09:58.363968,20261007_120958_ba31ab,,,UNIVERSIDAD CATOLICA,,,,,Receptor de posición,Antena 6000,PCGT3TB805483,,PCGT3TB805483,Antena 6000,Nuevo - SF2,4254201,SF6000,Nuevo,2024-10-16 00:00:00,2025-04-16 00:00:00,-539.0,VENCIDO,Vencida,Control administrativo,No encontrado,PCGT3TB805483,4254201
2026-10-07 00:00:00,2026-10-07 12:09:58.363968,20261007_120958_ba31ab,,,Juan Carlos Conci,,,,,Receptor de posición,Antena 6000,PCGT3TB804322,,PCGT3TB804322,Antena 6000,Nuevo - SF2,410201,SF6000,Nuevo,2023-10-27 00:00:00,2024-01-27 00:00:00,-984.0,VENCIDO,Vencida,Control administrativo,No encontrado,PCGT3TB804322,410201
2026-10-07 00:00:00,2026-10-07 12:09:58.363968,20261007_120958_ba31ab,,,Francisco Gardella,,,,,Receptor de posición,Antena 6000,PCGT3TB749730,,PCGT3TB749730,Antena 6000,Renovar - SF2,2357721,SF6000,Renovación,2025-11-15 00:00:00,2026-11-15 00:00:00,39.0,VIGENTE,Vence en 60 días,Control administrativo,No encontrado,PCGT3TB749730,2357721
2026-10-07 00:00:00,2026-10-07 12:09:58.363968,20261007_120958_ba31ab,,,Agropecuaria las Marias SA,,,,,Receptor de posición,Antena 6000,PCGT3TB804322,,PCGT3TB804322,Antena 6000,Nuevo - SF2,410201,SF6000,Nuevo,2025-09-19 00:00:00,2026-03-19 00:00:00,-202.0,VENCIDO,Vencida,Control administrativo,No encontrado,PCGT3TB804322,410201
2026-10-07 00:00:00,2026-10-07 12:09:58.363968,20261007_120958_ba31ab,,,Juan Carlos Conci,,,,,Receptor de posición,Antena 6000,PCGT3TB804322,,PCGT3TB804322,Antena 6000,Nuevo - SF2,410201,SF6000,Nuevo,2024-10-10 00:00:00,2025-01-10 00:00:00,-635.0,VENCIDO,Vencida,Control administrativo,No encontrado,PCGT3TB804322,410201
2026-10-07 00:00:00,2026-10-07 12:09:58.363968,20261007_120958_ba31ab,CORDOBA,277829,Jose Adamo,Cosechadora s670 Jos-Dan,1J0S670BAF0090064,S670,Cosechadora,Receptor de posición,Antena 6000,PCGT3TA726105,2.80S,PCGT3TA726105,Antena 6000,Renovar - SF2,277829,SF6000,Renovación,2025-10-30 00:00:00,2026-10-30 00:00:00,23.0,POR VENCER,Vence en 30 días,Control administrativo,Serie de componente,PCGT3TA726105,277829
2026-10-07 00:00:00,2026-10-07 12:09:58.363968,20261007_120958_ba31ab,,,PABLO INTERMEISTER,,,,,Receptor de posición,Antena 6000,PCGT3TB803147,,PCGT3TB803147,Antena 6000,Nuevo - SF2,444911,SF6000,Nuevo,2023-11-02 00:00:00,2024-02-02 00:00:00,-978.0,VENCIDO,Vencida,Control administrativo,No encontrado,PCGT3TB803147,444911
2026-10-07 00:00:00,2026-10-07 12:09:58.363968,20261007_120958_ba31ab,,,JOSE OMAR CANALIS,,,,,Receptor de posición,Antena 6000,PCGT3TA552451,,PCGT3TA552451,Antena 6000,Renovar - SF2,495864,SF6000,Renovación,2023-12-08 00:00:00,2024-03-08 00:00:00,-943.0,VENCIDO,Vencida,Control administrativo,No encontrado,PCGT3TA552451,495864
2026-10-07 00:00:00,2026-10-07 12:09:58.363968,20261007_120958_ba31ab,CORDOBA,5777190,NESTOR QUESADA,CQ9650A070599,CQ9650A070599,9650 STS,Cosechadora,Receptor de posición,Antena 6000,PCGT3TA711528,2.80S,PCGT3TA711528,Antena 6000,Renovar - SF2,509737,SF6000,Renovación,2024-01-03 00:00:00,2025-01-03 00:00:00,-642.0,VENCIDO,Vencida,Control administrativo,Serie de componente,PCGT3TA711528,509737
2026-10-07 00:00:00,2026-10-07 12:09:58.363968,20261007_120958_ba31ab,,,SERGIO DONOFRIO,,,,,Receptor de posición,Antena 6000,PCGT3TB801927,,PCGT3TB801927,Antena 6000,Nuevo - SF2,,SF6000,Nuevo,2026-05-15 00:00:00,2027-05-15 00:00:00,220.0,VIGENTE,Vigente,Control administrativo,No encontrado,PCGT3TB801927,Nuevo - SF2
2026-10-07 00:00:00,2026-10-07 12:09:58.363968,20261007_120958_ba31ab,,,Jorge Vanderhoeven,,,,,Receptor de posición,Antena 6000,PCGT3TB797970,,PCGT3TB797970,Antena 6000,Nuevo - SF2,,SF6000,Nuevo,2025-12-09 00:00:00,2026-03-09 00:00:00,-212.0,VENCIDO,Vencida,Control administrativo,No encontrado,PCGT3TB797970,Nuevo - SF2
2026-10-07 00:00:00,2026-10-07 12:09:58.363968,20261007_120958_ba31ab,,,D242415J VANDERHOEVENAGRICOLAS A,,,,,Receptor de posición,Antena 6000,PCGT3TB797734,,PCGT3TB797734,Antena 6000,Nuevo - SF2,587263,SF6000,Nuevo,2023-10-04 00:00:00,2024-01-04 00:00:00,-1007.0,VENCIDO,Vencida,Control administrativo,No encontrado,PCGT3TB797734,587263
2026-10-07 00:00:00,2026-10-07 12:09:58.363968,20261007_120958_ba31ab,,,Luis y Mario Losano,,,,,Receptor de posición,Antena 6000,PCGT3TA697449,,PCGT3TA697449,Antena 6000,Renovar - SF2,426894,SF6000,Renovación,2024-11-08 00:00:00,2025-11-08 00:00:00,-333.0,VIGENTE,Vencida,Control administrativo,No encontrado,PCGT3TA697449,426894
2026-10-07 00:00:00,2026-10-07 12:09:58.363968,20261007_120958_ba31ab,,,CARLOS VERZINI,,,,,Receptor de posición,Antena 6000,PCGT3TB796389,,PCGT3TB796389,Antena 6000,Nuevo - SF2,408834,SF6000,Nuevo,2023-09-19 00:00:00,2024-09-19 00:00:00,-748.0,VENCIDO,Vencida,Control administrativo,No encontrado,PCGT3TB796389,408834
2026-10-07 00:00:00,2026-10-07 12:09:58.363968,20261007_120958_ba31ab,,,RUBEN ZIN,,,,,Receptor de posición,Antena 6000,PCGT3TB777864,,PCGT3TB777864,Antena 6000,Nuevo - SF2,4033761,SF6000,Nuevo,2023-11-30 00:00:00,2024-02-29 00:00:00,-951.0,VENCIDO,Vencida,Control administrativo,No encontrado,PCGT3TB777864,4033761
2026-10-07 00:00:00,2026-10-07 12:09:58.363968,20261007_120958_ba31ab,,,MARCOS ALLENDE PINTOS,,,,,Receptor de posición,Antena 6000,PCGT3TB775109,,PCGT3TB775109,Antena 6000,Nuevo - SF2,4412821,SF6000,Nuevo,2025-12-10 00:00:00,2026-03-10 00:00:00,-211.0,VENCIDO,Vencida,Control administrativo,No encontrado,PCGT3TB775109,4412821
2026-10-07 00:00:00,2026-10-07 12:09:58.363968,20261007_120958_ba31ab,,,MARCOS ALLENDE PINTOS,,,,,Receptor de posición,Antena 6000,PCGT3TB775109,,PCGT3TB775109,Antena 6000,Nuevo - SF2,4412821,SF6000,Nuevo,2024-10-30 00:00:00,2025-01-30 00:00:00,-615.0,VENCIDO,Vencida,Control administrativo,No encontrado,PCGT3TB775109,4412821
2026-10-07 00:00:00,2026-10-07 12:09:58.363968,20261007_120958_ba31ab,,,MARCOS ALLENDE PINTOS,,,,,Receptor de posición,Antena 6000,PCGT3TB775109,,PCGT3TB775109,Antena 6000,Nuevo - SF2,4412821,SF6000,Nuevo,2023-12-14 00:00:00,2024-03-14 00:00:00,-937.0,VENCIDO,Vencida,Control administrativo,No encontrado,PCGT3TB775109,4412821
2026-10-07 00:00:00,2026-10-07 12:09:58.363968,20261007_120958_ba31ab,,,Marcelo Gianesini,,,,,Receptor de posición,Antena 6000,PCGT3TA683878,,PCGT3TA683878,Antena 6000,Renovar - SF2,585887,SF6000,Renovación,2024-11-11 00:00:00,2025-02-11 00:00:00,-603.0,VENCIDO,Vencida,Control administrativo,No encontrado,PCGT3TA683878,585887
2026-10-07 00:00:00,2026-10-07 12:09:58.363968,20261007_120958_ba31ab,,,COMERCIAL CONCI SRL DEALER 242428,,,,,Receptor de posición,Antena 6000,PCGT3TA683562,,PCGT3TA683562,Antena 6000,Nuevo - SF2,2967581,SF6000,Nuevo,2024-09-27 00:00:00,2024-12-27 00:00:00,-649.0,VENCIDO,Vencida,Control administrativo,No encontrado,PCGT3TA683562,2967581
2026-10-07 00:00:00,2026-10-07 12:09:58.363968,20261007_120958_ba31ab,,,Osvaldo Rey,,,,,Receptor de posición,Antena 6000,PCGT3TB773535,,PCGT3TB773535,Antena 6000,Nuevo - SF2,2866321,SF6000,Nuevo,2023-11-24 00:00:00,2024-02-24 00:00:00,-956.0,VENCIDO,Vencida,Control administrativo,No encontrado,PCGT3TB773535,2866321
2026-10-07 00:00:00,2026-10-07 12:09:58.363968,20261007_120958_ba31ab,,,Osvaldo Rey,,,,,Receptor de posición,Antena 6000,PCGT3TB773535,,PCGT3TB773535,Antena 6000,Nuevo - SF2,2866321,SF6000,Nuevo,2025-09-16 00:00:00,2025-12-16 00:00:00,-295.0,VENCIDO,Vencida,Control administrativo,No encontrado,PCGT3TB773535,2866321
2026-10-07 00:00:00,2026-10-07 12:09:58.363968,20261007_120958_ba31ab,,,Osvaldo Rey,,,,,Receptor de posición,Antena 6000,PCGT3TB773535,,PCGT3TB773535,Antena 6000,Nuevo - SF2,2866321,SF6000,Nuevo,2024-11-15 00:00:00,2025-02-15 00:00:00,-599.0,VENCIDO,Vencida,Control administrativo,No encontrado,PCGT3TB773535,2866321
2026-10-07 00:00:00,2026-10-07 12:09:58.363968,20261007_120958_ba31ab,CORDOBA,358686,ANDRES REVOL,Argan 8330 tractor,RW8330P015310,8330,Tractor,Receptor de posición,Antena 6000,PCGT3TB758632,2.80S,PCGT3TB758632,Antena 6000,Renovar - SF2,358686,SF6000,Renovación,2023-11-26 00:00:00,2024-11-26 00:00:00,-680.0,VIGENTE,Vencida,Control administrativo,Serie de componente,PCGT3TB758632,358686
2026-10-07 00:00:00,2026-10-07 12:09:58.363968,20261007_120958_ba31ab,CORDOBA,358686,ANDRES REVOL,Argan 8330 tractor,RW8330P015310,8330,Tractor,Receptor de posición,Antena 6000,PCGT3TB758632,2.80S,PCGT3TB758632,Antena 6000,Nuevo - SF2,358686,SF6000,Nuevo,2024-11-27 00:00:00,2025-11-27 00:00:00,-314.0,VIGENTE,Vencida,Control administrativo,Serie de componente,PCGT3TB758632,358686
2026-10-07 00:00:00,2026-10-07 12:09:58.363968,20261007_120958_ba31ab,,,JUAN CARLOS CONCI,,,,,Receptor de posición,Antena 6000,PCGT3TB751810,,PCGT3TB751810,Antena 6000,Nuevo - SF2,4136401,SF6000,Nuevo,2023-12-01 00:00:00,2024-03-01 00:00:00,-950.0,VIGENTE,Vencida,Control administrativo,No encontrado,PCGT3TB751810,4136401
2026-10-07 00:00:00,2026-10-07 12:09:58.363968,20261007_120958_ba31ab,,,Gabriel Oscar Sugar,,,,,Receptor de posición,Antena 6000,PCGT3TB751810,,PCGT3TB751810,Antena 6000,Nuevo - SF2,4136401,SF6000,Nuevo,2024-11-20 00:00:00,2025-02-20 00:00:00,-594.0,VIGENTE,Vencida,Control administrativo,No encontrado,PCGT3TB751810,4136401
2026-10-07 00:00:00,2026-10-07 12:09:58.363968,20261007_120958_ba31ab,,,Gabriel Oscar Sugar,,,,,Receptor de posición,Antena 6000,PCGT3TB751810,,PCGT3TB751810,Antena 6000,Nuevo - SF2,4136401,SF6000,Nuevo,2025-12-17 00:00:00,2026-12-17 00:00:00,71.0,VIGENTE,Vence en 90 días,Control administrativo,No encontrado,PCGT3TB751810,4136401
2026-10-07 00:00:00,2026-10-07 12:09:58.363968,20261007_120958_ba31ab,,,JOSE BRAGA,,,,,Receptor de posición,Antena 6000,PCGT3TA668789,,PCGT3TA668789,Antena 6000,Nuevo - SF2,-,SF6000,Nuevo,2026-05-08 00:00:00,2026-08-08 00:00:00,-60.0,VENCIDO,Vencida,Control administrativo,No encontrado,PCGT3TA668789,-
2026-10-07 00:00:00,2026-10-07 12:09:58.363968,20261007_120958_ba31ab,,,JUAN CARLOS CONCI,,,,,Receptor de posición,Antena 6000,PCGT3TB749730,,PCGT3TB749730,Antena 6000,Nuevo - SF2,2357721,SF6000,Nuevo,2023-11-13 00:00:00,2024-11-13 00:00:00,-693.0,VIGENTE,Vencida,Control administrativo,No encontrado,PCGT3TB749730,2357721
2026-10-07 00:00:00,2026-10-07 12:09:58.363968,20261007_120958_ba31ab,,,JUAN CARLOS CONCI,,,,,Receptor de posición,Antena 6000,PCGT3TA663193,,PCGT3TA663193,Antena 6000,Nuevo - SF2,277819,SF6000,Nuevo,2023-07-28 00:00:00,2023-10-28 00:00:00,-1075.0,VENCIDO,Vencida,Control administrativo,No encontrado,PCGT3TA663193,277819
2026-10-07 00:00:00,2026-10-07 12:09:58.363968,20261007_120958_ba31ab,,,JUAN CARLOS CONCI,,,,,Receptor de posición,Antena 6000,PCGT3TB749730,,PCGT3TB749730,Antena 6000,Renovar - SF2,2357721,SF6000,Renovación,2024-11-14 00:00:00,2025-11-14 00:00:00,-327.0,VIGENTE,Vencida,Control administrativo,No encontrado,PCGT3TB749730,2357721
2026-10-07 00:00:00,2026-10-07 12:09:58.363968,20261007_120958_ba31ab,,,Savorgnano Beto,,,,,Receptor de posición,Antena 6000,PCGT3TB742298,,PCGT3TB742298,Antena 6000,Nuevo - SF2,-,SF6000,Nuevo,2023-10-20 00:00:00,2024-01-20 00:00:00,-991.0,VENCIDO,Vencida,Control administrativo,No encontrado,PCGT3TB742298,-
2026-10-07 00:00:00,2026-10-07 12:09:58.363968,20261007_120958_ba31ab,CORDOBA,277829,Jose Adamo,Cosechadora s670 Jos-Dan,1J0S670BAF0090064,S670,Cosechadora,Receptor de posición,Antena 6000,PCGT3TA726105,2.80S,PCGT3TA726105,Antena 6000,Renovar - SF2,277829,SF6000,Renovación,2023-10-28 00:00:00,2024-10-28 00:00:00,-709.0,POR VENCER,Vencida,Control administrativo,Serie de componente,PCGT3TA726105,277829
2026-10-07 00:00:00,2026-10-07 12:09:58.363968,20261007_120958_ba31ab,CORDOBA,277829,Jose Adamo,Cosechadora s670 Jos-Dan,1J0S670BAF0090064,S670,Cosechadora,Receptor de posición,Antena 6000,PCGT3TA726105,2.80S,PCGT3TA726105,Antena 6000,Renovar - SF2,277829,SF6000,Renovación,2024-10-29 00:00:00,2025-10-29 00:00:00,-343.0,POR VENCER,Vencida,Control administrativo,Serie de componente,PCGT3TA726105,277829
2026-10-07 00:00:00,2026-10-07 12:09:58.363968,20261007_120958_ba31ab,,,Don Nardo Lamberti,,,,,Receptor de posición,Antena 6000,PCGT3TA724424,,PCGT3TA724424,Antena 6000,Nuevo - SF2,445522,SF6000,Nuevo,2023-12-05 00:00:00,2024-03-05 00:00:00,-946.0,VENCIDO,Vencida,Control administrativo,No encontrado,PCGT3TA724424,445522
2026-10-07 00:00:00,2026-10-07 12:09:58.363968,20261007_120958_ba31ab,,,MAIFER MAIFER,,,,,Receptor de posición,Antena 6000,PCGT3TA712385,,PCGT3TA712385,Antena 6000,Nuevo - SF2,277958,SF6000,Nuevo,2023-12-07 00:00:00,2024-12-07 00:00:00,-669.0,VENCIDO,Vencida,Control administrativo,No encontrado,PCGT3TA712385,277958
2026-10-07 00:00:00,2026-10-07 12:09:58.363968,20261007_120958_ba31ab,,,roger marchese,,,,,Receptor de posición,Antena 6000,PCGT3TA698222,,PCGT3TA698222,Antena 6000,Nuevo - SF2,275960,SF6000,Nuevo,2024-11-21 00:00:00,2025-02-21 00:00:00,-593.0,VENCIDO,Vencida,Control administrativo,No encontrado,PCGT3TA698222,275960
2026-10-07 00:00:00,2026-10-07 12:09:58.363968,20261007_120958_ba31ab,,,Luis y Mario Losano,,,,,Receptor de posición,Antena 6000,PCGT3TA697449,,PCGT3TA697449,Antena 6000,Nuevo - SF2,426894,SF6000,Nuevo,2023-11-07 00:00:00,2024-11-07 00:00:00,-699.0,VIGENTE,Vencida,Control administrativo,No encontrado,PCGT3TA697449,426894
2026-10-07 00:00:00,2026-10-07 12:09:58.363968,20261007_120958_ba31ab,,,Luis y Mario Losano,,,,,Receptor de posición,Antena 6000,PCGT3TA697449,,PCGT3TA697449,Antena 6000,Nuevo - SF2,426894,SF6000,Nuevo,2025-11-17 00:00:00,2026-11-17 00:00:00,41.0,VIGENTE,Vence en 60 días,Control administrativo,No encontrado,PCGT3TA697449,426894
2026-10-07 00:00:00,2026-10-07 12:09:58.363968,20261007_120958_ba31ab,,,GUSTAVO PERESSINI,,,,,Receptor de posición,Antena 6000,PCGT3TA683934,,PCGT3TA683934,Antena 6000,Nuevo - SF2,491313,SF6000,Nuevo,2024-12-05 00:00:00,2025-03-05 00:00:00,-581.0,VENCIDO,Vencida,Control administrativo,No encontrado,PCGT3TA683934,491313
2026-10-07 00:00:00,2026-10-07 12:09:58.363968,20261007_120958_ba31ab,,,GANADERA DEL TOTORAL SA,,,,,Receptor de posición,Antena 6000,PCGT3TA600922,,PCGT3TA600922,Antena 6000,Nuevo - SF2,-,SF6000,Nuevo,2024-10-25 00:00:00,2025-01-25 00:00:00,-620.0,VENCIDO,Vencida,Control administrativo,No encontrado,PCGT3TA600922,-
2026-10-07 00:00:00,2026-10-07 12:09:58.363968,20261007_120958_ba31ab,,,DAMIAN ZAYA,,,,,Receptor de posición,Antena 6000,PCGT3TA683898,,PCGT3TA683898,Antena 6000,Nuevo - SF2,-,SF6000,Nuevo,2025-09-30 00:00:00,2026-09-30 00:00:00,-7.0,VENCIDO,Vencida,Control administrativo,No encontrado,PCGT3TA683898,-
2026-10-07 00:00:00,2026-10-07 12:09:58.363968,20261007_120958_ba31ab,,,DAMIAN ZAYA,,,,,Receptor de posición,Antena 6000,PCGT3TA683898,,PCGT3TA683898,Antena 6000,Nuevo - SF2,-,SF6000,Nuevo,2023-11-27 00:00:00,2024-02-27 00:00:00,-953.0,VENCIDO,Vencida,Control administrativo,No encontrado,PCGT3TA683898,-
2026-10-07 00:00:00,2026-10-07 12:09:58.363968,20261007_120958_ba31ab,,,DAMIAN ZAYA,,,,,Receptor de posición,Antena 6000,PCGT3TA683898,,PCGT3TA683898,Antena 6000,Nuevo - SF2,-,SF6000,Nuevo,2024-10-24 00:00:00,2025-01-24 00:00:00,-621.0,VENCIDO,Vencida,Control administrativo,No encontrado,PCGT3TA683898,-
2026-10-07 00:00:00,2026-10-07 12:09:58.363968,20261007_120958_ba31ab,,,Marcelo Gianesini,,,,,Receptor de posición,Antena 6000,PCGT3TA683878,,PCGT3TA683878,Antena 6000,Renovar - SF2,585887,SF6000,Renovación,2023-11-10 00:00:00,2024-11-10 00:00:00,-696.0,VENCIDO,Vencida,Control administrativo,No encontrado,PCGT3TA683878,585887
2026-10-07 00:00:00,2026-10-07 12:09:58.363968,20261007_120958_ba31ab,,,Savorgnano Beto,,,,,Receptor de posición,Antena 6000,PCGT3TA683531,,PCGT3TA683531,Antena 6000,Nuevo - SF2,4411781,SF6000,Nuevo,2023-10-20 00:00:00,2024-01-20 00:00:00,-991.0,VENCIDO,Vencida,Control administrativo,No encontrado,PCGT3TA683531,4411781
2026-10-07 00:00:00,2026-10-07 12:09:58.363968,20261007_120958_ba31ab,,,ARCAMIR SUAREZ,,,,,Receptor de posición,Antena 6000,PCGT3TA683419,,PCGT3TA683419,Antena 6000,Nuevo - SF2,618901,SF6000,Nuevo,2024-09-30 00:00:00,2025-09-30 00:00:00,-372.0,VENCIDO,Vencida,Control administrativo,No encontrado,PCGT3TA683419,618901
2026-10-07 00:00:00,2026-10-07 12:09:58.363968,20261007_120958_ba31ab,,,ANGEL QUINTEROS,,,,,Receptor de posición,Antena 6000,PCGT3TA366293,,PCGT3TA366293,Antena 6000,Nuevo - SF2,-,SF6000,Nuevo,2023-12-01 00:00:00,2024-03-01 00:00:00,-950.0,VENCIDO,Vencida,Control administrativo,No encontrado,PCGT3TA366293,-
2026-10-07 00:00:00,2026-10-07 12:09:58.363968,20261007_120958_ba31ab,,,OMAR COMBA,,,,,Receptor de posición,Antena 6000,PCGT3TA366248,,PCGT3TA366248,Antena 6000,Nuevo - SF2,4411781,SF6000,Nuevo,2023-10-20 00:00:00,2024-01-20 00:00:00,-991.0,VENCIDO,Vencida,Control administrativo,No encontrado,PCGT3TA366248,4411781
2026-10-07 00:00:00,2026-10-07 12:09:58.363968,20261007_120958_ba31ab,,,Juan Carlos Conci,,,,,Receptor de posición,Antena 6000,PCGT3TA683419,,PCGT3TA683419,Antena 6000,Nuevo - SF2,618901,SF6000,Nuevo,2024-06-19 00:00:00,2024-09-19 00:00:00,-748.0,VENCIDO,Vencida,Control administrativo,No encontrado,PCGT3TA683419,618901
2026-10-07 00:00:00,2026-10-07 12:09:58.363968,20261007_120958_ba31ab,,,JUAN ADRIAN CALERIS,,,,,Receptor de posición,Antena 6000,PCGT3TA361276,,PCGT3TA361276,Antena 6000,Nuevo - SF2,5984838,SF6000,Nuevo,2024-11-14 00:00:00,2025-02-14 00:00:00,-600.0,VENCIDO,Vencida,Control administrativo,No encontrado,PCGT3TA361276,5984838
2026-10-07 00:00:00,2026-10-07 12:09:58.363968,20261007_120958_ba31ab,,,JOSE BRAGA,,,,,Receptor de posición,Antena 6000,PCGT3TA668789,,PCGT3TA668789,Antena 6000,Nuevo - SF2,-,SF6000,Nuevo,2025-10-16 00:00:00,2026-01-16 00:00:00,-264.0,VENCIDO,Vencida,Control administrativo,No encontrado,PCGT3TA668789,-
2026-10-07 00:00:00,2026-10-07 12:09:58.363968,20261007_120958_ba31ab,,,GANADERA DEL TOTORAL SA,,,,,Receptor de posición,Antena 6000,PCGT3TA344240,,PCGT3TA344240,Antena 6000,Nuevo - SF2,-,SF6000,Nuevo,2024-10-25 00:00:00,2025-01-25 00:00:00,-620.0,VENCIDO,Vencida,Control administrativo,No encontrado,PCGT3TA344240,-
2026-10-07 00:00:00,2026-10-07 12:09:58.363968,20261007_120958_ba31ab,,,MARRACO MARRACO,,,,,Receptor de posición,Antena 6000,PCGT3TA343232,,PCGT3TA343232,Antena 6000,Nuevo - SF2,5864337,SF6000,Nuevo,2024-05-09 00:00:00,2025-05-09 00:00:00,-516.0,VENCIDO,Vencida,Control administrativo,No encontrado,PCGT3TA343232,5864337
2026-10-07 00:00:00,2026-10-07 12:09:58.363968,20261007_120958_ba31ab,,,JOSE BRAGA,,,,,Receptor de posición,Antena 6000,PCGT3TA668789,,PCGT3TA668789,Antena 6000,Nuevo - SF2,-,SF6000,Nuevo,2025-05-21 00:00:00,2025-08-21 00:00:00,-412.0,VENCIDO,Vencida,Control administrativo,No encontrado,PCGT3TA668789,-
2026-10-07 00:00:00,2026-10-07 12:09:58.363968,20261007_120958_ba31ab,,,ADOLFO BORTAGARAY,,,,,Receptor de posición,Antena 6000,PCGT3TA336528,,PCGT3TA336528,Antena 6000,Nuevo - SF2,591469,SF6000,Nuevo,2023-11-22 00:00:00,2024-11-22 00:00:00,-684.0,VENCIDO,Vencida,Control administrativo,No encontrado,PCGT3TA336528,591469
2026-10-07 00:00:00,2026-10-07 12:09:58.363968,20261007_120958_ba31ab,,,GUILLERMO BULA,,,,,Receptor de posición,Antena 6000,PCGT3TA328871,,PCGT3TA328871,Antena 6000,Renovar - SF2,4513641,SF6000,Renovación,2024-01-04 00:00:00,2025-01-04 00:00:00,-641.0,VENCIDO,Vencida,Control administrativo,No encontrado,PCGT3TA328871,4513641
2026-10-07 00:00:00,2026-10-07 12:09:58.363968,20261007_120958_ba31ab,,,ROMAGNIOLLI DIEGO,,,,,Receptor de posición,Antena 6000,PCGT3TA328420,,PCGT3TA328420,Antena 6000,Nuevo - SF2,406172,SF6000,Nuevo,2024-11-22 00:00:00,2025-02-22 00:00:00,-592.0,VENCIDO,Vencida,Control administrativo,No encontrado,PCGT3TA328420,406172
2026-10-07 00:00:00,2026-10-07 12:09:58.363968,20261007_120958_ba31ab,,,Juan Campetella,,,,,Receptor de posición,Antena 6000,PCGT3TA668764,,PCGT3TA668764,Antena 6000,Nuevo - SF2,277819,SF6000,Nuevo,2023-12-22 00:00:00,2024-12-22 00:00:00,-654.0,VENCIDO,Vencida,Control administrativo,No encontrado,PCGT3TA668764,277819
2026-10-07 00:00:00,2026-10-07 12:09:58.363968,20261007_120958_ba31ab,,,gianfranco drusian,,,,,Receptor de posición,Antena 6000,PCGT3TA665651,,PCGT3TA665651,Antena 6000,Nuevo - SF2,228477,SF6000,Nuevo,2023-12-13 00:00:00,2024-12-13 00:00:00,-663.0,VENCIDO,Vencida,Control administrativo,No encontrado,PCGT3TA665651,228477
2026-10-07 00:00:00,2026-10-07 12:09:58.363968,20261007_120958_ba31ab,,,RAUL LORENZATI,,,,,Receptor de posición,Antena 6000,PCGT3TA663118,,PCGT3TA663118,Antena 6000,Nuevo - SF2,-,SF6000,Nuevo,2023-11-23 00:00:00,2024-02-23 00:00:00,-957.0,VENCIDO,Vencida,Control administrativo,No encontrado,PCGT3TA663118,-
2026-10-07 00:00:00,2026-10-07 12:09:58.363968,20261007_120958_ba31ab,,,AGRO COLIBRI,,,,,Receptor de posición,Antena 6000,PCGT3TA649237,,PCGT3TA649237,Antena 6000,Nuevo - SF2,492480,SF6000,Nuevo,2023-11-15 00:00:00,2024-11-15 00:00:00,-691.0,VENCIDO,Vencida,Control administrativo,No encontrado,PCGT3TA649237,492480
2026-10-07 00:00:00,2026-10-07 12:09:58.363968,20261007_120958_ba31ab,,,AGRO COLIBRI,,,,,Receptor de posición,Antena 6000,PCGT3TA649237,,PCGT3TA649237,Antena 6000,Nuevo - SF2,492480,SF6000,Nuevo,2025-10-09 00:00:00,2026-01-09 00:00:00,-271.0,VENCIDO,Vencida,Control administrativo,No encontrado,PCGT3TA649237,492480
2026-10-07 00:00:00,2026-10-07 12:09:58.363968,20261007_120958_ba31ab,CORDOBA,466137,DANIEL DEGIORGIO,1J0S790BHM0135108,1J0S790BHM0135108,S790,Cosechadora,Monitor,Monitor Gen 4,PCGUPSB785203,25.4 (10.35.3817-13),PCGUPSB785203,Monitor Gen 4,Nuevo - CommandCenter Automation 4,324409,Gen4,Nuevo,2025-05-02 00:00:00,2026-05-02 00:00:00,-158.0,VENCIDO,Vencida,Control administrativo,Serie de componente,PCGUPSB785203,324409
2026-10-07 00:00:00,2026-10-07 12:09:58.363968,20261007_120958_ba31ab,SINSACATE,495864,LUIS MARIA RODRIGUEZ,8345R Tractor n°1 Rodriguez,1BM8345RLLS100604,8345R,Tractor,Monitor,Monitor Gen 4,PCGUPSA752246,25.3 (10.32.3817-138),PCGUPSA752246,Monitor Gen 4,Nuevo - CommandCenter Automation 4,,Gen4,Nuevo,2025-11-28 00:00:00,2026-11-28 00:00:00,52.0,VIGENTE,Vence en 60 días,Control administrativo,Serie de componente,PCGUPSA752246,Nuevo - CommandCenter Automation 4
2026-10-07 00:00:00,2026-10-07 12:09:58.363968,20261007_120958_ba31ab,,,JORGE ARIEL FAUSTINI,,,,,Receptor de posición,Antena 6000,PCGT3TA649007,,PCGT3TA649007,Antena 6000,Nuevo - SF2,-,SF6000,Nuevo,2024-10-24 00:00:00,2025-01-24 00:00:00,-621.0,VENCIDO,Vencida,Control administrativo,No encontrado,PCGT3TA649007,-
2026-10-07 00:00:00,2026-10-07 12:09:58.363968,20261007_120958_ba31ab,CORDOBA,356035,CESAR VACCARINI,Tractor 8245 Vaccarini Hns.,1BM8245RCJ0100013,8245R,Tractor,Monitor,Monitor Gen 4,PCGUPSA654072,25.4 (10.35.3817-60),PCGUPSA654072,Monitor Gen 4,Nuevo - CommandCenter Master 1.0,356035,Gen4,Nuevo,2025-11-11 00:00:00,2026-11-11 00:00:00,35.0,VIGENTE,Vence en 60 días,Control administrativo,Serie de componente,PCGUPSA654072,356035
2026-10-07 00:00:00,2026-10-07 12:09:58.363968,20261007_120958_ba31ab,,,COMERCIALCONCI COMERCIALCONCI,,,,,Monitor,Monitor Gen 4,PCGUMUB078101,,PCGUMUB078101,Monitor Gen 4,Nuevo - 4240 Section Control,-,Gen4,Nuevo,2024-09-18 00:00:00,2025-09-18 00:00:00,-384.0,VENCIDO,Vencida,Control administrativo,No encontrado,PCGUMUB078101,-
2026-10-07 00:00:00,2026-10-07 12:09:58.363968,20261007_120958_ba31ab,ARROYITO,358684,ROBERTO PAIRETTI,7200J,1J07200JCPD000578,7200J,Tractor,Monitor,Monitor Gen 4,PCGU6UD141385,24-2 (10.29.3422-101),PCGU6UD141385,Monitor Gen 4,Nuevo - 4640 Master 1.0,358684,Gen4,Nuevo,2023-10-17 00:00:00,2024-10-17 00:00:00,-720.0,VENCIDO,Vencida,Control administrativo,Serie de componente,PCGU6UD141385,358684
2026-10-07 00:00:00,2026-10-07 12:09:58.363968,20261007_120958_ba31ab,ARROYITO,358684,ROBERTO PAIRETTI,1J07200JJPD000692,1J07200JJPD000692,7200J,Tractor,Monitor,Monitor Gen 4,PCGU6UD140217,24-2 (10.29.3422-101),PCGU6UD140217,Monitor Gen 4,Nuevo - 4640 Master 1.0,358684,Gen4,Nuevo,2024-08-06 00:00:00,2025-08-06 00:00:00,-427.0,VENCIDO,Vencida,Control administrativo,Serie de componente,PCGU6UD140217,358684
2026-10-07 00:00:00,2026-10-07 12:09:58.363968,20261007_120958_ba31ab,PILAR,536548,JUAN CARLOS CONCI,1J07200JARD000716,1J07200JARD000716,7200J,Tractor,Monitor,Monitor Gen 4,PCGU6UD140022,24-1 (10.28.3314-79),PCGU6UD140022,Monitor Gen 4,Nuevo - 4640 Master 1.0,536548,Gen4,Nuevo,2024-09-09 00:00:00,2025-09-09 00:00:00,-393.0,VENCIDO,Vencida,Control administrativo,Serie de componente,PCGU6UD140022,536548
2026-10-07 00:00:00,2026-10-07 12:09:58.363968,20261007_120958_ba31ab,,,JORGE ARIEL FAUSTINI,,,,,Receptor de posición,Antena 6000,PCGT3TA649007,,PCGT3TA649007,Antena 6000,Nuevo - SF2,-,SF6000,Nuevo,2023-11-22 00:00:00,2024-02-22 00:00:00,-958.0,VENCIDO,Vencida,Control administrativo,No encontrado,PCGT3TA649007,-
2026-10-07 00:00:00,2026-10-07 12:09:58.363968,20261007_120958_ba31ab,,,RAUL SALVUCHI,,,,,Receptor de posición,Antena 6000,PCGT3TA648122,,PCGT3TA648122,Antena 6000,Renovar - SF2,405100,SF6000,Renovación,2024-12-09 00:00:00,2025-03-09 00:00:00,-577.0,VENCIDO,Vencida,Control administrativo,No encontrado,PCGT3TA648122,405100
2026-10-07 00:00:00,2026-10-07 12:09:58.363968,20261007_120958_ba31ab,,,RAUL SALVUCHI,,,,,Receptor de posición,Antena 6000,PCGT3TA648122,,PCGT3TA648122,Antena 6000,Renovar - SF2,405100,SF6000,Renovación,2023-12-08 00:00:00,2024-12-08 00:00:00,-668.0,VENCIDO,Vencida,Control administrativo,No encontrado,PCGT3TA648122,405100
2026-10-07 00:00:00,2026-10-07 12:09:58.363968,20261007_120958_ba31ab,,,GANADERA DEL TOTORAL SA,,,,,Receptor de posición,Antena 6000,PCGT3TA600922,,PCGT3TA600922,Antena 6000,Nuevo - SF2,-,SF6000,Nuevo,2023-12-01 00:00:00,2024-03-01 00:00:00,-950.0,VENCIDO,Vencida,Control administrativo,No encontrado,PCGT3TA600922,-
2026-10-07 00:00:00,2026-10-07 12:09:58.363968,20261007_120958_ba31ab,,,Dario Jensen,,,,,Receptor de posición,Antena 6000,PCGT3TA122615,,PCGT3TA122615,Antena 6000,Nuevo - SF2,479802,SF6000,Nuevo,2025-05-22 00:00:00,2026-05-22 00:00:00,-138.0,VENCIDO,Vencida,Control administrativo,No encontrado,PCGT3TA122615,479802
2026-10-07 00:00:00,2026-10-07 12:09:58.363968,20261007_120958_ba31ab,,,GANADERA DEL TOTORAL SA,,,,,Receptor de posición,Antena 6000,PCGT3TA600922,,PCGT3TA600922,Antena 6000,Nuevo - SF2,-,SF6000,Nuevo,2025-10-29 00:00:00,2026-01-29 00:00:00,-251.0,VENCIDO,Vencida,Control administrativo,No encontrado,PCGT3TA600922,-
2026-10-07 00:00:00,2026-10-07 12:09:58.363968,20261007_120958_ba31ab,,,Matias Camisassa,,,,,Receptor de posición,Antena 6000,PCGT3TA551729,,PCGT3TA551729,Antena 6000,Nuevo - SF2,5902984,SF6000,Nuevo,2024-10-10 00:00:00,2025-01-10 00:00:00,-635.0,VENCIDO,Vencida,Control administrativo,No encontrado,PCGT3TA551729,5902984
2026-10-07 00:00:00,2026-10-07 12:09:58.363968,20261007_120958_ba31ab,,,ALDO LONDERO,,,,,Receptor de posición,Antena 6000,PCGT3TA483687,,PCGT3TA483687,Antena 6000,Nuevo - SF2,1274201,SF6000,Nuevo,2023-10-27 00:00:00,2024-01-27 00:00:00,-984.0,VENCIDO,Vencida,Control administrativo,No encontrado,PCGT3TA483687,1274201
2026-10-07 00:00:00,2026-10-07 12:09:58.363968,20261007_120958_ba31ab,,,Fernando Daniel Vaca,,,,,Monitor,Monitor Gen 4,PCGU6UD108532,,PCGU6UD108532,Monitor Gen 4,Renovar - 4640 Master 1.0,613183,Gen4,Renovación,2024-01-01 00:00:00,2025-01-01 00:00:00,-644.0,VENCIDO,Vencida,Control administrativo,No encontrado,PCGU6UD108532,613183
2026-10-07 00:00:00,2026-10-07 12:09:58.363968,20261007_120958_ba31ab,,,INTA MANFREDI,,,,,Monitor,Monitor Gen 4,PCGU6UD108519,,PCGU6UD108519,Monitor Gen 4,Nuevo - 4640 Master 1.0,,Gen4,Nuevo,2025-11-03 00:00:00,2026-11-03 00:00:00,27.0,POR VENCER,Vence en 30 días,Control administrativo,No encontrado,PCGU6UD108519,Nuevo - 4640 Master 1.0
2026-10-07 00:00:00,2026-10-07 12:09:58.363968,20261007_120958_ba31ab,,,JULIAN ORECCHIA,,,,,Receptor de posición,Antena 6000,PCGT3TA113709,,PCGT3TA113709,Antena 6000,Nuevo - SF2,575330,SF6000,Nuevo,2024-10-14 00:00:00,2025-01-14 00:00:00,-631.0,VENCIDO,Vencida,Control administrativo,No encontrado,PCGT3TA113709,575330
2026-10-07 00:00:00,2026-10-07 12:09:58.363968,20261007_120958_ba31ab,,,ALDO LONDERO,,,,,Receptor de posición,Antena 6000,PCGT3TA483687,,PCGT3TA483687,Antena 6000,Nuevo - SF2,1274201,SF6000,Nuevo,2025-11-07 00:00:00,2026-02-07 00:00:00,-242.0,VENCIDO,Vencida,Control administrativo,No encontrado,PCGT3TA483687,1274201
2026-10-07 00:00:00,2026-10-07 12:09:58.363968,20261007_120958_ba31ab,,,JUAN CARLOS CONCI,,,,,Receptor de posición,Antena 6000,PCGT3TA336340,,PCGT3TA336340,Antena 6000,Nuevo - SF2,-,SF6000,Nuevo,2025-02-24 00:00:00,2026-02-24 00:00:00,-225.0,VIGENTE,Vencida,Control administrativo,No encontrado,PCGT3TA336340,-
2026-10-07 00:00:00,2026-10-07 12:09:58.363968,20261007_120958_ba31ab,,,ALBERTO COLAUTTI,,,,,Receptor de posición,Antena 6000,PCGT3TA477425,,PCGT3TA477425,Antena 6000,Nuevo - SF2,4136401,SF6000,Nuevo,2023-11-16 00:00:00,2024-02-16 00:00:00,-964.0,VIGENTE,Vencida,Control administrativo,No encontrado,PCGT3TA477425,4136401
2026-10-07 00:00:00,2026-10-07 12:09:58.363968,20261007_120958_ba31ab,,,ALBERTO COLAUTTI,,,,,Receptor de posición,Antena 6000,PCGT3TA477425,,PCGT3TA477425,Antena 6000,Nuevo - SF2,4136401,SF6000,Nuevo,2025-10-14 00:00:00,2026-01-14 00:00:00,-266.0,VIGENTE,Vencida,Control administrativo,No encontrado,PCGT3TA477425,4136401
2026-10-07 00:00:00,2026-10-07 12:09:58.363968,20261007_120958_ba31ab,,,ALBERTO COLAUTTI,,,,,Receptor de posición,Antena 6000,PCGT3TA477425,,PCGT3TA477425,Antena 6000,Nuevo - SF2,4136401,SF6000,Nuevo,2024-10-14 00:00:00,2025-01-14 00:00:00,-631.0,VIGENTE,Vencida,Control administrativo,No encontrado,PCGT3TA477425,4136401
2026-10-07 00:00:00,2026-10-07 12:09:58.363968,20261007_120958_ba31ab,,,D242415J VANDERHOEVENAGRICOLAS A,,,,,Receptor de posición,Antena 6000,PCGT3TA105994,,PCGT3TA105994,Antena 6000,Nuevo - SF2,-,SF6000,Nuevo,2025-10-17 00:00:00,2026-01-17 00:00:00,-263.0,VENCIDO,Vencida,Control administrativo,No encontrado,PCGT3TA105994,-
2026-10-07 00:00:00,2026-10-07 12:09:58.363968,20261007_120958_ba31ab,,,Juan Jose Caula,,,,,Receptor de posición,Antena 6000,PCGT3TA474871,,PCGT3TA474871,Antena 6000,Nuevo - SF2,-,SF6000,Nuevo,2024-10-28 00:00:00,2025-01-28 00:00:00,-617.0,VENCIDO,Vencida,Control administrativo,No encontrado,PCGT3TA474871,-
2026-10-07 00:00:00,2026-10-07 12:09:58.363968,20261007_120958_ba31ab,,,JUAN CARLOS CONCI,,,,,Receptor de posición,Antena 6000,PCGT3TA366153,,PCGT3TA366153,Antena 6000,Nuevo - SF2,461298,SF6000,Nuevo,2023-07-28 00:00:00,2023-10-28 00:00:00,-1075.0,VENCIDO,Vencida,Control administrativo,No encontrado,PCGT3TA366153,461298
2026-10-07 00:00:00,2026-10-07 12:09:58.363968,20261007_120958_ba31ab,,,JUAN ADRIAN CALERIS,,,,,Receptor de posición,Antena 6000,PCGT3TA361276,,PCGT3TA361276,Antena 6000,Nuevo - SF2,5984838,SF6000,Nuevo,2023-11-03 00:00:00,2024-02-03 00:00:00,-977.0,VENCIDO,Vencida,Control administrativo,No encontrado,PCGT3TA361276,5984838
2026-10-07 00:00:00,2026-10-07 12:09:58.363968,20261007_120958_ba31ab,,,Victor De Pol,,,,,Receptor de posición,Antena 6000,PCGT3TA358499,,PCGT3TA358499,Antena 6000,Nuevo - SF2,595583,SF6000,Nuevo,2024-11-05 00:00:00,2025-02-05 00:00:00,-609.0,VENCIDO,Vencida,Control administrativo,No encontrado,PCGT3TA358499,595583
2026-10-07 00:00:00,2026-10-07 12:09:58.363968,20261007_120958_ba31ab,,,GANADERA DEL TOTORAL SA,,,,,Receptor de posición,Antena 6000,PCGT3TA344240,,PCGT3TA344240,Antena 6000,Nuevo - SF2,-,SF6000,Nuevo,2023-11-24 00:00:00,2024-02-24 00:00:00,-956.0,VENCIDO,Vencida,Control administrativo,No encontrado,PCGT3TA344240,-
2026-10-07 00:00:00,2026-10-07 12:09:58.363968,20261007_120958_ba31ab,,,LEONEL CALDERON,,,,,Receptor de posición,Antena 6000,PCGT3TA339369,,PCGT3TA339369,Antena 6000,Nuevo - SF2,308408,SF6000,Nuevo,2024-10-15 00:00:00,2025-10-15 00:00:00,-357.0,POR VENCER,Vencida,Control administrativo,No encontrado,PCGT3TA339369,308408
2026-10-07 00:00:00,2026-10-07 12:09:58.363968,20261007_120958_ba31ab,,,LEONEL CALDERON,,,,,Receptor de posición,Antena 6000,PCGT3TA339369,,PCGT3TA339369,Antena 6000,Renovar - SF2,308408,SF6000,Renovación,2025-10-16 00:00:00,2026-10-16 00:00:00,9.0,POR VENCER,Vence en 30 días,Control administrativo,No encontrado,PCGT3TA339369,308408
2026-10-07 00:00:00,2026-10-07 12:09:58.363968,20261007_120958_ba31ab,,,Raul David Copello,,,,,Receptor de posición,Antena 6000,PCGT3TA336618,,PCGT3TA336618,Antena 6000,Nuevo - SF2,-,SF6000,Nuevo,2024-11-22 00:00:00,2025-02-22 00:00:00,-592.0,VENCIDO,Vencida,Control administrativo,No encontrado,PCGT3TA336618,-
2026-10-07 00:00:00,2026-10-07 12:09:58.363968,20261007_120958_ba31ab,,,JUAN CARLOS CONCI,,,,,Receptor de posición,Antena 6000,PCGT3TA336340,,PCGT3TA336340,Antena 6000,Nuevo - SF2,-,SF6000,Nuevo,2026-04-28 00:00:00,2027-04-28 00:00:00,203.0,VIGENTE,Vigente,Control administrativo,No encontrado,PCGT3TA336340,-
2026-10-07 00:00:00,2026-10-07 12:09:58.363968,20261007_120958_ba31ab,,,GUILLERMO BULA,,,,,Receptor de posición,Antena 6000,PCGT3TA328871,,PCGT3TA328871,Antena 6000,Renovar - SF2,4513641,SF6000,Renovación,2025-01-05 00:00:00,2026-01-05 00:00:00,-275.0,VENCIDO,Vencida,Control administrativo,No encontrado,PCGT3TA328871,4513641
2026-10-07 00:00:00,2026-10-07 12:09:58.363968,20261007_120958_ba31ab,,,Alberto Sartori,,,,,Receptor de posición,Antena 6000,PCGT3TA313488,,PCGT3TA313488,Antena 6000,Nuevo - SF2,1274201,SF6000,Nuevo,2023-10-30 00:00:00,2024-01-30 00:00:00,-981.0,VENCIDO,Vencida,Control administrativo,No encontrado,PCGT3TA313488,1274201
2026-10-07 00:00:00,2026-10-07 12:09:58.363968,20261007_120958_ba31ab,,,JOSE MARIA SERAFINI,,,,,Receptor de posición,Antena 6000,PCGT3TA313076,,PCGT3TA313076,Antena 6000,Nuevo - SF2,4513041,SF6000,Nuevo,2024-12-06 00:00:00,2025-03-06 00:00:00,-580.0,VENCIDO,Vencida,Control administrativo,No encontrado,PCGT3TA313076,4513041
2026-10-07 00:00:00,2026-10-07 12:09:58.363968,20261007_120958_ba31ab,,,JOSE MARIA SERAFINI,,,,,Receptor de posición,Antena 6000,PCGT3TA313076,,PCGT3TA313076,Antena 6000,Nuevo - SF2,4513041,SF6000,Nuevo,2023-12-01 00:00:00,2024-03-01 00:00:00,-950.0,VENCIDO,Vencida,Control administrativo,No encontrado,PCGT3TA313076,4513041
2026-10-07 00:00:00,2026-10-07 12:09:58.363968,20261007_120958_ba31ab,,,JOSE MARIA SERAFINI,,,,,Receptor de posición,Antena 6000,PCGT3TA311048,,PCGT3TA311048,Antena 6000,Nuevo - SF2,4513041,SF6000,Nuevo,2023-12-01 00:00:00,2024-03-01 00:00:00,-950.0,VENCIDO,Vencida,Control administrativo,No encontrado,PCGT3TA311048,4513041
2026-10-07 00:00:00,2026-10-07 12:09:58.363968,20261007_120958_ba31ab,,,JOSE MARIA SERAFINI,,,,,Receptor de posición,Antena 6000,PCGT3TA311048,,PCGT3TA311048,Antena 6000,Nuevo - SF2,4513041,SF6000,Nuevo,2025-11-13 00:00:00,2026-02-13 00:00:00,-236.0,VENCIDO,Vencida,Control administrativo,No encontrado,PCGT3TA311048,4513041
2026-10-07 00:00:00,2026-10-07 12:09:58.363968,20261007_120958_ba31ab,,,JUAN RAMAZZOTTI,,,,,Receptor de posición,Antena 6000,PCGT3TA307582,,PCGT3TA307582,Antena 6000,Nuevo - SF2,-,SF6000,Nuevo,2024-11-12 00:00:00,2025-02-12 00:00:00,-602.0,VENCIDO,Vencida,Control administrativo,No encontrado,PCGT3TA307582,-
2026-10-07 00:00:00,2026-10-07 12:09:58.363968,20261007_120958_ba31ab,,,JUAN RAMAZZOTTI,,,,,Receptor de posición,Antena 6000,PCGT3TA307582,,PCGT3TA307582,Antena 6000,Nuevo - SF2,-,SF6000,Nuevo,2023-11-23 00:00:00,2024-02-23 00:00:00,-957.0,VENCIDO,Vencida,Control administrativo,No encontrado,PCGT3TA307582,-
2026-10-07 00:00:00,2026-10-07 12:09:58.363968,20261007_120958_ba31ab,,,RAUL BOUGHEN,,,,,Receptor de posición,Antena 6000,PCGT3TA304452,,PCGT3TA304452,Antena 6000,Nuevo - SF2,440793,SF6000,Nuevo,2023-11-17 00:00:00,2024-02-17 00:00:00,-963.0,VENCIDO,Vencida,Control administrativo,No encontrado,PCGT3TA304452,440793
2026-10-07 00:00:00,2026-10-07 12:09:58.363968,20261007_120958_ba31ab,,,Dario Jensen,,,,,Receptor de posición,Antena 6000,PCGT3TA122615,,PCGT3TA122615,Antena 6000,Nuevo - SF2,479802,SF6000,Nuevo,2024-05-22 00:00:00,2024-08-22 00:00:00,-776.0,VENCIDO,Vencida,Control administrativo,No encontrado,PCGT3TA122615,479802
2026-10-07 00:00:00,2026-10-07 12:09:58.363968,20261007_120958_ba31ab,,,Dario Jensen,,,,,Receptor de posición,Antena 6000,PCGT3TA122615,,PCGT3TA122615,Antena 6000,Nuevo - SF2,479802,SF6000,Nuevo,2023-10-31 00:00:00,2024-01-31 00:00:00,-980.0,VENCIDO,Vencida,Control administrativo,No encontrado,PCGT3TA122615,479802
2026-10-07 00:00:00,2026-10-07 12:09:58.363968,20261007_120958_ba31ab,,,Dario Jensen,,,,,Receptor de posición,Antena 6000,PCGT3TA122615,,PCGT3TA122615,Antena 6000,Nuevo - SF2,479802,SF6000,Nuevo,2024-11-12 00:00:00,2025-02-12 00:00:00,-602.0,VENCIDO,Vencida,Control administrativo,No encontrado,PCGT3TA122615,479802
2026-10-07 00:00:00,2026-10-07 12:09:58.363968,20261007_120958_ba31ab,,,Marcelo Rey,,,,,Receptor de posición,Antena 6000,PCGT3TA122292,,PCGT3TA122292,Antena 6000,Nuevo - SF2,554758,SF6000,Nuevo,2023-04-14 00:00:00,2023-07-14 00:00:00,-1181.0,VENCIDO,Vencida,Control administrativo,No encontrado,PCGT3TA122292,554758
2026-10-07 00:00:00,2026-10-07 12:09:58.363968,20261007_120958_ba31ab,,,MARCELO DEFILIPPO,,,,,Receptor de posición,Antena 6000,PCGT3TA118056,,PCGT3TA118056,Antena 6000,Nuevo - SF2,406172,SF6000,Nuevo,2024-10-28 00:00:00,2025-01-28 00:00:00,-617.0,VENCIDO,Vencida,Control administrativo,No encontrado,PCGT3TA118056,406172
2026-10-07 00:00:00,2026-10-07 12:09:58.363968,20261007_120958_ba31ab,,,JUAN CARLOS CONCI,,,,,Receptor de posición,Antena 6000,PCGT3TA117778,,PCGT3TA117778,Antena 6000,Nuevo - SF2,-,SF6000,Nuevo,2024-10-22 00:00:00,2025-01-22 00:00:00,-623.0,VENCIDO,Vencida,Control administrativo,No encontrado,PCGT3TA117778,-
2026-10-07 00:00:00,2026-10-07 12:09:58.363968,20261007_120958_ba31ab,,,JUAN CARLOS CONCI,,,,,Receptor de posición,Antena 6000,PCGT3TA117778,,PCGT3TA117778,Antena 6000,Nuevo - SF2,-,SF6000,Nuevo,2023-11-27 00:00:00,2024-02-27 00:00:00,-953.0,VENCIDO,Vencida,Control administrativo,No encontrado,PCGT3TA117778,-
2026-10-07 00:00:00,2026-10-07 12:09:58.363968,20261007_120958_ba31ab,,,MARIANO ROMANO,,,,,Receptor de posición,Antena 6000,PCGT3TA114863,,PCGT3TA114863,Antena 6000,Nuevo - SF2,-,SF6000,Nuevo,2023-11-17 00:00:00,2024-11-17 00:00:00,-689.0,VENCIDO,Vencida,Control administrativo,No encontrado,PCGT3TA114863,-
2026-10-07 00:00:00,2026-10-07 12:09:58.363968,20261007_120958_ba31ab,,,DEALER 242428 COMERCIAL CONCI SRL,,,,,Receptor de posición,Antena 6000,PCGT3TA110795,,PCGT3TA110795,Antena 6000,Nuevo - SF2,,SF6000,Nuevo,2025-10-13 00:00:00,2026-01-13 00:00:00,-267.0,VENCIDO,Vencida,Control administrativo,No encontrado,PCGT3TA110795,Nuevo - SF2
2026-10-07 00:00:00,2026-10-07 12:09:58.363968,20261007_120958_ba31ab,,,Hector Canavesio,,,,,Receptor de posición,Antena 6000,PCGT3TA107989,,PCGT3TA107989,Antena 6000,Nuevo - SF2,-,SF6000,Nuevo,2024-12-02 00:00:00,2025-03-02 00:00:00,-584.0,VENCIDO,Vencida,Control administrativo,No encontrado,PCGT3TA107989,-
2026-10-07 00:00:00,2026-10-07 12:09:58.363968,20261007_120958_ba31ab,,,David cavallera,,,,,Receptor de posición,Antena 6000,PCGT3TA106815,,PCGT3TA106815,Antena 6000,Nuevo - SF2,-,SF6000,Nuevo,2023-10-05 00:00:00,2024-01-05 00:00:00,-1006.0,VENCIDO,Vencida,Control administrativo,No encontrado,PCGT3TA106815,-
2026-10-07 00:00:00,2026-10-07 12:09:58.363968,20261007_120958_ba31ab,,,David cavallera,,,,,Receptor de posición,Antena 6000,PCGT3TA106815,,PCGT3TA106815,Antena 6000,Nuevo - SF2,-,SF6000,Nuevo,2024-11-01 00:00:00,2025-02-01 00:00:00,-613.0,VENCIDO,Vencida,Control administrativo,No encontrado,PCGT3TA106815,-
2026-10-07 00:00:00,2026-10-07 12:09:58.363968,20261007_120958_ba31ab,,,D242415J VANDERHOEVENAGRICOLAS A,,,,,Receptor de posición,Antena 6000,PCGT3TA105994,,PCGT3TA105994,Antena 6000,Nuevo - SF2,-,SF6000,Nuevo,2023-09-04 00:00:00,2024-09-04 00:00:00,-763.0,VENCIDO,Vencida,Control administrativo,No encontrado,PCGT3TA105994,-
2026-10-07 00:00:00,2026-10-07 12:09:58.363968,20261007_120958_ba31ab,,,ANGEL QUINTEROS,,,,,Receptor de posición,Antena 6000,PCGT3TA366293,,PCGT3TA366293,Antena 6000,Nuevo - SF2,-,SF6000,Nuevo,2025-11-20 00:00:00,2026-02-20 00:00:00,-229.0,VENCIDO,Vencida,Control administrativo,No encontrado,PCGT3TA366293,-
2026-10-07 00:00:00,2026-10-07 12:09:58.363968,20261007_120958_ba31ab,,,David cavallera,,,,,Receptor de posición,Antena 6000,PCGT3TA106815,,PCGT3TA106815,Antena 6000,Nuevo - SF2,-,SF6000,Nuevo,2025-12-01 00:00:00,2026-03-01 00:00:00,-220.0,VENCIDO,Vencida,Control administrativo,No encontrado,PCGT3TA106815,-
2026-10-07 00:00:00,2026-10-07 12:09:58.363968,20261007_120958_ba31ab,CORDOBA,358686,ANDRES REVOL,Argan 8330 tractor,RW8330P015310,8330,Tractor,Receptor de posición,Antena 6000,PCGT3TB758632,2.80S,PCGT3TB758632,Antena 6000,Nuevo - SF2,358686,SF6000,Nuevo,2025-12-19 00:00:00,2026-12-19 00:00:00,73.0,VIGENTE,Vence en 90 días,Control administrativo,Serie de componente,PCGT3TB758632,358686
2026-10-07 00:00:00,2026-10-07 12:09:58.363968,20261007_120958_ba31ab,CORDOBA,428130,ALDO RUFFINO,7230R REMONDA CASTRO,1RW7230RTKS104054,7230R,Tractor,Monitor,Monitor Gen 4,PCGUPSA717020,25.2 (10.31.3676-98),PCGUPSA717020,Monitor Gen 4,Renovar - CommandCenter Automation 4,428130,Gen4,Renovación,2025-06-02 00:00:00,2026-06-02 00:00:00,-127.0,VENCIDO,Vencida,Control administrativo,Serie de componente,PCGUPSA717020,428130
2026-10-07 00:00:00,2026-10-07 12:09:58.363968,20261007_120958_ba31ab,ARROYITO,359558,ALEJANDRO DOGLIANI,John Deere 7230R,1RW7230RKJS101575,7230R,Tractor,Monitor,Monitor Gen 4,PCGUPSA681889,25.4 (10.35.3817-13),PCGUPSA681889,Monitor Gen 4,Nuevo - CommandCenter Automation 4,359558,Gen4,Nuevo,2024-11-13 00:00:00,2025-11-13 00:00:00,-328.0,VENCIDO,Vencida,Control administrativo,Serie de componente,PCGUPSA681889,359558
2026-10-07 00:00:00,2026-10-07 12:09:58.363968,20261007_120958_ba31ab,,,Javier Balcells,,,,,Monitor,Monitor Gen 4,PCGU6UB533932,,PCGU6UB533932,Monitor Gen 4,Nuevo - 4640 Master 1.0,496369,Gen4,Nuevo,2025-12-23 00:00:00,2026-12-23 00:00:00,77.0,VIGENTE,Vence en 90 días,Control administrativo,No encontrado,PCGU6UB533932,496369
2026-10-07 00:00:00,2026-10-07 12:09:58.363968,20261007_120958_ba31ab,,,Alexis Emanuel Giacoletti,,,,,Monitor,Monitor Gen 4,PCGU6UD108252,,PCGU6UD108252,Monitor Gen 4,Nuevo - 4640 Master 1.0,4523941,Gen4,Nuevo,2026-01-13 00:00:00,2027-01-13 00:00:00,98.0,VIGENTE,Vigente,Control administrativo,No encontrado,PCGU6UD108252,4523941
2026-10-07 00:00:00,2026-10-07 12:09:58.363968,20261007_120958_ba31ab,ARROYITO,5748738,Jose Luis Magnano,PLA 3300,1YE3300CTNA008281,3300,Pulverizadora,Monitor,Monitor Gen 4,PCGU6UD121014,25.4 (10.35.3817-13),PCGU6UD121014,Monitor Gen 4,Nuevo - 4640 Master 1.0,5748738,Gen4,Nuevo,2026-02-04 00:00:00,2027-02-04 00:00:00,120.0,VIGENTE,Vigente,Control administrativo,Serie de componente,PCGU6UD121014,5748738
2026-10-07 00:00:00,2026-10-07 12:09:58.363968,20261007_120958_ba31ab,,,,,,,,Monitor,Monitor Gen 4,PCGU6UD107983,,PCGU6UD107983,Monitor Gen 4,Nuevo - 4640 Master 1.0,4660901,Gen4,Nuevo,2026-02-05 00:00:00,2027-02-05 00:00:00,121.0,VIGENTE,Vigente,Control administrativo,No encontrado,PCGU6UD107983,4660901
2026-10-07 00:00:00,2026-10-07 12:09:58.363968,20261007_120958_ba31ab,,,ALBERTO COLAUTTI,,,,,Receptor de posición,Antena 6000,PCGT3TA477425,,PCGT3TA477425,Antena 6000,Nuevo - SF2,4136401,SF6000,Nuevo,2026-03-18 00:00:00,2027-03-18 00:00:00,162.0,VIGENTE,Vigente,Control administrativo,No encontrado,PCGT3TA477425,4136401
2026-10-07 00:00:00,2026-10-07 12:09:58.363968,20261007_120958_ba31ab,CORDOBA,587263,HECTOR GIANNOBI,4730,N04730X005486,4730,Pulverizadora,Monitor,Monitor Gen 4,PCGU6UD121130,25.2 (10.31.3676-103),PCGU6UD121130,Monitor Gen 4,Nuevo - 4640 Master 1.0,587263,Gen4,Nuevo,2026-03-30 00:00:00,2027-03-30 00:00:00,174.0,VIGENTE,Vigente,Control administrativo,Serie de componente,PCGU6UD121130,587263
2026-10-07 00:00:00,2026-10-07 12:09:58.363968,20261007_120958_ba31ab,CORDOBA,308408,LEONEL CALDERON,S780 N°3,1J0S780BHP0145166,S780,Cosechadora,Monitor,Monitor Gen 4,PCGUPSB922643,25.4 (10.35.3817-13),PCGUPSB922643,Monitor Gen 4,Nuevo - CommandCenter Premium 3.0,,Gen4,Nuevo,2026-04-03 00:00:00,2027-04-03 00:00:00,178.0,VIGENTE,Vigente,Control administrativo,Serie de componente,PCGUPSB922643,Nuevo - CommandCenter Premium 3.0
2026-10-07 00:00:00,2026-10-07 12:09:58.363968,20261007_120958_ba31ab,CORDOBA,308408,LEONEL CALDERON,S780 N°3,1J0S780BHP0145166,S780,Cosechadora,Monitor,Monitor Gen 4,PCGUPSB922643,25.4 (10.35.3817-13),PCGUPSB922643,Monitor Gen 4,Actualización - CommandCenter Automation 4,,Gen4,Actualización,2026-05-06 00:00:00,2027-04-03 00:00:00,178.0,VIGENTE,Vigente,Control administrativo,Serie de componente,PCGUPSB922643,Actualización - CommandCenter Automation 4
2026-10-07 00:00:00,2026-10-07 12:09:58.363968,20261007_120958_ba31ab,CORDOBA,308408,LEONEL CALDERON,S790,1J0S790BEP0145109,S790,Cosechadora,Monitor,Monitor Gen 4,PCGUPSB906190,25.4 (10.35.3817-13),PCGUPSB906190,Monitor Gen 4,Actualización - CommandCenter Automation 4,,Gen4,Actualización,2026-05-06 00:00:00,2026-12-30 00:00:00,84.0,VIGENTE,Vence en 90 días,Control administrativo,Serie de componente,PCGUPSB906190,Actualización - CommandCenter Automation 4
2026-10-07 00:00:00,2026-10-07 12:09:58.363968,20261007_120958_ba31ab,,,ANGEL QUINTEROS,,,,,Receptor de posición,Antena 6000,PCGT3TA366293,,PCGT3TA366293,Antena 6000,Nuevo - SF2,-,SF6000,Nuevo,2024-11-02 00:00:00,2025-02-02 00:00:00,-612.0,VENCIDO,Vencida,Control administrativo,No encontrado,PCGT3TA366293,-
2026-10-07 00:00:00,2026-10-07 12:09:58.363968,20261007_120958_ba31ab,,,DANILO NANEZ,,,,,Receptor de posición,Antena 6000,PCGT3TA361190,,PCGT3TA361190,Antena 6000,Nuevo - SF2,5903561,SF6000,Nuevo,2023-11-10 00:00:00,2024-11-10 00:00:00,-696.0,VENCIDO,Vencida,Control administrativo,No encontrado,PCGT3TA361190,5903561
2026-10-07 00:00:00,2026-10-07 12:09:58.363968,20261007_120958_ba31ab,,,CARLOS R SANGOY,,,,,Receptor de posición,Antena 6000,PCGT3TA360540,,PCGT3TA360540,Antena 6000,Nuevo - SF2,,SF6000,Nuevo,2025-11-14 00:00:00,2026-02-14 00:00:00,-235.0,VENCIDO,Vencida,Control administrativo,No encontrado,PCGT3TA360540,Nuevo - SF2
2026-10-07 00:00:00,2026-10-07 12:09:58.363968,20261007_120958_ba31ab,,,Raul David Copello,,,,,Receptor de posición,Antena 6000,PCGT3TA336618,,PCGT3TA336618,Antena 6000,Nuevo - SF2,-,SF6000,Nuevo,2025-11-15 00:00:00,2026-02-15 00:00:00,-234.0,VENCIDO,Vencida,Control administrativo,No encontrado,PCGT3TA336618,-
2026-10-07 00:00:00,2026-10-07 12:09:58.363968,20261007_120958_ba31ab,PILAR,8295160,GONZALO CALCAGNI,PLA 3300,7687,BX-3300 MD BT,Pulverizadora,Monitor,Monitor Gen 4,PCGU6UB544162,25.4 (10.35.3817-9),PCGU6UB544162,Monitor Gen 4,Nuevo - 4640 Master 1.0,450652,Gen4,Nuevo,2026-07-02 00:00:00,2027-07-02 00:00:00,268.0,VIGENTE,Vigente,Control administrativo,Serie de componente,PCGU6UB544162,450652
2026-10-07 00:00:00,2026-10-07 12:09:58.363968,20261007_120958_ba31ab,SANTA ROSA,479802,Dario Jensen,Pulverizadora 4025M Jensen,1NW4025MKK0190436,M4025,Pulverizadora,Monitor,Monitor Gen 4,PCGUPSA721929,25.2 (10.31.3676-103),PCGUPSA721929,Monitor Gen 4,Renovar - CommandCenter Master 1.0,479802,Gen4,Renovación,2026-07-24 00:00:00,2027-07-24 00:00:00,290.0,VIGENTE,Vigente,Control administrativo,Serie de componente,PCGUPSA721929,479802
2026-10-07 00:00:00,2026-10-07 12:09:58.363968,20261007_120958_ba31ab,CORDOBA,406172,MARCELO DEFILIPPO,PLA 3300 - 8080 N°1,1YE3300CANA008080,3300,Pulverizadora,Monitor,Monitor Gen 4,PCGU6UD116223,25.4 (10.35.3817-60),PCGU6UD116223,Monitor Gen 4,Renovar - 4640 Master 1.0,406172,Gen4,Renovación,2026-08-17 00:00:00,2027-08-17 00:00:00,314.0,VIGENTE,Vigente,Control administrativo,Serie de componente,PCGU6UD116223,406172
2026-10-07 00:00:00,2026-10-07 12:09:58.363968,20261007_120958_ba31ab,,,JUAN CARLOS CHIAPPAFREDDO,,,,,Monitor,Monitor Gen 4,PCGU6UD111165,,PCGU6UD111165,Monitor Gen 4,Nuevo - 4640 Master 1.0,2780721,Gen4,Nuevo,2026-07-27 00:00:00,2027-07-27 00:00:00,293.0,VIGENTE,Vigente,Control administrativo,No encontrado,PCGU6UD111165,2780721
2026-10-07 00:00:00,2026-10-07 12:09:58.363968,20261007_120958_ba31ab,SINSACATE,530850,MARCELO RUIZ,7230J RUIZ MARCELO,1RW7230STLC120124,7R 230,Tractor,Receptor de posición,Antena 6000,PCGT6FB365192,4.60H,PCGT6FB365192,Antena 6000,Renovar - SF3,530850,SF6000,Renovación,2026-08-03 00:00:00,2027-08-03 00:00:00,300.0,VIGENTE,Vigente,Control administrativo,Serie de componente,PCGT6FB365192,530850
2026-10-07 00:00:00,2026-10-07 12:09:58.363968,20261007_120958_ba31ab,,,Jose Luis Ochlensclager,,,,,Monitor,Monitor Gen 4,PCGU6UB542963,,PCGU6UB542963,Monitor Gen 4,Nuevo - 4640 Master 1.0,,Gen4,Nuevo,2026-08-21 00:00:00,2027-08-21 00:00:00,318.0,VIGENTE,Vigente,Control administrativo,No encontrado,PCGU6UB542963,Nuevo - 4640 Master 1.0
2026-10-07 00:00:00,2026-10-07 12:09:58.363968,20261007_120958_ba31ab,SINSACATE,579120,TRANSPORTEELAGUILA,Pulve_PLA,1YE3300FHNA008108,3300,Pulverizadora,Monitor,Monitor Gen 4,PCGU6UD115770,25.4 (10.35.3817-60),PCGU6UD115770,Monitor Gen 4,Actualización - 4640 Universal Automation 4,579120,Gen4,Actualización,2026-08-28 00:00:00,2026-08-28 00:00:00,-40.0,VIGENTE,Vencida,Control administrativo,Serie de componente,PCGU6UD115770,579120
2026-10-07 00:00:00,2026-10-07 12:09:58.363968,20261007_120958_ba31ab,SINSACATE,579120,TRANSPORTEELAGUILA,Pulve_PLA,1YE3300FHNA008108,3300,Pulverizadora,Monitor,Monitor Gen 4,PCGU6UD115770,25.4 (10.35.3817-60),PCGU6UD115770,Monitor Gen 4,Renovar - 4640 Universal Automation 4,579120,Gen4,Renovación,2026-08-29 00:00:00,2027-08-29 00:00:00,326.0,VIGENTE,Vigente,Control administrativo,Serie de componente,PCGU6UD115770,579120
2026-10-07 00:00:00,2026-10-07 12:09:58.363968,20261007_120958_ba31ab,SINSACATE,491313,JULIANPERESSINI,8270R,1BM8270RCLS100500,8270R,Tractor,Monitor,Monitor Gen 4,PCGUPSA742227,25.4 (10.35.3817-60),PCGUPSA742227,Monitor Gen 4,Nuevo - CommandCenter Automation 4,,Gen4,Nuevo,2026-08-28 00:00:00,2027-08-28 00:00:00,325.0,VIGENTE,Vigente,Control administrativo,Serie de componente,PCGUPSA742227,Nuevo - CommandCenter Automation 4
2026-10-07 00:00:00,2026-10-07 12:09:58.363968,20261007_120958_ba31ab,,,Ruben Dario Riorda,,,,,Monitor,Monitor Gen 4,PCGU6UD117358,,PCGU6UD117358,Monitor Gen 4,Nuevo - 4640 Master 1.0,4002881,Gen4,Nuevo,2026-09-08 00:00:00,2027-09-08 00:00:00,336.0,VENCIDO,Vigente,Control administrativo,No encontrado,PCGU6UD117358,4002881
2026-10-07 00:00:00,2026-10-07 12:09:58.363968,20261007_120958_ba31ab,SINSACATE,324409,DANIEL DEGIORGIO,8320 DeGiorgio,1RW8320RLGP112400,8320R,Tractor,Monitor,Monitor Gen 4,PCGU6UD104729,25.4 (10.35.3817-60),PCGU6UD104729,Monitor Gen 4,Nuevo - 4640 Universal Automation 4,324409,Gen4,Nuevo,2026-09-08 00:00:00,2027-09-08 00:00:00,336.0,VENCIDO,Vigente,Control administrativo,Serie de componente,PCGU6UD104729,324409
2026-10-07 00:00:00,2026-10-07 12:09:58.363968,20261007_120958_ba31ab,CORDOBA,445775,ROGELIO ADRIAN GARINO,Tractor 7230R Garino R,1RW7230RKJS101544,7230R,Tractor,Monitor,Monitor Gen 4,PCGUPSA680546,25.4 (10.35.3817-13),PCGUPSA680546,Monitor Gen 4,Nuevo - CommandCenter Automation 4,,Gen4,Nuevo,2026-09-11 00:00:00,2027-09-11 00:00:00,339.0,VENCIDO,Vigente,Control administrativo,Serie de componente,PCGUPSA680546,Nuevo - CommandCenter Automation 4
2026-10-07 00:00:00,2026-10-07 12:09:58.363968,20261007_120958_ba31ab,,,GUSTAVO PAGLIALUNGA,,,,,Monitor,Monitor Gen 4,PCGU6UB533535,,PCGU6UB533535,Monitor Gen 4,Nuevo - 4640 Master 1.0,307486,Gen4,Nuevo,2026-09-24 00:00:00,2027-09-24 00:00:00,352.0,VENCIDO,Vigente,Control administrativo,No encontrado,PCGU6UB533535,307486
