Organizaciones,ID de organización,Clientes,Granjas,Campos,Nombre de máquina,Equipo,Operadores,Variedades,Trabajo,Tipo de cultivo,Superficie cosechada,Unidad,Humedad,Unidad.1,Rendimiento en seco,Unidad.2,Rendimiento seco total,Unidad.3,Peso húmedo,Unidad.4,Peso húmedo total,Unidad.5,Tiempo de cosecha,Unidad.6,Velocidad,Unidad.7,Productividad,Unidad.8,Combustible total,Unidad.9,Índice de combustible (área),Unidad.10,Índice de combustible (tiempo),Unidad.11,Rendimiento (húmedo),Unidad.12,Rendimiento (húmedo).1,Unidad.13,Eficiencia del combustible,Unidad.14,Proteína bruta,Unidad.15,Almidón,Unidad.16,Materia seca,Unidad.17,Fibra detergente neutro,Unidad.18,Fibra detergente ácido,Unidad.19,Largo de corte,Unidad.20,Índice de dosificación de inoculante alto,Unidad.21,Índice de dosificación de inoculante bajo,Unidad.22,Total de dosificación de inoculante alto,Unidad.23,Total de dosificación de inoculante bajo,Unidad.24,Azúcar,Unidad.25,Ceniza bruta,Unidad.26,Primera cosecha,Último cosechado,AutoTrac™,Unidad.27,Sucursal,Fecha de inicio,Fecha de terminación,Fecha de carga,Lote de Actualización,Semana Analizada
EL PRADO SA,573387,,,,EQUIPO 2-3491414795,1Z08600YKLF621070,Juan Carrizo,,Cosecha de forraje: Alfalfa - 5 ene 2026,Alfalfa,13.516581593500565,ha,64.65777445379445,%,13.780484874509222,t/ha,186.2650482043042,t,38.99155942087754,t/ha,527.0325943701168,t,13453.161999998296,s,6.347754361429613,km/h,3.61685292250301,ha/h,303.87075453482583,l,22.48206423597788,l/ha,81.31431973579978,l/h,138.8815168719314,t/h,138.88151687193164,t/h,0.5977856183647744,t/l,,,,,35.34222554620552,%,,,,,17.983199999995705,mm,0.0442086770343108,l/t,,,23.214215364533345,l,,,,,,,2026-01-05 21:49:34.984,2026-01-06 15:12:47.113,6.587107203639464,ha,ARROYITO,2026-01-01,2026-01-06,2026-10-06 12:59:28.137703,20261006_1259,2026-01-01 a 2026-01-06
EL PRADO SA,573387,,Estancia.Sa.Franico,Lote1,EQUIPO 2-3491414795,1Z08600YKLF621070,Juan Carrizo,,Cosecha de forraje: Alfalfa - 6 ene 2026,Alfalfa,5.328877282626858,ha,64.59614090356182,%,21.932603165490075,t/ha,116.87615075744996,t,61.949752725394674,t/ha,330.1226299627069,t,7607.728000000285,s,4.276507464641685,km/h,2.521515424507266,ha/h,165.5837860532721,l,31.074468076430847,l/ha,78.35475056307993,l/h,153.21730084728514,t/h,153.21730084728412,t/h,0.684400816940613,t/l,,,,,35.40385909643732,%,,,,,21.97333181038008,mm,0.1364215281080133,l/t,,,44.13949418085864,l,,,,,,,2026-01-06 16:47:18.537,2026-01-06 23:43:17.736,1.162118625968764,ha,ARROYITO,2026-01-01,2026-01-06,2026-10-06 12:59:28.137703,20261006_1259,2026-01-01 a 2026-01-06
MEDITERRANEA FORRAJES SRL,5937812,Abratte,Guachera,Maiz03/01/2026,8600,1Z08600YCRF625499,Operador desconocido,VARIEDAD1,Cosecha de forraje: Maíz para ensilado - 3 ene 2026,Maíz para ensilado,8.96031266483909,ha,69.63678710675427,%,9.687296510597037,t/ha,86.80120561195415,t,31.904714908322056,t/ha,285.8762210611187,t,5987.2499999997735,s,7.404792945237486,km/h,5.387636326096602,ha/h,163.61135334929446,l,18.259558507519248,l/ha,98.3758607135972,l/h,170.1927168106803,t/h,170.19271681068028,t/h,0.5225830032777987,t/l,,,,,30.363212893245908,%,,,,,16.992599999999797,mm,0.3040155098804985,l/t,,,86.91080510860623,l,,,,,,,2026-01-03 12:05:08.548,2026-01-03 14:09:27.839,1.3804802215960057,ha,ARROYITO,2026-01-01,2026-01-06,2026-10-06 12:59:28.137703,20261006_1259,2026-01-01 a 2026-01-06
MEDITERRANEA FORRAJES SRL,5937812,Abratte,Tambo,Maiz 01/01/2026,8600,1Z08600YCRF625499,Operador desconocido,VARIEDAD1,Cosecha de forraje: Maíz para ensilado - 2 ene 2026,Maíz para ensilado,48.08461654137786,ha,60.45093851792448,%,13.788056079631271,t/ha,662.9933894400834,t,34.86316884126441,t/ha,1676.382105149512,t,32809.308999995,s,7.255911020705559,km/h,5.276055528804532,ha/h,945.1511314444537,l,19.65609841220585,l/ha,103.70666670244525,l/h,176.67213482634983,t/h,176.67213482634915,t/h,0.6727675358955365,t/l,,,,,39.549061482074855,%,,,,,17.159670087463727,mm,0.2844075819057549,l/t,,,476.7564698428493,l,,,,,,,2026-01-02 12:37:44.549,2026-01-03 11:35:14.963,40.96237933399881,ha,ARROYITO,2026-01-01,2026-01-06,2026-10-06 12:59:28.137703,20261006_1259,2026-01-01 a 2026-01-06
MEDITERRANEA FORRAJES SRL,5937812,Abratte,Tambo,Maiz 02/01/2026 lote oeste,8600,1Z08600YCRF625499,Operador desconocido,VARIEDAD1,Cosecha de forraje: Maíz para ensilado - 2 ene 2026,Maíz para ensilado,0.3306737760892807,ha,61.30098268857908,%,11.55626735567048,t/ha,3.821354563996844,t,29.861914225558618,t/ha,9.874551938219678,t,214.77899999999804,s,7.699942757260897,km/h,5.542560464111492,ha/h,5.860823864583328,l,17.723884651200553,l/ha,98.23570233821818,l/h,164.31711574825056,t/h,164.31711574825013,t/h,0.646654076476884,t/l,,,,,38.69901731142048,%,,,,,16.992600000000124,mm,0.1456855546554049,l/t,,,1.4385795760931397,l,,,,,,,2026-01-02 17:53:01.272,2026-01-03 09:45:38.363,0.0,ha,ARROYITO,2026-01-01,2026-01-06,2026-10-06 12:59:28.137703,20261006_1259,2026-01-01 a 2026-01-06
EL PRADO SA,573387,Adolfo Botigliore,Col marina,L1,EQUIPO 2-3491414795,1Z08600YKLF621070,Juan Carrizo,,Cosecha de forraje: Alfalfa - 2 ene 2026,Alfalfa,0.0574739098986028,ha,64.72695636817599,%,6.376700726662671,t/ha,0.3664939230145659,t,18.078113114427925,t/ha,1.039019844275382,t,38.40300000000007,s,5.943777907584292,km/h,5.3877581343897605,ha/h,0.5596706279761906,l,9.73782067312938,l/ha,52.465022542881584,l/h,84.77408254158188,t/h,84.77408254158189,t/h,0.5655373323303635,t/l,,,,,35.273043631824045,%,,,,,17.98319999999997,mm,0.4609188305786824,l/t,,,0.4789038115714537,l,,,,,,,2026-01-02 16:07:38.176,2026-01-02 17:42:15.590,,,ARROYITO,2026-01-01,2026-01-06,2026-10-06 12:59:28.137703,20261006_1259,2026-01-01 a 2026-01-06
SILAJES SACANTA,425003,ambrogio,tambo alfalfa,2,silaje sacanta sa,1Z08600YVSF627342,Operador desconocido,12,Cosecha de forraje: Alfalfa - 3 ene 2026,Alfalfa,29.92728285474938,ha,67.32643715101841,%,3.555390824766685,t/ha,106.40318687197326,t,10.88155228494589,t/ha,325.65529313032005,t,13542.3340000081,s,9.474946206829864,km/h,7.955660987023151,ha/h,235.57668598495715,l,7.871636296830341,l/ha,62.62406979072702,l/h,85.07848158684968,t/h,85.07848158685199,t/h,0.4410362948123534,t/l,,,,,32.67356284898133,%,,,,,17.9832000000042,mm,,,,,,,,,,,,,2026-01-03 10:12:11.146,2026-01-03 14:50:40.361,,,ARROYITO,2026-01-01,2026-01-06,2026-10-06 12:59:28.137703,20261006_1259,2026-01-01 a 2026-01-06
SILAJES SACANTA,425003,ambroguio,1,1,silaje sacanta sa,1Z08600YVSF627342,Operador desconocido,12,Cosecha de forraje: Alfalfa - 3 ene 2026,Alfalfa,0.4035570548825983,ha,66.44934891490693,%,3.746828910420197,t/ha,1.5120592402381492,t,11.167678686524612,t/ha,4.506795520609036,t,194.5639999999981,s,8.572611725245439,km/h,7.466979490436907,ha/h,3.1844096018518493,l,7.890853507141028,l/ha,58.9208412998642,l/h,81.57753702315301,t/h,81.5775370231528,t/h,0.4636098539608965,t/l,,,,,33.550651085093136,%,,,,,17.983200000000053,mm,,,,,,,,,,,,,2026-01-03 10:12:13.546,2026-01-03 14:50:36.961,,,ARROYITO,2026-01-01,2026-01-06,2026-10-06 12:59:28.137703,20261006_1259,2026-01-01 a 2026-01-06
SILAJES SACANTA,425003,ambroguio,carrilobo,2,silaje sacanta sa,1Z08600YVSF627342,Operador desconocido,12,Cosecha de forraje: Alfalfa - 3 ene 2026,Alfalfa,9.302091308198374,ha,66.86863561760482,%,3.618105413912809,t/ha,33.65594692290382,t,10.92048420389048,t/ha,101.58334119432728,t,4284.483999999053,s,9.538502385045804,km/h,7.816000412073427,ha/h,76.73542392028199,l,8.249265823982121,l/ha,64.4762650795467,l/h,83.211343771684,t/h,83.21134377168539,t/h,0.4238462189220883,t/l,,,,,33.13136438239516,%,,,,,17.983200000000405,mm,,,,,,,,,,,,,2026-01-03 08:45:41.766,2026-01-03 10:04:30.606,,,ARROYITO,2026-01-01,2026-01-06,2026-10-06 12:59:28.137703,20261006_1259,2026-01-01 a 2026-01-06
SILAJES SACANTA,425003,ambroguio,tambo,2,silaje sacanta sa,1Z08600YVSF627342,Operador desconocido,12,Cosecha de forraje: Alfalfa - 3 ene 2026,Alfalfa,0.0144589531827129,ha,67.95243039565811,%,3.054214839309235,t/ha,0.0441607493715193,t,9.530254172208547,t/ha,0.1377974988953181,t,5.805000000000005,s,9.37094678615784,km/h,8.966792671449879,ha/h,0.1020296527777777,l,7.056503433441084,l/ha,63.27420327304044,l/h,85.45581326841426,t/h,85.45581326841427,t/h,0.4328226958461008,t/l,,,,,32.047569604341945,%,,,,,17.983199999999993,mm,,,,,,,,,,,,,2026-01-03 10:17:54.706,2026-01-03 10:19:23.896,,,ARROYITO,2026-01-01,2026-01-06,2026-10-06 12:59:28.137703,20261006_1259,2026-01-01 a 2026-01-06
MEDITERRANEA FORRAJES SRL,5937812,Arpocio,Desquite,Bergia,8600,1Z08600YCRF625499,Operador desconocido,VARIEDAD1,Cosecha de forraje: Maíz para ensilado - 6 ene 2026,Maíz para ensilado,23.57056956653754,ha,54.82033378141631,%,9.826878875357702,t/ha,231.6251321535569,t,21.750667275438385,t/ha,512.675616134332,t,17898.988999997226,s,8.205976418740459,km/h,4.740717503069483,ha/h,444.0533952821793,l,13.837802859299288,l/ha,89.3118724759309,l/h,101.92711549549072,t/h,101.92711549549016,t/h,0.5141238415939099,t/l,,,,,45.17966621858306,%,,,,,15.013949723839218,mm,,,,,,,,,,,,,2026-01-06 09:02:45.313,2026-01-06 16:15:10.679,18.63885209858004,ha,ARROYITO,2026-01-01,2026-01-06,2026-10-06 12:59:28.137703,20261006_1259,2026-01-01 a 2026-01-06
COOP DE PROV DE SERV AGROP SAN MARTIN LTDA,534599,Baldo R,Candelero,Lotes central,1Z08600YKRF627041,1Z08600YKRF627041,Operador desconocido,12,Cosecha de forraje: Maíz para ensilado - 5 ene 2026,Maíz para ensilado,89.1335602322556,ha,62.47301739176234,%,8.521764314395396,t/ha,759.5751928022486,t,22.70836534703134,t/ha,2024.077450435684,t,51960.49899999473,s,9.125422754615094,km/h,6.175476044526574,ha/h,1465.5301852034934,l,16.44195723120164,l/ha,101.53691300641852,l/h,134.2501798407075,t/h,134.2501798407067,t/h,0.4969336375327622,t/l,,,,,37.52698260823724,%,,,,,16.074750975841788,mm,0.0962587051129013,l/t,,,45.51107215055296,l,,,,,,,2026-01-05 06:57:57.415,2026-01-06 13:41:39.660,63.6258131359099,ha,ARROYITO,2026-01-01,2026-01-06,2026-10-06 12:59:28.137703,20261006_1259,2026-01-01 a 2026-01-06
COOPERATIVA AGROPECUARIA LTDA. DE BALNEARIA,2839981,"Bessone, Emilio J. y German A.",Tambo 2,Lote 2,8600,1Z08600YEMF622022,Operador desconocido,,Cosecha de forraje: Maíz para ensilado - 4 ene 2026,Maíz para ensilado,0.0861752680101501,ha,54.3271012220971,%,8.661176441471028,t/ha,0.7463792011269647,t,18.963491858899506,t/ha,1.634183993348966,t,72.39600000000036,s,6.935869856989473,km/h,4.285194828948276,ha/h,1.3898257847222213,l,16.12789628409999,l/ha,69.11117775843934,l/h,80.3476582041521,t/h,80.3476582041522,t/h,0.5237970271281199,t/l,,,,,45.67289877790294,%,,,,,17.983200000000014,mm,,,0.1307640842960727,l/t,,,0.2136925734615772,l,,,,,2026-01-04 17:13:44.403,2026-01-04 17:14:57.799,,,ARROYITO,2026-01-01,2026-01-06,2026-10-06 12:59:28.137703,20261006_1259,2026-01-01 a 2026-01-06
COOPERATIVA AGROPECUARIA LTDA. DE BALNEARIA,2839981,"Bessone, Emilio J. y German A.",Tambo 2,Lote 2,8600,1Z08600YEMF622022,Operador desconocido,,Cosecha de forraje: Alfalfa - 4 ene 2026,Alfalfa,19.113350336711875,ha,55.75111830816013,%,4.681567979280625,t/ha,89.48044891312288,t,10.58008202757337,t/ha,202.2208143841588,t,6895.9469999980765,s,11.498224939414657,km/h,9.97784035929902,ha/h,151.24418152889706,l,7.912383344117373,l/ha,78.95638604881775,l/h,103.17720866352902,t/h,103.177208663527,t/h,0.5682381736517411,t/l,,,,,44.24888169184005,%,,,,,17.98319999999926,mm,,,0.1019991283754561,l/t,,,20.62634680655931,l,,,,,2026-01-04 17:14:57.871,2026-01-04 20:18:48.559,,,ARROYITO,2026-01-01,2026-01-06,2026-10-06 12:59:28.137703,20261006_1259,2026-01-01 a 2026-01-06
COOPERATIVA AGROPECUARIA LTDA. DE BALNEARIA,2839981,"Bessone, Emilio J. y German A.",Tambo 2,Lote 4,8600,1Z08600YEMF622022,Operador desconocido,,Cosecha de forraje: Alfalfa - 4 ene 2026,Alfalfa,17.90526718645941,ha,61.27502998531681,%,3.947183720888983,t/ha,70.67537915656027,t,10.192864499036176,t/ha,182.5059622506195,t,6458.1669999984215,s,11.315509901201702,km/h,9.980999542326302,ha/h,139.39788673472236,l,7.785300564525495,l/ha,77.7050813714046,l/h,100.29138896931973,t/h,100.29138896931988,t/h,0.4964577537238697,t/l,,,,,38.72497001468287,%,,,,,17.983199999999467,mm,,,0.0189874622577606,l/t,,,3.465325070049931,l,,,,,2026-01-04 20:32:51.343,2026-01-05 11:49:10.350,,,ARROYITO,2026-01-01,2026-01-06,2026-10-06 12:59:28.137703,20261006_1259,2026-01-01 a 2026-01-06
COOPERATIVA TAMBERA LAS CAÑITAS LTDA,526845,Bocho Viotti,,Lote 1,8500,1Z08500YHRF625480,Santiago,,Cosecha de forraje: Maíz para ensilado - 5 ene 2026,Maíz para ensilado,21.55757175395194,ha,64.95834843525309,%,10.614993910483632,t/ha,228.8334928930138,t,30.292504595195748,t/ha,653.0328414178512,t,18301.341000007465,s,7.677456049594221,km/h,4.24049782003403,ha/h,466.8614829866313,l,21.656625605955664,l/ha,91.83487367134416,l/h,124.755147760304,t/h,124.75514776030214,t/h,0.4754671998410921,t/l,5.81937681504284,%,37.43541520792526,%,35.04165156474692,%,41.06597978440105,%,20.749088482711628,%,11.851623626216645,mm,0.2947762373678328,l/t,,,192.47179895511647,l,,,6.52459559252964,%,4.060558209131529,%,2026-01-05 11:29:03.577,2026-01-05 20:00:42.042,18.06368919603052,ha,ARROYITO,2026-01-01,2026-01-06,2026-10-06 12:59:28.137703,20261006_1259,2026-01-01 a 2026-01-06
COOPERATIVA TAMBERA LAS CAÑITAS LTDA,526845,Bocho Viotti,,Lote 2,8500,1Z08500YHRF625480,Santiago,,Cosecha de forraje: Maíz para ensilado - 5 ene 2026,Maíz para ensilado,29.25056969588427,ha,64.97960039997241,%,9.084019026688331,t/ha,265.7127316588859,t,25.939221512142293,t/ha,758.7370066978987,t,21761.021999993623,s,8.596422867985257,km/h,4.838994439633176,ha/h,574.9597559514591,l,19.65647042104512,l/ha,95.11755107025068,l/h,123.89511867245128,t/h,123.89511867245191,t/h,0.4558907596364779,t/l,5.431687083231791,%,36.4991038511453,%,35.02039960002645,%,42.02878647044746,%,20.957205812438456,%,10.998152552665612,mm,0.4364273047133708,l/t,,,331.09531696377485,l,,,6.494743769432415,%,3.580160573491354,%,2026-01-05 20:10:13.573,2026-01-06 16:05:41.898,27.76062575924104,ha,ARROYITO,2026-01-01,2026-01-06,2026-10-06 12:59:28.137703,20261006_1259,2026-01-01 a 2026-01-06
EL PRADO SA,573387,Bolati,,Lote 1,EQUIPO 2-3491414795,1Z08600YKLF621070,Juan Carrizo,,Cosecha de forraje: Alfalfa - 4 ene 2026,Alfalfa,24.142058111750863,ha,64.61964415639768,%,13.50957108987154,t/ha,326.1488503165082,t,38.18381914978488,t/ha,921.8359808426922,t,24986.53600001063,s,5.993954587341081,km/h,3.478329657310584,ha/h,527.4858360666343,l,21.84924887617122,l/ha,75.99889035595416,l/h,130.36738153403854,t/h,130.36738153403758,t/h,0.6003848651369086,t/l,,,,,35.380355843602366,%,,,,,17.983200000009532,mm,0.691298576451665,l/t,,,637.2639012784705,l,,,,,,,2026-01-04 09:28:27.297,2026-01-04 19:23:34.151,16.42600850383888,ha,ARROYITO,2026-01-01,2026-01-06,2026-10-06 12:59:28.137703,20261006_1259,2026-01-01 a 2026-01-06
EL PRADO SA,573387,Bolatti Carlos,,Lote3,EQUIPO 2-3491414795,1Z08600YKLF621070,Juan Carrizo,,Cosecha de forraje: Alfalfa - 4 ene 2026,Alfalfa,21.42319806703216,ha,64.37296352426225,%,8.879016160304607,t/ha,190.2169218425849,t,24.922129479815784,t/ha,533.9117160983146,t,16614.40499999711,s,8.241158493152161,km/h,4.64196659713842,ha/h,315.00600993807825,l,14.70396758469196,l/ha,68.25532637354624,l/h,113.52122209277064,t/h,113.52122209277066,t/h,0.582114683842005,t/l,,,,,35.627036475737775,%,,,,,17.98319999999761,mm,0.0,l/t,,,0.0,l,,,,,,,2026-01-04 20:24:45.071,2026-01-05 05:16:23.665,12.876673187864228,ha,ARROYITO,2026-01-01,2026-01-06,2026-10-06 12:59:28.137703,20261006_1259,2026-01-01 a 2026-01-06
EL PRADO SA,573387,Bolatti Carlos,La primavera,Lote 4,EQUIPO 2-3491414795,1Z08600YKLF621070,Juan Carrizo,,Cosecha de forraje: Alfalfa - 4 ene 2026,Alfalfa,0.0304358522216478,ha,63.07011750209288,%,11.671588734560132,t/ha,0.3552347499169226,t,31.604727513610666,t/ha,0.9619168161097036,t,32.203999999999986,s,6.90819673155149,km/h,3.4023434355338646,ha/h,0.5330643125000001,l,17.51435473592066,l/ha,59.589849863371015,l/h,96.57273045928684,t/h,96.57273045928686,t/h,0.5672183389998271,t/l,,,,,36.92988249790711,%,,,,,17.983199999999997,mm,0.0,l/t,,,0.0,l,,,,,,,2026-01-04 20:28:15.066,2026-01-05 05:16:00.665,,,ARROYITO,2026-01-01,2026-01-06,2026-10-06 12:59:28.137703,20261006_1259,2026-01-01 a 2026-01-06
EL PRADO SA,573387,Bolatti Carlos,La primavera,Lote2,EQUIPO 2-3491414795,1Z08600YKLF621070,Juan Carrizo,,Cosecha de forraje: Alfalfa - 4 ene 2026,Alfalfa,5.204847478700823,ha,64.52881873530124,%,7.585926455387801,t/ha,39.48359018493507,t,21.38616810863659,t/ha,111.3117431593091,t,3257.6860000000725,s,10.164124665027142,km/h,5.751767028290192,ha/h,62.44938428935183,l,11.998312062919457,l/ha,69.01149571863617,l/h,121.16473699788912,t/h,121.1647369978892,t/h,0.6145013596308542,t/l,,,,,35.47118126469918,%,,,,,17.983200000000764,mm,0.0,l/t,,,0.0,l,,,,,,,2026-01-04 21:11:49.986,2026-01-05 05:20:46.261,3.835696746230894,ha,ARROYITO,2026-01-01,2026-01-06,2026-10-06 12:59:28.137703,20261006_1259,2026-01-01 a 2026-01-06
MEDITERRANEA FORRAJES SRL,5937812,Bonno cesar,Tambo,Maiz03/01/2026,8600,1Z08600YCRF625499,Operador desconocido,VARIEDAD1,Cosecha de forraje: Maíz para ensilado - 3 ene 2026,Maíz para ensilado,50.31788357101275,ha,63.2931454365738,%,11.50369701165561,t/ha,578.8416868686944,t,31.339370121670285,t/ha,1576.9307769710813,t,33887.89300000907,s,7.362882337190413,km/h,5.345387087229196,ha/h,900.0205774603323,l,17.886740749736063,l/ha,95.61155303625212,l/h,165.0023107777459,t/h,165.00231077775038,t/h,0.6319770284900266,t/l,,,,,36.70685456342645,%,,,,,19.34289806227665,mm,0.0538776187230672,l/t,,,21.376740475509564,l,,,,,,,2026-01-03 16:19:04.493,2026-01-04 13:31:22.423,46.19225891052753,ha,ARROYITO,2026-01-01,2026-01-06,2026-10-06 12:59:28.137703,20261006_1259,2026-01-01 a 2026-01-06
COOPERATIVA AGROPECUARIA LTDA. DE BALNEARIA,2839981,Borsi,Tambo,Lote5ma,8500,1Z08500YTJ0619027,Emiliano,2,Cosecha de forraje: Maíz para ensilado - 4 ene 2026,Maíz para ensilado,14.05060607806921,ha,64.9999999999999,%,11.635873426973284,t/ha,163.49107389667486,t,33.245352648495114,t/ha,467.1173539904997,t,13798.7090000004,s,4.965874230239011,km/h,3.665499765813464,ha/h,316.3328832638893,l,22.51516782800356,l/ha,82.52934240079759,l/h,121.8622369505296,t/h,121.86223695052992,t/h,0.5168074976963971,t/l,,,,,34.99999999999994,%,,,,,14.0,mm,0.0,l/t,0.0,l/t,0.0,l,0.0,l,,,,,2026-01-04 11:11:31.000,2026-01-04 16:04:31.060,,,ARROYITO,2026-01-01,2026-01-06,2026-10-06 12:59:28.137703,20261006_1259,2026-01-01 a 2026-01-06
COOPERATIVA AGROPECUARIA LTDA. DE BALNEARIA,2839981,Borsi Roberto (Carlitos),andretich,Lote 3,8500,1Z08500YTJ0619027,Emiliano,2,Cosecha de forraje: Maíz para ensilado - 5 ene 2026,Maíz para ensilado,1.0765648821258544,ha,65.0,%,5.567899435994471,t/ha,5.994204999999999,t,15.908284102841348,t/ha,17.1263,t,698.9889999999957,s,7.381965454917353,km/h,5.53647409118801,ha/h,13.890891458333352,l,12.921978239754363,l/ha,71.54219773129532,l/h,88.20550824118887,t/h,88.2055082411888,t/h,0.4315205412107648,t/l,,,,,35.00000000000001,%,,,,,14.0,mm,0.0,l/t,0.0,l/t,0.0,l,0.0,l,,,,,2026-01-05 18:43:59.200,2026-01-05 18:55:45.184,,,ARROYITO,2026-01-01,2026-01-06,2026-10-06 12:59:28.137703,20261006_1259,2026-01-01 a 2026-01-06
COOPERATIVA AGROPECUARIA LTDA. DE BALNEARIA,2839981,Borsi Roberto (Carlitos),andretich,lote2,8500,1Z08500YTJ0619027,Emiliano,2,Cosecha de forraje: Maíz para ensilado - 5 ene 2026,Maíz para ensilado,8.215547048821449,ha,65.00000000000026,%,12.732769878666314,t/ha,104.60666999999964,t,36.37934251047516,t/ha,298.87619999999896,t,11093.749000000354,s,3.631516717684425,km/h,2.6658193267897143,ha/h,275.0802346388893,l,33.485195517368645,l/ha,89.2654813715334,l/h,96.98744040449856,t/h,96.98744040449856,t/h,0.3802769404254803,t/l,,,,,35.000000000000135,%,,,,,14.0,mm,0.0,l/t,0.0,l/t,0.0,l,0.0,l,,,,,2026-01-05 19:09:53.200,2026-01-05 22:15:56.970,,,ARROYITO,2026-01-01,2026-01-06,2026-10-06 12:59:28.137703,20261006_1259,2026-01-01 a 2026-01-06
COOPERATIVA AGROPECUARIA LTDA. DE BALNEARIA,2839981,Borsi Roberto (Carlitos),keral,lote1,8500,1Z08500YTJ0619027,Emiliano,2,Cosecha de forraje: Maíz para ensilado - 4 ene 2026,Maíz para ensilado,9.921419630248549,ha,65.00000000000028,%,12.216028503671296,t/ha,121.20034500000018,t,34.9029385819178,t/ha,346.2866999999986,t,10394.55000000072,s,4.633886065005026,km/h,3.436046377572586,ha/h,246.122792986112,l,24.80787848154216,l/ha,85.24102099176399,l/h,119.93132170222982,t/h,119.9313217022299,t/h,0.4924385244028934,t/l,,,,,35.00000000000012,%,,,,,14.0,mm,0.0,l/t,0.0,l/t,0.0,l,0.0,l,,,,,2026-01-04 07:52:55.000,2026-01-04 10:47:14.610,,,ARROYITO,2026-01-01,2026-01-06,2026-10-06 12:59:28.137703,20261006_1259,2026-01-01 a 2026-01-06
COOPERATIVA AGROPECUARIA LTDA. DE BALNEARIA,2839981,Borsi Roberto (Carlitos),tambo,lote1,8500,1Z08500YTJ0619027,Emiliano,2,Cosecha de forraje: Maíz para ensilado - 4 ene 2026,Maíz para ensilado,14.335895745677949,ha,64.99999999999997,%,11.7238596723662,t/ha,168.07202999999984,t,33.49674192104633,t/ha,480.2058000000002,t,18632.632000000693,s,3.7846479804875375,km/h,2.769511112226002,ha/h,390.9947798194438,l,27.276970957483886,l/ha,75.54387417461707,l/h,92.77786841923005,t/h,92.77786841923005,t/h,0.4298462886834742,t/l,,,,,35.000000000000014,%,,,,,14.0,mm,0.0,l/t,0.0,l/t,0.0,l,0.0,l,,,,,2026-01-04 16:18:46.200,2026-01-06 08:24:37.146,,,ARROYITO,2026-01-01,2026-01-06,2026-10-06 12:59:28.137703,20261006_1259,2026-01-01 a 2026-01-06
COOPERATIVA AGROPECUARIA LTDA. DE BALNEARIA,2839981,Borsi Roberto (Carlitos),tambo,lote2,8500,1Z08500YTJ0619027,Emiliano,2,Cosecha de forraje: Maíz para ensilado - 6 ene 2026,Maíz para ensilado,4.08836872710228,ha,64.99999999999984,%,18.951758065842835,t/ha,77.48177500000023,t,54.14788018812237,t/ha,221.3765000000006,t,5323.791000000143,s,3.8480556936215855,km/h,2.764324387228466,ha/h,134.98111144444434,l,33.01912023656951,l/ha,91.27555931477907,l/h,149.6969734536872,t/h,149.69697345368695,t/h,0.5740193881266864,t/l,,,,,34.999999999999915,%,,,,,14.0,mm,0.0,l/t,0.0,l/t,0.0,l,0.0,l,,,,,2026-01-06 08:34:25.200,2026-01-06 10:04:16.959,,,ARROYITO,2026-01-01,2026-01-06,2026-10-06 12:59:28.137703,20261006_1259,2026-01-01 a 2026-01-06
TRANSILOS SA,492425,Bruno,Plaza bruno,Lote 12 maiz,8600,1Z08600YCKF620026,Operador desconocido,,Cosecha de forraje: Maíz para ensilado - 6 ene 2026,Maíz para ensilado,0.01221029375082,ha,65.00000000000001,%,3.926228214448439,t/ha,0.0479403998311733,t,11.217794898424112,t/ha,0.1369725709462095,t,10.400000000000002,s,6.076162389466147,km/h,4.226640144514644,ha/h,0.1714864490740741,l,14.044416340315836,l/ha,59.36069391025639,l/h,47.41358225061098,t/h,47.41358225061098,t/h,0.2795579481062397,t/l,,,,,35.00000000000001,%,,,,,19.9898,mm,0.7400233375148471,l/t,,,0.1013628990996031,l,,,,,,,2026-01-06 11:30:37.771,2026-01-06 11:37:33.756,,,ARROYITO,2026-01-01,2026-01-06,2026-10-06 12:59:28.137703,20261006_1259,2026-01-01 a 2026-01-06
TRANSILOS SA,492425,Bruno,Plazaa bruno,"30, velasco alfa",8600,1Z08600YCKF620026,Operador desconocido,,Cosecha de forraje: Alfalfa - 2 ene 2026,Alfalfa,14.42907033116852,ha,64.86618566946677,%,1.9174434025742724,t/ha,27.66692571177925,t,5.457544075730638,t/ha,78.74728730416948,t,4945.813999998395,s,11.605892914222355,km/h,10.50275105214747,ha/h,86.64044833101836,l,6.004575925024405,l/ha,63.0645661142466,l/h,57.20122472261643,t/h,57.20122472261559,t/h,0.3174592308563042,t/l,,,,,35.13381433053362,%,,,,,21.99639999999395,mm,,,,,,,,,,,,,2026-01-02 12:43:57.795,2026-01-02 14:28:56.599,,,ARROYITO,2026-01-01,2026-01-06,2026-10-06 12:59:28.137703,20261006_1259,2026-01-01 a 2026-01-06
TRANSILOS SA,492425,Bruno,Plazaa bruno,"Ferrero lote 10, (33)",8600,1Z08600YCKF620026,Operador desconocido,,Cosecha de forraje: Maíz para ensilado - 6 ene 2026,Maíz para ensilado,32.6177041505313,ha,64.71215515483283,%,7.751149667203215,t/ha,252.82470667132364,t,21.965494637638088,t/ha,716.464005610561,t,23599.71900002133,s,6.961441616216741,km/h,4.97564123292201,ha/h,600.3074636958299,l,18.404344491120497,l/ha,91.5734153149456,l/h,108.55506343287462,t/h,108.555063432873,t/h,0.414905618942409,t/l,,,,,35.28784484516714,%,,,,,20.92843933303533,mm,0.3603857011420013,l/t,,,258.2033830049703,l,,,,,,,2026-01-06 11:20:06.792,2026-01-06 20:50:25.904,29.87327135721182,ha,ARROYITO,2026-01-01,2026-01-06,2026-10-06 12:59:28.137703,20261006_1259,2026-01-01 a 2026-01-06
TRANSILOS SA,492425,Bruno,Plazaa bruno,"Lote ,4  (26) alfa",8600,1Z08600YCKF620026,Operador desconocido,,Cosecha de forraje: Alfalfa - 2 ene 2026,Alfalfa,20.160064214167747,ha,64.81713188012792,%,2.2197474391311927,t/ha,44.750250912119256,t,6.309171360243488,t/ha,127.1932997606968,t,7206.5009999993235,s,11.130518650191872,km/h,10.07093888851337,ha/h,131.80999062962982,l,6.538173154081429,l/ha,65.84554227727291,l/h,63.34627787547476,t/h,63.346277875474485,t/h,0.3367152352250954,t/l,,,,,35.182868119871934,%,,,,,21.996399999995123,mm,,,,,,,,,,,,,2026-01-02 18:14:14.791,2026-01-02 21:46:48.012,,,ARROYITO,2026-01-01,2026-01-06,2026-10-06 12:59:28.137703,20261006_1259,2026-01-01 a 2026-01-06
TRANSILOS SA,492425,Bruno,Plazaa bruno,Lote2,8600,1Z08600YCKF620026,Operador desconocido,,Cosecha de forraje: Maíz para ensilado - 6 ene 2026,Maíz para ensilado,0.2262694534876395,ha,64.99999999999986,%,5.435694849780641,t/ha,1.2299317029854426,t,15.530556713659005,t/ha,3.514090579958414,t,162.3599999999999,s,7.028960924521383,km/h,5.017061052941023,ha/h,3.831720986111112,l,16.93432731219474,l/ha,84.96055401576751,l/h,77.91775121859007,t/h,77.91775121859003,t/h,0.3209867595901671,t/l,,,,,34.99999999999999,%,,,,,19.98979999999991,mm,0.9453229145691974,l/t,,,3.3219503491064506,l,,,,,,,2026-01-06 11:39:16.956,2026-01-06 12:07:07.901,0.0372843179414563,ha,ARROYITO,2026-01-01,2026-01-06,2026-10-06 12:59:28.137703,20261006_1259,2026-01-01 a 2026-01-06
COOP DE PROV DE SERV AGROP SAN MARTIN LTDA,534599,Canello,Tambo,Casa norte,1Z08600YKRF627041,1Z08600YKRF627041,Operador desconocido,12,Cosecha de forraje: Maíz para ensilado - 6 ene 2026,Maíz para ensilado,0.5797752292864068,ha,67.03309109911017,%,2.1534304687686245,t/ha,1.2485056437826636,t,6.5320970044312885,t/ha,3.7871480384652014,t,267.5649999999993,s,13.029119633062104,km/h,7.800687030931098,ha/h,4.794105186063221,l,8.268903091916933,l/ha,64.50312510914218,l/h,47.98367078916558,t/h,47.98367078916559,t/h,0.2482272759391866,t/l,,,,,32.96690890088992,%,,,,,15.976599999999967,mm,,,,,,,,,,,,,2026-01-06 19:05:44.434,2026-01-06 20:16:59.084,0.2541741123363135,ha,ARROYITO,2026-01-01,2026-01-06,2026-10-06 12:59:28.137703,20261006_1259,2026-01-01 a 2026-01-06
COOP DE PROV DE SERV AGROP SAN MARTIN LTDA,534599,Canello,Tambo,Este 1,1Z08600YKRF627041,1Z08600YKRF627041,Operador desconocido,12,Cosecha de forraje: Maíz para ensilado - 6 ene 2026,Maíz para ensilado,0.0944039604555744,ha,71.20879200054715,%,2.854338092784116,t/ha,0.2694608204380313,t,9.913922655966225,t/ha,0.9359135623734588,t,40.59500000000002,s,11.619884594882276,km/h,8.371825536151428,ha/h,0.9105834189814817,l,9.64560612274305,l/ha,80.751331650039,l/h,82.99763085464828,t/h,82.99763085464832,t/h,0.2959210708442638,t/l,,,,,28.79120799945278,%,,,,,15.976600000000026,mm,,,,,,,,,,,,,2026-01-06 19:30:44.039,2026-01-06 19:31:53.829,,,ARROYITO,2026-01-01,2026-01-06,2026-10-06 12:59:28.137703,20261006_1259,2026-01-01 a 2026-01-06
COOP DE PROV DE SERV AGROP SAN MARTIN LTDA,534599,Canello M,Tambo,Sureste,1Z08600YKRF627041,1Z08600YKRF627041,Operador desconocido,12,Cosecha de forraje: Maíz para ensilado - 6 ene 2026,Maíz para ensilado,36.95632030181027,ha,62.99916339672687,%,3.5994571851068207,t/ha,133.02269264546004,t,9.728042702656948,t/ha,359.51266202907823,t,14997.93600000086,s,12.981166536005986,km/h,8.870737485911274,ha/h,361.1803345146094,l,9.773168204111329,l/ha,86.69520954433467,l/h,81.24250872830734,t/h,81.24250872830655,t/h,0.3485650883225274,t/l,,,,,37.00083660327419,%,,,,,15.976599999993896,mm,,,,,,,,,,,,,2026-01-06 15:38:43.044,2026-01-06 21:13:13.269,29.35908466457776,ha,ARROYITO,2026-01-01,2026-01-06,2026-10-06 12:59:28.137703,20261006_1259,2026-01-01 a 2026-01-06
COOPERATIVA AGROPECUARIA LTDA. DE BALNEARIA,2839981,"Cicare Ariel Atilio y Cicare, Darío.",Tambo Cicare,Lote 1.,8500,1Z08500YTJ0619027,Emiliano,2,Cosecha de forraje: Maíz para ensilado - 6 ene 2026,Maíz para ensilado,24.9015636995101,ha,65.0000000000001,%,9.232136019366171,t/ha,229.8946231687883,t,26.377531483903308,t/ha,656.8417804822514,t,19481.64700000081,s,6.205062367917079,km/h,4.600948518537835,ha/h,439.2641963611107,l,17.642302455305238,l/ha,81.17132534533303,l/h,121.37733579383764,t/h,121.3773357938376,t/h,0.5233629899118765,t/l,,,,,35.00000000000003,%,,,,,16.909701466296283,mm,0.0,l/t,0.0,l/t,0.0,l,0.0,l,,,,,2026-01-06 11:21:25.000,2026-01-06 18:01:27.404,,,ARROYITO,2026-01-01,2026-01-06,2026-10-06 12:59:28.137703,20261006_1259,2026-01-01 a 2026-01-06
SILAJES CORDES,330434,Cordero~3,La Laura,Lote 12,Picadora 3,1Z08500YCSF627259,Marcelo,1~2,Cosecha de forraje: Maíz para ensilado - 5 ene 2026,Maíz para ensilado,14.92433647431169,ha,62.75767782019872,%,11.609618854667453,t/ha,173.2658581255702,t,31.173187317959847,t/ha,465.2391365099788,t,11088.37799999841,s,6.90037610135642,km/h,4.845253237897413,ha/h,262.79189066925323,l,17.60880796713226,l/ha,85.31913381826007,l/h,145.39579067318874,t/h,145.39579067318917,t/h,0.6284816396862554,t/l,8.083076508496381,%,31.614530707148703,%,37.24232217980116,%,41.623023190320346,%,22.31623432389384,%,16.992600000000206,mm,,,0.0576664070738298,l/t,,,26.811560006695032,l,5.026785347977028,%,4.2798058959681216,%,2026-01-05 20:53:48.727,2026-01-06 17:32:06.816,9.05243688064733,ha,ARROYITO,2026-01-01,2026-01-06,2026-10-06 12:59:28.137703,20261006_1259,2026-01-01 a 2026-01-06
SILAJES CORDES,330434,Cordero~3,La Laura,Lote 15,Picadora 3,1Z08500YCSF627259,Marcelo,1~2,Cosecha de forraje: Maíz para ensilado - 6 ene 2026,Maíz para ensilado,12.036334011496406,ha,60.44219237243309,%,10.313839706567796,t/ha,124.14081964928408,t,26.07282942389444,t/ha,313.8212835707648,t,8926.918000000162,s,6.855116406724612,km/h,4.853841677652506,ha/h,191.149970165496,l,15.881429221088036,l/ha,77.08594305400514,l/h,122.53200779744192,t/h,122.53200779744226,t/h,0.6237659206354389,t/l,7.780899631618111,%,30.75744536627365,%,39.557807627566966,%,43.14527911451552,%,24.10699550883204,%,16.99246346504445,mm,,,0.079523326230129,l/t,,,24.9513727755172,l,4.780493499132694,%,4.234531532344559,%,2026-01-06 17:40:48.552,2026-01-06 21:59:49.036,5.781789276741792,ha,ARROYITO,2026-01-01,2026-01-06,2026-10-06 12:59:28.137703,20261006_1259,2026-01-01 a 2026-01-06
SILAJES CORDES,330434,Cordero~3,La Laura,Lote 7,Picadora 3,1Z08500YCSF627259,Marcelo,1~2,Cosecha de forraje: Maíz para ensilado - 5 ene 2026,Maíz para ensilado,18.34202706645438,ha,63.03695632442627,%,7.4005859629016175,t/ha,135.7417480391638,t,20.021581631255746,t/ha,367.2363921937188,t,11557.96499999864,s,8.794230946405069,km/h,5.712736856465929,ha/h,237.20892202544167,l,12.933257543803382,l/ha,73.88429704465223,l/h,112.0776220962359,t/h,112.0776220962348,t/h,0.5581067438019536,t/l,8.136902619632428,%,28.076412498850267,%,36.96304367557356,%,44.9680234154894,%,25.849186004212346,%,16.992148992846968,mm,,,0.0774162387606813,l/t,,,28.41929179668084,l,5.164164292363535,%,4.676969269241398,%,2026-01-05 16:13:53.483,2026-01-05 20:41:00.624,11.272973129507593,ha,ARROYITO,2026-01-01,2026-01-06,2026-10-06 12:59:28.137703,20261006_1259,2026-01-01 a 2026-01-06
SILAJES SAS,449524,Corrales,Cataneo Rossa,Rossa 1A,1Z08600YCRF625485,1Z08600YCRF625485,Juan,,Cosecha de forraje: Alfalfa - 5 ene 2026,Alfalfa,9.40033493110466,ha,44.91010880931319,%,2.783744568572106,t/ha,26.16813130722124,t,5.053095056834443,t/ha,47.5007859729531,t,3343.530999999945,s,11.151765198880293,km/h,10.121397334726815,ha/h,65.51655663659486,l,6.967729320971383,l/ha,70.54207180724367,l/h,50.27977740290964,t/h,50.27977740290947,t/h,0.3921296643145874,t/l,27.940615703476205,%,,,55.089891190687474,%,29.28860332519206,%,33.1934169041416,%,15.976600000001593,mm,1.8679192478723607,l/t,,,88.7276324079441,l,,,4.382770104775681,%,14.043586205486417,%,2026-01-05 02:29:55.334,2026-01-05 03:59:36.684,,,ARROYITO,2026-01-01,2026-01-06,2026-10-06 12:59:28.137703,20261006_1259,2026-01-01 a 2026-01-06
SILAJES SAS,449524,Corrales,Cataneo Rossa,Rossa 2,1Z08600YCRF625485,1Z08600YCRF625485,Juan,,Cosecha de forraje: Alfalfa - 5 ene 2026,Alfalfa,0.4879632837595635,ha,39.41059779133887,%,3.969872592990034,t/ha,1.93715206658251,t,6.552090709392362,t/ha,3.1971796980456246,t,178.38499999999937,s,10.165807075005386,km/h,9.847620716620982,ha/h,3.960095449317745,l,8.115560291353832,l/ha,79.91895965212282,l/h,55.1220099911886,t/h,55.12200999118858,t/h,0.4143108648055912,t/l,21.006235069654306,%,,,60.589402208660914,%,40.052012155778,%,34.35549907834909,%,15.97660000000026,mm,1.801396013317253,l/t,,,5.759386761918254,l,,,2.893218236747735,%,11.717831583862212,%,2026-01-05 04:05:08.643,2026-01-05 04:09:28.213,,,ARROYITO,2026-01-01,2026-01-06,2026-10-06 12:59:28.137703,20261006_1259,2026-01-01 a 2026-01-06
SILAJES SAS,449524,Corrales,Cataneo Rossa,Rossa 6,1Z08400YJGF515635,1Z08400YJGF515635,Mayco,2,Cosecha de forraje: Alfalfa - 5 ene 2026,Alfalfa,28.59049387408448,ha,31.3485598332356,%,6.419629589471892,t/ha,183.54038045168755,t,9.3510486799368,t/ha,267.3510999999988,t,13013.840000001112,s,11.38398417052995,km/h,7.908813856153209,ha/h,196.02019331944268,l,6.85624766461227,l/ha,54.2247865311036,l/h,73.95695352024595,t/h,73.95695352024605,t/h,0.9363340446898862,t/l,21.58079363765865,%,,,68.65144016676477,%,51.30753524567994,%,41.75982191929175,%,18.0,mm,0.24001679749847,l/t,0.0,l/t,64.16875482969309,l,0.0,l,0.7959126359007884,%,,,2026-01-05 22:14:50.400,2026-01-06 01:53:57.168,,,ARROYITO,2026-01-01,2026-01-06,2026-10-06 12:59:28.137703,20261006_1259,2026-01-01 a 2026-01-06
SILAJES SAS,449524,Corrales,Delias,Delias,1Z08600YCRF625485,1Z08600YCRF625485,Juan,,Cosecha de forraje: Alfalfa - 4 ene 2026,Alfalfa,16.12686182108248,ha,34.56059223252901,%,4.3401319572220265,t/ha,69.99270835938388,t,6.632291008262136,t/ha,106.95804064745128,t,7508.92999999806,s,8.703562793180168,km/h,7.731584685955526,ha/h,116.10554962484704,l,7.199608922607637,l/ha,55.66438609090223,l/h,50.90785407537734,t/h,50.9078540753771,t/h,0.5978812031683739,t/l,22.929434604208147,%,,,65.43940776747206,%,42.68531033361864,%,37.69739506695705,%,15.976599999997015,mm,0.5295763596344537,l/t,,,56.63244089480511,l,,,0.2363431949873992,%,12.700476103472068,%,2026-01-04 23:35:07.579,2026-01-05 02:05:11.914,,,ARROYITO,2026-01-01,2026-01-06,2026-10-06 12:59:28.137703,20261006_1259,2026-01-01 a 2026-01-06
MEDITERRANEA FORRAJES SRL,5937812,Depetrini,Coco,Maiz05/01/2026 lote entrada,8600,1Z08600YCRF625499,Operador desconocido,VARIEDAD1,Cosecha de forraje: Maíz para ensilado - 5 ene 2026,Maíz para ensilado,14.27192835569965,ha,61.71496297435263,%,7.419657219995078,t/ha,105.8928162676194,t,19.38004451980688,t/ha,276.59060691695333,t,8151.741999998296,s,9.027444920383514,km/h,6.302817493552903,ha/h,185.55014474386064,l,13.001056347775084,l/ha,81.94328538342306,l/h,120.29361544329674,t/h,120.29361544329676,t/h,0.5607105934096731,t/l,,,,,38.285037025647526,%,,,,,16.99260000000022,mm,,,,,,,,,,,,,2026-01-05 19:09:01.838,2026-01-05 21:52:08.243,0.2324655899116109,ha,ARROYITO,2026-01-01,2026-01-06,2026-10-06 12:59:28.137703,20261006_1259,2026-01-01 a 2026-01-06
MEDITERRANEA FORRAJES SRL,5937812,Depetrini,Tapera,Maiz,8600,1Z08600YCRF625499,Operador desconocido,VARIEDAD1,Cosecha de forraje: Maíz para ensilado - 5 ene 2026,Maíz para ensilado,13.791248432866222,ha,63.37705446722992,%,5.272853784362567,t/ha,72.71923649032298,t,14.397678033965098,t/ha,198.5619546228336,t,6196.364999998066,s,11.3923808939445,km/h,8.012519333243445,ha/h,137.27207880208277,l,9.952385892874114,l/ha,79.75312682317062,l/h,112.09324662893384,t/h,112.09324662893368,t/h,0.5141993027759117,t/l,,,,,36.622945532769336,%,,,,,16.99260000000076,mm,,,,,,,,,,,,,2026-01-05 16:40:31.697,2026-01-05 18:55:50.938,,,ARROYITO,2026-01-01,2026-01-06,2026-10-06 12:59:28.137703,20261006_1259,2026-01-01 a 2026-01-06
COOP DE PROV DE SERV AGROP SAN MARTIN LTDA,534599,Diego G,Casa,20 parisia,1Z08600YKRF627041,1Z08600YKRF627041,Operador desconocido,12,Cosecha de forraje: Maíz para ensilado - 3 ene 2026,Maíz para ensilado,20.190598980692148,ha,54.38512523025632,%,12.902424298647096,t/ha,260.5076748927217,t,28.28556334699081,t/ha,571.1024664820557,t,13990.478000000752,s,7.4837160759612225,km/h,5.195401924830098,ha/h,410.1978242716466,l,20.316278118539884,l/ha,105.55123044243751,l/h,141.31074608617146,t/h,141.31074608617303,t/h,0.6132757119516674,t/l,,,,,45.61487476974706,%,,,,,12.979400000014753,mm,0.1096776935564151,l/t,,,62.637201308131786,l,,,,,,,2026-01-03 19:10:48.377,2026-01-04 00:32:04.247,16.417907775660574,ha,ARROYITO,2026-01-01,2026-01-06,2026-10-06 12:59:28.137703,20261006_1259,2026-01-01 a 2026-01-06
COOP DE PROV DE SERV AGROP SAN MARTIN LTDA,534599,Diego G,Parisia,25,1Z08600YKRF627041,1Z08600YKRF627041,Operador desconocido,12,Cosecha de forraje: Maíz para ensilado - 3 ene 2026,Maíz para ensilado,13.88313362812186,ha,63.06101341957662,%,8.2616376404497,t/ha,114.69741934948458,t,22.36563155966049,t/ha,310.5050516201061,t,7905.764999997647,s,9.092364752613154,km/h,6.32187790318219,ha/h,229.46931589592623,l,16.528639862049005,l/ha,104.49204311354978,l/h,135.68450018998146,t/h,135.6845001899819,t/h,0.4810361151700552,t/l,,,,,36.93898658042257,%,,,,,13.079898258253618,mm,0.0819592360036065,l/t,,,25.44875680604433,l,,,,,,,2026-01-03 16:14:42.737,2026-01-03 18:59:58.657,11.205690247292956,ha,ARROYITO,2026-01-01,2026-01-06,2026-10-06 12:59:28.137703,20261006_1259,2026-01-01 a 2026-01-06
TRANSILOS SA,492425,Eduardo minetti,Miguel angel,",Lote 16, alfa 40 hts",8600,1Z08600YCKF620026,Operador desconocido,,Cosecha de forraje: Alfalfa - 3 ene 2026,Alfalfa,36.87298233721361,ha,64.87457820059048,%,2.882640082418701,t/ha,106.29153684356876,t,8.206705954680318,t/ha,302.60572371363315,t,14183.74399999596,s,10.366261747220069,km/h,9.358793870928052,ha/h,278.567406427931,l,7.554783713461396,l/ha,70.70366351372665,l/h,76.64944982562545,t/h,76.6494498256247,t/h,0.3794330605479908,t/l,,,,,35.125421799409466,%,,,,,21.99640000000933,mm,,,,,,,,,,,,,2026-01-03 12:03:42.974,2026-01-03 21:18:55.220,,,ARROYITO,2026-01-01,2026-01-06,2026-10-06 12:59:28.137703,20261006_1259,2026-01-01 a 2026-01-06
EL PRADO SA,573387,Escareladi,1,1,EQUIPO1-Juan 3491411923,1Z08600YLLF621030,Operador desconocido,,Cosecha de forraje: Alfalfa - 3 ene 2026,Alfalfa,1.363229091872938,ha,57.63129391644912,%,6.813254177328356,t/ha,9.288026304858835,t,16.08086440943617,t/ha,21.92190218540752,t,1033.785999999993,s,6.980464970488538,km/h,4.747234660502858,ha/h,23.382692192294986,l,17.152430454788448,l/ha,81.42661236683654,l/h,72.04018204045212,t/h,72.04018204045208,t/h,0.3724846787914384,t/l,,,,,42.36870608355088,%,,,,,13.995399999999904,mm,1.0660800089522395,l/t,,,21.654318680457823,l,,,,,,,2026-01-03 11:28:43.914,2026-01-03 16:29:18.000,0.5032838845979166,ha,ARROYITO,2026-01-01,2026-01-06,2026-10-06 12:59:28.137703,20261006_1259,2026-01-01 a 2026-01-06
visconti,418068,Francisca,Oeste u,Hermana camino sur,Visconti,1Z08500YKHF516569,Operador desconocido,1,Cosecha de forraje: Maíz para ensilado - 6 ene 2026,Maíz para ensilado,23.704129158730023,ha,0.0,%,18.995043001106826,t/ha,450.260952673867,t,18.995043001106826,t/ha,450.2609526738671,t,14119.158999996736,s,10.294681637063652,km/h,6.04390565836466,ha/h,291.12190640250964,l,12.281457929738796,l/ha,74.22813660851045,l/h,112.41099977601726,t/h,112.4109997760176,t/h,1.5143421833734427,t/l,,,,,99.99999999999976,%,,,,,13.502057913488226,mm,,,,,,,,,,,,,2026-01-06 15:37:34.488,2026-01-06 20:13:41.649,15.99557804031101,ha,ARROYITO,2026-01-01,2026-01-06,2026-10-06 12:59:28.137703,20261006_1259,2026-01-01 a 2026-01-06
visconti,418068,Francisca,Oeste u,Oeste u,Visconti,1Z08500YKHF516569,Operador desconocido,1,Cosecha de forraje: Maíz para ensilado - 6 ene 2026,Maíz para ensilado,18.127748010706554,ha,0.0,%,22.545638304236924,t/ha,408.7016499197405,t,22.545638304236924,t/ha,408.7016499197405,t,12356.429999996662,s,8.964271002155604,km/h,5.281452073015072,ha/h,274.16797259206504,l,15.124215784008769,l/ha,79.8778208051756,l/h,116.19618919343236,t/h,116.19618919343264,t/h,1.4546740011452854,t/l,,,,,99.99999999999872,%,,,,,13.995399999993069,mm,,,,,,,,,,,,,2026-01-06 10:15:42.400,2026-01-06 14:29:35.408,0.5500640869277205,ha,ARROYITO,2026-01-01,2026-01-06,2026-10-06 12:59:28.137703,20261006_1259,2026-01-01 a 2026-01-06
COOP DE PROV DE SERV AGROP SAN MARTIN LTDA,534599,Fym monzoni,Casa,Tapera 3,1Z08600YKRF627041,1Z08600YKRF627041,Operador desconocido,12,Cosecha de forraje: Maíz para ensilado - 6 ene 2026,Maíz para ensilado,0.0430095728772306,ha,65.39665599365311,%,8.681574617031545,t/ha,0.3733908161803344,t,25.08883134369665,t/ha,1.0790599200812707,t,40.395000000000046,s,6.896925962282156,km/h,3.833010579478401,ha/h,0.8527063958333334,l,19.82596754139721,l/ha,75.993143334571,l/h,65.4205224945293,t/h,65.42052249452931,t/h,0.3049113238932076,t/l,,,,,34.60334400634698,%,,,,,15.97660000000001,mm,,,,,,,,,,,,,2026-01-06 07:39:52.610,2026-01-06 07:57:30.080,,,ARROYITO,2026-01-01,2026-01-06,2026-10-06 12:59:28.137703,20261006_1259,2026-01-01 a 2026-01-06
MEDITERRANEA FORRAJES SRL,5937812,Gabrielloni Pablo,Tambo,Maiz06/012026 loteNE,8600,1Z08600YCRF625499,Operador desconocido,VARIEDAD1,Cosecha de forraje: Maíz para ensilado - 6 ene 2026,Maíz para ensilado,18.97745299965226,ha,61.77733579644509,%,11.127633785575227,t/ha,211.17414716309645,t,29.112658726023923,t/ha,552.4841126680352,t,11476.71099999656,s,8.189648843060066,km/h,5.952823138856537,ha/h,316.59405927156365,l,16.68264225327624,l/ha,99.30881882256816,l/h,169.69273435004288,t/h,169.69273435004328,t/h,0.6516883175716591,t/l,,,,,38.22266420355562,%,,,,,16.99260000000014,mm,,,,,,,,,,,,,2026-01-06 17:44:56.424,2026-01-06 22:07:40.118,14.428233002751517,ha,ARROYITO,2026-01-01,2026-01-06,2026-10-06 12:59:28.137703,20261006_1259,2026-01-01 a 2026-01-06
COOPERATIVA TAMBERA LAS CAÑITAS LTDA,526845,Gandola adrian,,1,8500,1Z08500YHRF625480,Santiago,,Cosecha de forraje: Alfalfa - 3 ene 2026,Alfalfa,21.24041059198635,ha,64.90854983404596,%,4.130736713159908,t/ha,87.73854383490857,t,11.771347988255684,t/ha,250.02826449170328,t,8883.963999997619,s,9.607428665721187,km/h,8.606715569451623,ha/h,194.7506819068749,l,9.169322480239025,l/ha,78.91775055199928,l/h,99.10053298784705,t/h,99.10053298784544,t/h,0.4395105828934149,t/l,15.63013441496414,%,,,35.09145016595465,%,53.44401945750232,%,34.567862898094816,%,18.455884390223986,mm,0.3641488329468085,l/t,,,90.99990682543636,l,,,8.06300167544899,%,9.589763073072325,%,2026-01-03 13:14:01.009,2026-01-03 18:27:00.597,14.640330931121383,ha,ARROYITO,2026-01-01,2026-01-06,2026-10-06 12:59:28.137703,20261006_1259,2026-01-01 a 2026-01-06
COOPERATIVA AGROPECUARIA LTDA. DE BALNEARIA,2839981,"Gaviglio, Fernando Gabriel",Casa Gaviglio F.,Lote 1,8600,1Z08600YEMF622022,Operador desconocido,Alfa,Cosecha de forraje: Alfalfa - 3 ene 2026,Alfalfa,4.563277501414844,ha,79.82199832130901,%,4.526692138792207,t/ha,20.656552392781915,t,22.433798008712493,t/ha,102.37164572444286,t,3184.53600000019,s,7.720797784376586,km/h,5.158616201886881,ha/h,69.87775887308642,l,15.313063659052329,l/ha,78.99421829211417,l/h,112.69972959797674,t/h,112.69972959797671,t/h,0.2830813450059817,t/l,,,,,20.178001678691302,%,,,,,17.983200000001883,mm,,,0.0947836183457916,l/t,,,9.703154997776204,l,,,,,2026-01-03 12:36:17.188,2026-01-03 13:51:51.094,2.61937642327978,ha,ARROYITO,2026-01-01,2026-01-06,2026-10-06 12:59:28.137703,20261006_1259,2026-01-01 a 2026-01-06
COOPERATIVA AGROPECUARIA LTDA. DE BALNEARIA,2839981,"Gaviglio, Fernando Gabriel",Casa Gaviglio F.,Lote 3,8600,1Z08600YEMF622022,Operador desconocido,Alfa,Cosecha de forraje: Alfalfa - 3 ene 2026,Alfalfa,5.535389267172256,ha,80.25332092457589,%,4.428235231690216,t/ha,24.51200577401207,t,22.425214967925285,t/ha,124.13229424748424,t,3778.121999999994,s,7.443980411558587,km/h,5.274419767762866,ha/h,83.95911128401026,l,15.16769774113843,l/ha,80.00080479731412,l/h,112.89995943658214,t/h,112.89995943658252,t/h,0.273513200720622,t/l,,,,,19.74667907542448,%,,,,,17.983200000002203,mm,,,0.0968680535652826,l/t,,,12.024453728346732,l,,,,,2026-01-03 10:32:39.144,2026-01-03 12:24:17.196,4.300819699387974,ha,ARROYITO,2026-01-01,2026-01-06,2026-10-06 12:59:28.137703,20261006_1259,2026-01-01 a 2026-01-06
COOPERATIVA TAMBERA LAS CAÑITAS LTDA,526845,Ghiano,,1,8500,1Z08500YHRF625480,Santiago,,Cosecha de forraje: Alfalfa - 3 ene 2026,Alfalfa,22.179053502140263,ha,64.93608289286722,%,3.9180042845798746,t/ha,86.89762664931183,t,11.173892159877768,t/ha,247.82635204107467,t,10840.081999997275,s,8.986693852796467,km/h,7.365564008623283,ha/h,213.3118341894682,l,9.61786939665961,l/ha,70.8410326676749,l/h,80.49201239282534,t/h,80.49201239282473,t/h,0.3976922188031355,t/l,16.41058178754838,%,,,35.06391710713221,%,48.89835730410815,%,34.20148159595096,%,18.07942975188438,mm,0.3690621059463472,l/t,,,91.4338278913974,l,,,8.735856516684288,%,10.038836755905448,%,2026-01-03 18:39:33.307,2026-01-04 12:09:12.112,2.55234481958898,ha,ARROYITO,2026-01-01,2026-01-06,2026-10-06 12:59:28.137703,20261006_1259,2026-01-01 a 2026-01-06
SILAJES SACANTA,425003,Gonella 05 01,Alarge,2,silaje sacanta sa,1Z08600YVSF627342,Operador desconocido,12,Cosecha de forraje: Alfalfa - 5 ene 2026,Alfalfa,25.44993043421741,ha,63.24991211655785,%,8.255316511107626,t/ha,210.09723092013547,t,22.46339257008153,t/ha,571.6917782250913,t,14428.843999998022,s,8.082199489997155,km/h,6.349763679141304,ha/h,295.2715433545675,l,11.602056992563568,l/ha,73.67032009470661,l/h,120.88977328773,t/h,120.88977328772955,t/h,0.6062341702952627,t/l,,,,,36.75008788344247,%,,,,,16.397749488073938,mm,,,,,,,,,,,,,2026-01-05 14:40:54.324,2026-01-06 17:31:58.830,,,ARROYITO,2026-01-01,2026-01-06,2026-10-06 12:59:28.137703,20261006_1259,2026-01-01 a 2026-01-06
SILAJES SACANTA,425003,Gonella 05 01,Alarge,Lote 1,silaje sacanta sa,1Z08600YVSF627342,Operador desconocido,12,Cosecha de forraje: Alfalfa - 5 ene 2026,Alfalfa,22.72032492083285,ha,63.63178988696422,%,5.137130938397543,t/ha,116.71728408125512,t,14.125333422874258,t/ha,320.9321649828032,t,10594.120999998398,s,9.210141221346817,km/h,7.720618795557256,ha/h,208.7782502598809,l,9.189052136681426,l/ha,70.94516863982267,l/h,105.75865793212544,t/h,105.75865793212655,t/h,0.5381631735405458,t/l,,,,,36.36821011303414,%,,,,,17.47277435062864,mm,,,,,,,,,,,,,2026-01-05 09:33:47.388,2026-01-05 14:11:57.538,,,ARROYITO,2026-01-01,2026-01-06,2026-10-06 12:59:28.137703,20261006_1259,2026-01-01 a 2026-01-06
SILAJES SACANTA,425003,gonella alfa,tordilla,2,silaje sacanta sa,1Z08600YVSF627342,Operador desconocido,12,Cosecha de forraje: Alfalfa - 6 ene 2026,Alfalfa,5.780906259737744,ha,70.34841227897732,%,9.450594029061966,t/ha,54.63299818084447,t,31.872134868385427,t/ha,184.2498239718549,t,4347.120999999985,s,6.709723821477235,km/h,4.787366750328735,ha/h,102.19354550126496,l,17.677772465021988,l/ha,84.62998011892398,l/h,149.2838302881661,t/h,149.28383028816515,t/h,0.5165395393745961,t/l,,,,,29.65158772102261,%,,,,,17.983199999998686,mm,,,,,,,,,,,,,2026-01-06 18:43:23.878,2026-01-06 20:14:03.418,,,ARROYITO,2026-01-01,2026-01-06,2026-10-06 12:59:28.137703,20261006_1259,2026-01-01 a 2026-01-06
visconti,418068,Gonzalez fer,Tambo,Alfa  vieja,Visconti,1Z08500YKHF516569,Operador desconocido,1,Cosecha de forraje: Maíz para ensilado - 3 ene 2026,Maíz para ensilado,19.18656281424069,ha,0.0,%,32.32940314747685,t/ha,620.2901242359752,t,32.32940314747685,t/ha,620.2901242359752,t,17621.361999993496,s,6.7857640424665,km/h,3.919766595300018,ha/h,448.2977883423919,l,23.362438484739084,l/ha,91.58611224451404,l/h,123.42440711199534,t/h,123.42440711199488,t/h,1.347632343891625,t/l,,,,,99.9999999999996,%,,,,,15.12537401001286,mm,,,,,,,,,,,,,2026-01-03 07:56:05.564,2026-01-03 14:09:05.299,10.327015755461948,ha,ARROYITO,2026-01-01,2026-01-06,2026-10-06 12:59:28.137703,20261006_1259,2026-01-01 a 2026-01-06
visconti,418068,Grella,Tambo,Bolsa sur,Visconti,1Z08500YKHF516569,Operador desconocido,1,Cosecha de forraje: Maíz para ensilado - 5 ene 2026,Maíz para ensilado,19.42347455158461,ha,0.0,%,35.008416003197546,t/ha,679.985077329395,t,35.008416003197546,t/ha,679.985077329395,t,21198.617999995,s,5.565834523102046,km/h,3.29854089477547,ha/h,475.0336986521136,l,24.45503204939297,l/ha,80.671358630454,l/h,111.83823943254502,t/h,111.83823943254436,t/h,1.3863438193084152,t/l,,,,,99.99999999999964,%,,,,,13.617403367022067,mm,,,,,,,,,,,,,2026-01-05 11:54:15.943,2026-01-05 19:56:11.555,1.5801417038501626,ha,ARROYITO,2026-01-01,2026-01-06,2026-10-06 12:59:28.137703,20261006_1259,2026-01-01 a 2026-01-06
COOPERATIVA AGROPECUARIA LTDA. DE BALNEARIA,2839981,"Grosso, Silvina Soledad",Tambo Grosso S.,Lote 2,8600,1Z08600YEMF622022,Operador desconocido,Alfa,Cosecha de forraje: Alfalfa - 3 ene 2026,Alfalfa,9.615781464433192,ha,66.08306547037414,%,5.350013123437238,t/ha,51.44455702682213,t,15.773869890169784,t/ha,151.67808571227548,t,6614.588999999622,s,7.351006508023515,km/h,5.233403507302131,ha/h,124.6861703455984,l,12.966826545173388,l/ha,67.86063552008785,l/h,80.97650167288553,t/h,80.97650167288516,t/h,0.4015132108166317,t/l,,,,,33.91693452962588,%,,,,,17.983200000002746,mm,,,0.1311778019557962,l/t,,,19.896797888598933,l,,,,,2026-01-03 07:11:24.391,2026-01-03 10:04:23.568,6.049440667085793,ha,ARROYITO,2026-01-01,2026-01-06,2026-10-06 12:59:28.137703,20261006_1259,2026-01-01 a 2026-01-06
COOPERATIVA AGROPECUARIA LTDA. DE BALNEARIA,2839981,"Grosso, Silvina Soledad",Tambo Grosso S.,Lote 3,8600,1Z08600YEMF622022,Operador desconocido,Alfa,Cosecha de forraje: Alfalfa - 2 ene 2026,Alfalfa,12.4313570022913,ha,66.52189792436637,%,5.576676085115643,t/ha,69.32565130021278,t,16.65768290124919,t/ha,207.0776029763922,t,6831.458000000053,s,9.355479470492549,km/h,6.551000563605667,ha/h,151.86030118656174,l,12.21590701309368,l/ha,80.02641372773101,l/h,105.59247853693408,t/h,105.59247853693492,t/h,0.4404493122225481,t/l,,,,,33.47810207563414,%,,,,,17.983200000002125,mm,,,0.0,l/t,,,0.0,l,,,,,2026-01-02 18:58:41.477,2026-01-02 22:04:32.246,8.164128785796288,ha,ARROYITO,2026-01-01,2026-01-06,2026-10-06 12:59:28.137703,20261006_1259,2026-01-01 a 2026-01-06
COOPERATIVA AGROPECUARIA LTDA. DE BALNEARIA,2839981,"Grosso, Silvina Soledad",Tambo Grosso S.,Lote 5,8600,1Z08600YEMF622022,Operador desconocido,Alfa,Cosecha de forraje: Alfalfa - 2 ene 2026,Alfalfa,13.68369401378675,ha,69.49797967530499,%,5.365299243444213,t/ha,73.41711313969216,t,17.58997989749643,t/ha,240.6959026260012,t,8093.1859999972285,s,8.559463167455426,km/h,6.086762178658486,ha/h,168.39712105189196,l,12.306407968654142,l/ha,74.90617857874722,l/h,103.0554677146636,t/h,103.0554677146629,t/h,0.4173138876029801,t/l,,,,,30.50202032469557,%,,,,,17.98320000000341,mm,,,0.0315407980064002,l/t,,,7.591740845694913,l,,,,,2026-01-02 11:18:24.748,2026-01-02 18:04:43.932,11.341933966151762,ha,ARROYITO,2026-01-01,2026-01-06,2026-10-06 12:59:28.137703,20261006_1259,2026-01-01 a 2026-01-06
COOPERATIVA AGROPECUARIA LTDA. DE BALNEARIA,2839981,"Grosso, Silvina Soledad",Tambo Grosso S.,Lote 6,8600,1Z08600YEMF622022,Operador desconocido,Alfa,Cosecha de forraje: Alfalfa - 2 ene 2026,Alfalfa,2.589395043931291,ha,69.83325697338915,%,3.7194986169204327,t/ha,9.63125128456306,t,12.329798459314528,t/ha,31.92671902322071,t,1217.7819999999936,s,11.017132474823711,km/h,7.654754429079007,ha/h,24.65318109325396,l,9.520826554076049,l/ha,72.87958923330679,l/h,90.75149311198562,t/h,90.75149311198592,t/h,0.3735450534299085,t/l,,,,,30.166743026610835,%,,,,,17.9832000000004,mm,,,0.0,l/t,,,0.0,l,,,,,2026-01-02 18:16:45.527,2026-01-02 18:49:30.286,1.6082916267815797,ha,ARROYITO,2026-01-01,2026-01-06,2026-10-06 12:59:28.137703,20261006_1259,2026-01-01 a 2026-01-06
COOPERATIVA AGROPECUARIA LTDA. DE BALNEARIA,2839981,"Grosso, Silvina Soledad",Tambo Grosso S.,Lote 8,8600,1Z08600YEMF622022,Operador desconocido,Alfa,Cosecha de forraje: Alfalfa - 2 ene 2026,Alfalfa,0.4529722484398682,ha,68.15858856566736,%,6.103453006545361,t/ha,2.764694831621925,t,19.168286616730786,t/ha,8.682701887520379,t,333.5749999999927,s,6.965220625299771,km/h,4.888483481026882,ha/h,5.57722085416667,l,12.31268295308222,l/ha,60.190347223264425,l/h,73.78908837934732,t/h,73.78908837934733,t/h,0.381926414474812,t/l,,,,,31.84141143433253,%,,,,,17.983120464918507,mm,,,0.1350643449738247,l/t,,,1.1727234430409357,l,,,,,2026-01-02 11:18:24.748,2026-01-02 14:39:45.801,,,ARROYITO,2026-01-01,2026-01-06,2026-10-06 12:59:28.137703,20261006_1259,2026-01-01 a 2026-01-06
SILAJES CORDES,330434,Grupo Chiavassa,Elias,1,Picadora 1,1Z08500YAMF622083,Diego garcia,,Cosecha de forraje: Maíz para ensilado - 4 ene 2026,Maíz para ensilado,5.138390312687764,ha,71.27498798798895,%,16.812073963245375,t/ha,86.38699798893023,t,58.52764815630312,t/ha,300.7379003107459,t,7507.911999999321,s,3.424257757278529,km/h,2.4637967399827128,ha/h,191.0710023944836,l,37.18546639048821,l/ha,91.61743086762394,l/h,278.356639416285,t/h,278.3566394162859,t/h,0.865047908835865,t/l,7.011797329562502,%,26.364975387342177,%,28.725012012010687,%,43.98875027756022,%,25.41015578518596,%,18.99919999999968,mm,,,0.0192973799777847,l/t,,,11.618935804499872,l,6.352298512133721,%,5.950789968307921,%,2026-01-04 09:46:58.300,2026-01-04 13:02:24.936,1.2488806974086148,ha,ARROYITO,2026-01-01,2026-01-06,2026-10-06 12:59:28.137703,20261006_1259,2026-01-01 a 2026-01-06
SILAJES CORDES,330434,Grupo Chiavassa,Elias,Lote 1,Picadora 1,1Z08500YAMF622083,Diego garcia,,Cosecha de forraje: Maíz para ensilado - 4 ene 2026,Maíz para ensilado,0.0002465949999999,ha,0.0,%,0.0,t/ha,0.0,t,0.0,t/ha,0.0,t,1.005,s,1.034249067324179,km/h,0.8833253731343284,ha/h,0.0141718055555555,l,57.46996311991552,l/ha,50.76467661691545,l/h,0.0,t/h,0.0,t/h,0.0,t/l,0.0,%,0.0,%,0.0,%,0.0,%,0.0,%,18.99919999999998,mm,,,,,,,,,0.0,%,0.0,%,2026-01-04 09:46:57.096,2026-01-04 09:46:58.101,,,ARROYITO,2026-01-01,2026-01-06,2026-10-06 12:59:28.137703,20261006_1259,2026-01-01 a 2026-01-06
SILAJES CORDES,330434,Grupo Chiavassa,La Suerte,1,Picadora 1,1Z08500YAMF622083,Diego garcia,,Cosecha de forraje: Maíz para ensilado - 4 ene 2026,Maíz para ensilado,75.56281925763685,ha,67.08251477183154,%,16.825735353013307,t/ha,1271.3999993565749,t,51.114886925249024,t/ha,3862.384962107137,t,86627.71800011699,s,4.314562897659987,km/h,3.1401604241627106,ha/h,2361.4351867265395,l,31.25142470987497,l/ha,98.1344870726476,l/h,218.498015446666,t/h,218.4980154466633,t/h,0.7270335196671636,t/l,6.076794442758456,%,34.798609193050275,%,32.91748522816708,%,37.79187232498565,%,22.45468449587545,%,16.09397321751387,mm,,,0.0415926257671919,l/t,,,222.3431610331637,l,6.210075352608671,%,4.884366797502451,%,2026-01-04 13:18:20.706,2026-01-06 22:07:23.246,65.00348777937445,ha,ARROYITO,2026-01-01,2026-01-06,2026-10-06 12:59:28.137703,20261006_1259,2026-01-01 a 2026-01-06
SILAJES CORDES,330434,Grupo Mharnes,Giraudo Hnos.,Alfa 22,Picadora 2,1Z08500YJRF627030,Elias,1~3,Cosecha de forraje: Alfalfa - 3 ene 2026,Alfalfa,0.0622131974233689,ha,58.13075932179012,%,4.279898535824772,t/ha,0.266266172561254,t,10.222059121440369,t/ha,0.6359469821955183,t,34.40999999999998,s,7.242592128553753,km/h,6.508791360770943,ha/h,0.3884629861111111,l,6.244060781309311,l/ha,40.641288869514696,l/h,63.08360401683795,t/h,63.08360401683797,t/h,0.6101910673214869,t/l,21.73362651291903,%,,,41.86924067820989,%,28.61810696666075,%,28.80045207389081,%,13.995400000000012,mm,,,0.0484447337159718,l/t,,,0.0308082822099377,l,13.58437931973772,%,13.025555939456083,%,2026-01-03 13:23:48.356,2026-01-03 14:29:23.871,,,ARROYITO,2026-01-01,2026-01-06,2026-10-06 12:59:28.137703,20261006_1259,2026-01-01 a 2026-01-06
SILAJES CORDES,330434,Grupo Mharnes,Giraudo Hnos.,Atras Desvio,Picadora 2,1Z08500YJRF627030,Elias,1~3,Cosecha de forraje: Alfalfa - 3 ene 2026,Alfalfa,24.74835476554258,ha,60.36212526679734,%,2.575896204342869,t/ha,63.74919310429187,t,6.498572947416728,t/ha,160.82898877242684,t,8789.637999997138,s,11.197868001997303,km/h,10.136262398517374,ha/h,143.26038926529355,l,5.788683353802446,l/ha,58.675613416072686,l/h,63.67659169157938,t/h,63.67659169157935,t/h,0.4266607232454059,t/l,20.93816231051633,%,,,39.63787473320338,%,38.00298971695628,%,30.101120775953664,%,13.995399999998911,mm,,,0.0915555551354356,l/t,,,14.724787348930386,l,10.960446401309106,%,12.21988174032701,%,2026-01-03 13:23:37.755,2026-01-03 16:39:53.895,,,ARROYITO,2026-01-01,2026-01-06,2026-10-06 12:59:28.137703,20261006_1259,2026-01-01 a 2026-01-06
SILAJES CORDES,330434,Grupo Mharnes,Giraudo Hnos.,L7,Picadora 2,1Z08500YJRF627030,Elias,1~3,Cosecha de forraje: Alfalfa - 3 ene 2026,Alfalfa,15.958301557169776,ha,59.314062502340434,%,2.543884356958883,t/ha,40.59607369491678,t,6.252490451043942,t/ha,99.77912810108369,t,5856.120999999869,s,10.758203620242648,km/h,9.809902639821184,ha/h,85.68759454050954,l,5.369646717300978,l/ha,52.67571150695812,l/h,59.94146410921834,t/h,59.941464109218565,t/h,0.4588169622310148,t/l,22.802665104896075,%,,,40.68593749765986,%,32.487862954606,%,29.59305225654634,%,13.995239025276522,mm,,,0.0815921125543318,l/t,,,8.131602894250278,l,13.262965969494063,%,13.26607416418265,%,2026-01-03 10:36:07.123,2026-01-03 13:04:00.506,,,ARROYITO,2026-01-01,2026-01-06,2026-10-06 12:59:28.137703,20261006_1259,2026-01-01 a 2026-01-06
SILAJES CORDES,330434,Grupo Mharnes,Giraudo Hnos.,Lote 6~1,Picadora 2,1Z08500YJRF627030,Elias,1~3,Cosecha de forraje: Alfalfa - 3 ene 2026,Alfalfa,13.684233437752802,ha,60.62470904127642,%,2.629487693049456,t/ha,35.98252341338683,t,6.678014635640231,t/ha,91.38351117483064,t,5080.1989999994175,s,10.606995311008657,km/h,9.69693563104841,ha/h,80.02060474189832,l,5.8477539708981325,l/ha,56.70529384200626,l/h,62.53797913471506,t/h,62.53797913471532,t/h,0.4297064944334537,t/l,22.34413799471461,%,,,39.37529095872364,%,31.70407022519739,%,28.85134103040012,%,13.995399999998195,mm,,,0.0943883170300928,l/t,,,8.622468256673521,l,12.124214378465515,%,12.612664784305204,%,2026-01-03 08:47:01.922,2026-01-03 10:33:01.543,,,ARROYITO,2026-01-01,2026-01-06,2026-10-06 12:59:28.137703,20261006_1259,2026-01-01 a 2026-01-06
COOPERATIVA TAMBERA LAS CAÑITAS LTDA,526845,Guiano,,Lote alfa,8500,1Z08500YHRF625480,Santiago,,Cosecha de forraje: Alfalfa - 4 ene 2026,Alfalfa,2.101500464929297,ha,64.8880562147732,%,5.123386321428095,t/ha,10.766798736493543,t,14.591577022243063,t/ha,30.664205896295456,t,1200.8600000001052,s,8.568882636725789,km/h,6.299986404530767,ha/h,23.21671214994372,l,11.047683565811072,l/ha,69.60025626616732,l/h,89.00218299258687,t/h,89.00218299258637,t/h,0.4475668010226498,t/l,17.107654663552783,%,,,35.1119437852271,%,51.19027938006467,%,35.88846235392376,%,17.983200000000206,mm,0.3717384572998299,l/t,,,11.399064594213144,l,,,8.450112220929121,%,11.191409671389886,%,2026-01-04 12:13:58.482,2026-01-04 12:40:39.292,,,ARROYITO,2026-01-01,2026-01-06,2026-10-06 12:59:28.137703,20261006_1259,2026-01-01 a 2026-01-06
TRANSILOS SA,492425,HETOR BRUNO,PLAZA BRUNO,LOTE FERRERO 10,8600,1Z08600YCKF620026,Operador desconocido,,Cosecha de forraje: Maíz para ensilado - 6 ene 2026,Maíz para ensilado,0.2953233782882134,ha,64.99999999999987,%,5.247258422724179,t/ha,1.549638084150187,t,14.992166922069108,t/ha,4.427537383286255,t,232.00600000000003,s,6.394926091107781,km/h,4.5824856332921,ha/h,5.29846903009259,l,17.941244817136315,l/ha,82.21549661790353,l/h,68.70138953229868,t/h,68.70138953229869,t/h,0.2924690274396314,t/l,,,,,34.99999999999997,%,,,,,20.031387564766938,mm,0.5260199963618583,l/t,,,2.328973198248228,l,,,,,,,2026-01-06 11:21:58.787,2026-01-06 19:53:29.013,0.0041994894526976,ha,ARROYITO,2026-01-01,2026-01-06,2026-10-06 12:59:28.137703,20261006_1259,2026-01-01 a 2026-01-06
COOPERATIVA TAMBERA LAS CAÑITAS LTDA,526845,Javier Nigro,,Lote 9,8500,1Z08500YHRF625480,Santiago,,Cosecha de forraje: Alfalfa - 2 ene 2026,Alfalfa,7.976622480331163,ha,64.73633096896674,%,1.9568415400485724,t/ha,15.608986218797298,t,5.549171693752267,t/ha,44.263647679601696,t,3202.5750000001294,s,11.634038080018527,km/h,8.966485071915796,ha/h,55.70813627809373,l,6.983925391412119,l/ha,62.6212627654712,l/h,47.94095842660313,t/h,47.94095842660276,t/h,0.2679494904494808,t/l,23.200752959411204,%,,,35.26366903103349,%,35.75513225048705,%,34.389702611726506,%,18.156083515031543,mm,,,,,,,,,11.159725335303529,%,12.13575466589316,%,2026-01-02 17:19:33.269,2026-01-03 08:11:21.159,0.3816869685909526,ha,ARROYITO,2026-01-01,2026-01-06,2026-10-06 12:59:28.137703,20261006_1259,2026-01-01 a 2026-01-06
COOP DE PROV DE SERV AGROP SAN MARTIN LTDA,534599,Javier rho,Robledo,20 tambo,1Z08600YKRF627041,1Z08600YKRF627041,Operador desconocido,12,Cosecha de forraje: Maíz para ensilado - 4 ene 2026,Maíz para ensilado,18.200777501105605,ha,66.97333658172926,%,10.072293285905536,t/ha,183.32356902264647,t,30.4974594567534,t/ha,555.0774739213578,t,11419.945999995702,s,8.244030526518214,km/h,5.737575204296358,ha/h,335.5338550162712,l,18.43513855360785,l/ha,105.772993852951,l/h,163.4199578650015,t/h,163.4199578650018,t/h,0.5119241002828252,t/l,,,,,33.02666341827055,%,,,,,19.87135102335252,mm,0.0824374193787316,l/t,,,45.75915450534187,l,,,,,,,2026-01-04 08:10:51.118,2026-01-04 12:10:03.333,14.323767227164096,ha,ARROYITO,2026-01-01,2026-01-06,2026-10-06 12:59:28.137703,20261006_1259,2026-01-01 a 2026-01-06
COOP DE PROV DE SERV AGROP SAN MARTIN LTDA,534599,Javier rho,Robledo,27 oeste,1Z08600YKRF627041,1Z08600YKRF627041,Operador desconocido,12,Cosecha de forraje: Maíz para ensilado - 4 ene 2026,Maíz para ensilado,0.1399215533377238,ha,65.95120089182072,%,10.8229847353531,t/ha,1.5143688359210798,t,31.786685636008745,t/ha,4.447642429648257,t,112.59500000000024,s,6.662549008327878,km/h,4.473711905642405,ha/h,3.074548131944443,l,21.97337049656325,l/ha,98.30252919756629,l/h,133.0396446694814,t/h,133.03964466948142,t/h,0.457431877062404,t/l,,,,,34.048799108179345,%,,,,,19.98979999999985,mm,0.1257597822077504,l/t,,,0.5593345432905142,l,,,,,,,2026-01-04 08:19:27.653,2026-01-04 08:44:52.673,,,ARROYITO,2026-01-01,2026-01-06,2026-10-06 12:59:28.137703,20261006_1259,2026-01-01 a 2026-01-06
SILAJES CORDES,330434,Jorge Bergami,Ausonia,Maiz 1,Picadora 2,1Z08500YJRF627030,Elias,1~2,Cosecha de forraje: Maíz para ensilado - 4 ene 2026,Maíz para ensilado,1.0028232065009643,ha,62.63830474706239,%,10.42920503651606,t/ha,10.45864883597504,t,27.91416440263392,t/ha,27.992971853044423,t,1016.9870000000504,s,4.729185250429579,km/h,3.5493735351612687,ha/h,18.236861295749573,l,18.183791331886308,l/ha,64.5560864246003,l/h,98.9353155076627,t/h,98.93531550766272,t/h,0.5715547543916956,t/l,6.830761445832984,%,26.59072475520299,%,37.36169525293751,%,53.23975311351481,%,24.33520445747076,%,13.994021142857456,mm,,,0.0675283849589372,l/t,,,1.8903201794370743,l,6.43732517244452,%,3.500391441423478,%,2026-01-04 11:28:06.627,2026-01-04 11:45:30.617,,,ARROYITO,2026-01-01,2026-01-06,2026-10-06 12:59:28.137703,20261006_1259,2026-01-01 a 2026-01-06
SILAJES CORDES,330434,Jorge Bergami,Ausonia,Maiz 2,Picadora 2,1Z08500YJRF627030,Elias,1~2,Cosecha de forraje: Maíz para ensilado - 4 ene 2026,Maíz para ensilado,17.761164698317383,ha,55.99735808732866,%,14.733836807061495,t/ha,261.69010216834994,t,33.48398224884416,t/ha,594.7145234772568,t,14163.796999996945,s,6.360903844129146,km/h,4.514339828081079,ha/h,334.6869055323656,l,18.84374764927833,l/ha,85.06708052344854,l/h,147.20926697264966,t/h,147.2092669726487,t/h,0.76170792766811,t/l,6.1910903152553605,%,31.11174546580448,%,44.00264191267202,%,47.82983997987856,%,20.23469668156157,%,13.995399999997714,mm,,,0.0452413692244633,l/t,,,26.90569933978539,l,5.830543840861954,%,1.2095730243553149,%,2026-01-04 14:37:46.182,2026-01-04 22:02:26.982,10.76039549644405,ha,ARROYITO,2026-01-01,2026-01-06,2026-10-06 12:59:28.137703,20261006_1259,2026-01-01 a 2026-01-06
SILAJES CORDES,330434,Jorge Bergami,Ausonia,Maiz 2 parte 3,Picadora 2,1Z08500YJRF627030,Elias,1~2,Cosecha de forraje: Maíz para ensilado - 6 ene 2026,Maíz para ensilado,3.207928333266701,ha,56.78580618439034,%,13.913051660659267,t/ha,44.63207262443218,t,32.19555991261752,t/ha,103.28104884907133,t,2554.487000000075,s,6.379340490338882,km/h,4.5208850151752005,ha/h,61.57175484619583,l,19.19361919893508,l/ha,86.77214542344443,l/h,142.77633675310398,t/h,142.77633675310392,t/h,0.7107171035913089,t/l,6.962560288563041,%,26.84166728076305,%,43.21419381560968,%,50.37918586869452,%,20.493075971815163,%,13.995400000000169,mm,,,0.0468548388475321,l/t,,,4.839216899827347,l,5.934001322676767,%,1.576471969048659,%,2026-01-06 08:02:20.973,2026-01-06 08:55:55.377,0.7230455953342874,ha,ARROYITO,2026-01-01,2026-01-06,2026-10-06 12:59:28.137703,20261006_1259,2026-01-01 a 2026-01-06
SILAJES CORDES,330434,Jorge Bergami,Ausonia,Maiz 3,Picadora 2,1Z08500YJRF627030,Elias,1~2,Cosecha de forraje: Maíz para ensilado - 5 ene 2026,Maíz para ensilado,10.454369258504666,ha,59.949102164671785,%,13.169568669463112,t/ha,137.67953384580136,t,32.88208100505192,t/ha,343.761416814875,t,8256.438999999658,s,6.487323310582166,km/h,4.558311112407798,ha/h,194.67704806657423,l,18.62175091810508,l/ha,84.88373414249146,l/h,145.22581614064515,t/h,145.22581614064583,t/h,0.6861978758919121,t/l,7.269357743129468,%,25.26012133206597,%,40.05089783532802,%,51.10502335378103,%,22.064471739266576,%,13.995221213594368,mm,,,0.0459211682033334,l/t,,,15.78592584337206,l,6.094373233923392,%,2.452477236504852,%,2026-01-05 06:51:40.614,2026-01-05 09:53:24.074,5.606773514425044,ha,ARROYITO,2026-01-01,2026-01-06,2026-10-06 12:59:28.137703,20261006_1259,2026-01-01 a 2026-01-06
SILAJES CORDES,330434,Jorge Bergami,Ausonia,Maiz lote 14,Picadora 2,1Z08500YJRF627030,Elias,1~2,Cosecha de forraje: Maíz para ensilado - 5 ene 2026,Maíz para ensilado,16.695884881942376,ha,60.196874388467485,%,10.656385134309472,t/ha,177.917779460073,t,26.77273447897735,t/ha,446.9944928358154,t,13059.406000000296,s,6.625647903205007,km/h,4.602373479390379,ha/h,284.34393714241133,l,17.03104086909793,l/ha,78.3832108223497,l/h,120.105667602643,t/h,120.10566760264314,t/h,0.6097599149674052,t/l,6.412412124227483,%,26.299666242058265,%,39.80312561153278,%,50.59957728350883,%,22.387773529321407,%,13.995400000000274,mm,,,0.0554025757245287,l/t,,,24.75999247922808,l,5.987498408207446,%,2.6304933495730745,%,2026-01-05 14:13:06.888,2026-01-06 07:45:50.892,6.479893686387315,ha,ARROYITO,2026-01-01,2026-01-06,2026-10-06 12:59:28.137703,20261006_1259,2026-01-01 a 2026-01-06
SILAJES CORDES,330434,Jorge Bergami,Ausonia,Maiz parte del 2,Picadora 2,1Z08500YJRF627030,Elias,1~2,Cosecha de forraje: Maíz para ensilado - 5 ene 2026,Maíz para ensilado,0.9635588105500532,ha,57.2407173894548,%,14.460002484374328,t/ha,13.933062794394544,t,33.81722424128863,t/ha,32.5848843660405,t,824.6820000000198,s,6.0332277835295445,km/h,4.206241579154211,ha/h,18.23360316045988,l,18.923186587906525,l/ha,79.59549423614686,l/h,135.4551274597233,t/h,135.4551274597237,t/h,0.7312872744357424,t/l,6.169163957208261,%,30.250093561122537,%,42.75928261054499,%,48.84484445572243,%,21.09936822008853,%,13.995400000000316,mm,,,0.0487922157654982,l/t,,,1.589888708681663,l,5.901897728812146,%,1.7101772352437905,%,2026-01-05 11:07:11.718,2026-01-05 11:28:01.554,,,ARROYITO,2026-01-01,2026-01-06,2026-10-06 12:59:28.137703,20261006_1259,2026-01-01 a 2026-01-06
SILAJES CORDES,330434,Jorge Bergami,Sanabria,L10,Picadora 2,1Z08500YJRF627030,Elias,1~2,Cosecha de forraje: Maíz para ensilado - 5 ene 2026,Maíz para ensilado,0.0020209399999999,ha,55.2294382773258,%,21.93153684614846,t/ha,0.0443223200738552,t,48.98651257047146,t/ha,0.0989988027141686,t,6.796000000000006,s,1.3761141003660031,km/h,1.0705391406709817,ha/h,0.1065158055555555,l,52.70607022254772,l/ha,56.42391112419064,l/h,52.44197907166076,t/h,52.4419790716608,t/h,0.4161102649760096,t/l,1.937070826617305,%,12.89677380542369,%,44.77056172267422,%,30.747155978052465,%,9.209323946618706,%,13.995400000000016,mm,,,,,,,,,3.1742710785092885,%,2.105565283511656,%,2026-01-05 06:51:33.613,2026-01-05 06:51:40.409,,,ARROYITO,2026-01-01,2026-01-06,2026-10-06 12:59:28.137703,20261006_1259,2026-01-01 a 2026-01-06
SILAJES CORDES,330434,Jorge Bergami,Sanabria,L11,Picadora 2,1Z08500YJRF627030,Elias,1~2,Cosecha de forraje: Maíz para ensilado - 4 ene 2026,Maíz para ensilado,8.381116201592372,ha,61.607180812592645,%,12.14397932415094,t/ha,101.78010186544422,t,31.630861138049017,t/ha,265.10192275442114,t,6867.193999999667,s,6.469791937891982,km/h,4.393645836382873,ha/h,150.28469594231402,l,17.931346174840254,l/ha,78.78398446182777,l/h,134.33155399136297,t/h,134.33155399136257,t/h,0.6546641371154267,t/l,6.53569879784555,%,28.314176811156933,%,38.39281918740709,%,49.528202069867895,%,22.743201242435862,%,13.9953999999996,mm,,,0.0477572732329196,l/t,,,12.655879130935707,l,5.896424747997718,%,2.8183645546928413,%,2026-01-04 11:27:58.627,2026-01-04 14:27:58.862,3.602129486976313,ha,ARROYITO,2026-01-01,2026-01-06,2026-10-06 12:59:28.137703,20261006_1259,2026-01-01 a 2026-01-06
SILAJES CORDES,330434,Jorge Bergami,Sanabria,L12,Picadora 2,1Z08500YJRF627030,Elias,1~2,Cosecha de forraje: Maíz para ensilado - 6 ene 2026,Maíz para ensilado,0.00254856,ha,80.0,%,2.0203681810205936,t/ha,0.0051490295314218,t,10.101840905102971,t/ha,0.0257451476571092,t,4.005000000000002,s,2.964156755657979,km/h,2.290840449438201,ha/h,0.0495386180555555,l,19.437885729806464,l/ha,44.52909488139823,l/h,23.141705759199297,t/h,23.141705759199294,t/h,0.1039397087267839,t/l,6.255228543322197,%,41.27908582671125,%,20.0,%,100.00000000000004,%,29.800000000000026,%,13.995400000000014,mm,,,0.0,l/t,,,0.0,l,10.1552285433222,%,6.300000000000004,%,2026-01-06 08:02:16.968,2026-01-06 08:02:20.973,,,ARROYITO,2026-01-01,2026-01-06,2026-10-06 12:59:28.137703,20261006_1259,2026-01-01 a 2026-01-06
SILAJES CORDES,330434,Jorge Bergami,Sanabria,L16,Picadora 2,1Z08500YJRF627030,Elias,1~2,Cosecha de forraje: Maíz para ensilado - 5 ene 2026,Maíz para ensilado,0.0037966867318016,ha,65.76370303773353,%,12.91716209453281,t/ha,0.049042417936844,t,37.72943700298391,t/ha,0.1432468528675755,t,8.409000000000002,s,2.296199065726264,km/h,1.6254099458301785,ha/h,0.1207474027777777,l,31.80336206471241,l/ha,51.69350101082173,l/h,52.34275723555576,t/h,52.34275723555576,t/h,0.297545497780613,t/l,3.3001383819160304,%,21.61966700198833,%,34.236296962266444,%,50.09591527520789,%,15.526570187446362,%,13.995400000000012,mm,,,0.013310251116181,l/t,,,0.0008072358809043,l,5.294931951088187,%,3.2121980598237725,%,2026-01-05 14:13:03.289,2026-01-06 06:45:28.313,0.0013090338,ha,ARROYITO,2026-01-01,2026-01-06,2026-10-06 12:59:28.137703,20261006_1259,2026-01-01 a 2026-01-06
SILAJES CORDES,330434,Jorge Bergami,Sanabria,L9,Picadora 2,1Z08500YJRF627030,Elias,1~2,Cosecha de forraje: Maíz para ensilado - 5 ene 2026,Maíz para ensilado,7.12586691994023,ha,55.30074036140171,%,14.645069807589133,t/ha,104.3588184821148,t,32.7635623632184,t/ha,233.4687852234567,t,5725.487999998335,s,6.8438175360818985,km/h,4.480512562735679,ha/h,128.67982674663264,l,18.058129374623803,l/ha,80.90967552250707,l/h,133.26678304636474,t/h,133.26678304636175,t/h,0.73607595214621,t/l,5.9352956621594055,%,31.1292644062339,%,44.699259638598775,%,48.34699803076398,%,20.432118389908936,%,13.995399999999249,mm,,,0.0500265900090322,l/t,,,11.679647198280776,l,5.829416431446073,%,1.1376125664982455,%,2026-01-05 11:11:20.483,2026-01-06 08:13:42.888,0.0168092720211298,ha,ARROYITO,2026-01-01,2026-01-06,2026-10-06 12:59:28.137703,20261006_1259,2026-01-01 a 2026-01-06
COOP DE PROV DE SERV AGROP SAN MARTIN LTDA,534599,Jorge v,Monchi,16,1Z08600YKRF627041,1Z08600YKRF627041,Operador desconocido,ALF 1,Cosecha de forraje: Alfalfa - 2 ene 2026,Alfalfa,34.8460982367335,ha,26.386427365731016,%,3.8652832594439217,t/ha,134.69004017138434,t,5.25077525940451,t/ha,182.9690305082194,t,10122.863999999963,s,14.445507540492189,km/h,12.392300693977033,ha/h,210.89396468478247,l,6.052172629079095,l/ha,75.00034307140875,l/h,62.42927899177244,t/h,62.42927899177139,t/h,0.6182596800200636,t/l,,,,,73.61357263426778,%,,,,,17.983200000000043,mm,0.0378796276292073,l/t,,,6.930185108592043,l,,,,,,,2026-01-02 23:24:15.359,2026-01-03 02:30:57.794,,,ARROYITO,2026-01-01,2026-01-06,2026-10-06 12:59:28.137703,20261006_1259,2026-01-01 a 2026-01-06
COOP DE PROV DE SERV AGROP SAN MARTIN LTDA,534599,Jorge v,Monchi,Las 5,1Z08600YKRF627041,1Z08600YKRF627041,Operador desconocido,ALF 1,Cosecha de forraje: Alfalfa - 2 ene 2026,Alfalfa,0.0064092337017253,ha,51.31786831891253,%,2.606046375425473,t/ha,0.0167027602576362,t,5.353188706890369,t/ha,0.0343098374718974,t,2.400000000000001,s,10.741031250000002,km/h,9.613850552588064,ha/h,0.0403776388888888,l,6.299916771332451,l/ha,60.5664583333333,l/h,51.46475620784621,t/h,51.46475620784619,t/h,0.4136636196979926,t/l,,,,,48.682131681087455,%,,,,,17.9832,mm,0.0,l/t,,,0.0,l,,,,,,,2026-01-02 23:29:55.519,2026-01-02 23:29:57.919,,,ARROYITO,2026-01-01,2026-01-06,2026-10-06 12:59:28.137703,20261006_1259,2026-01-01 a 2026-01-06
COOPERATIVA AGROPECUARIA LTDA. DE BALNEARIA,2839981,Juan Carlos Meia,Tambo Meia,Lote 13 .,8600,1Z08600YEMF622022,Operador desconocido,,Cosecha de forraje: Alfalfa - 6 ene 2026,Alfalfa,9.69557638884175,ha,69.62086521001747,%,10.354705229522516,t/ha,100.3948355367747,t,34.084924738991866,t/ha,330.4729915148176,t,7519.573999998788,s,6.46317574787468,km/h,4.641762285980084,ha/h,208.28088460502383,l,21.48205287152664,l/ha,99.7145828444807,l/h,156.26358970257263,t/h,156.26358970257118,t/h,0.472434198385085,t/l,,,,,30.37913478998284,%,,,,,17.98320000000279,mm,,,,,,,,,,,,,2026-01-06 15:00:49.717,2026-01-06 18:29:44.346,6.75089611003857,ha,ARROYITO,2026-01-01,2026-01-06,2026-10-06 12:59:28.137703,20261006_1259,2026-01-01 a 2026-01-06
COOPERATIVA AGROPECUARIA LTDA. DE BALNEARIA,2839981,Juan Carlos Meia,Tambo Meia,Lote 13 .,8600,1Z08600YEMF622022,Operador desconocido,,Cosecha de forraje: Maíz para ensilado - 6 ene 2026,Maíz para ensilado,0.0031177156208201,ha,72.90448758295722,%,19.15446093343123,t/ha,0.0597181620605474,t,70.69237384631737,t/ha,0.2203987182135199,t,2.2109999999999994,s,7.023115018776715,km/h,5.076334796450683,ha/h,0.0689995069444444,l,20.32481940343729,l/ha,112.34655133423796,l/h,261.32828906507444,t/h,261.3282890650745,t/h,0.6354359848176689,t/l,,,,,27.09551241704279,%,,,,,17.9832,mm,,,,,,,,,,,,,2026-01-06 18:29:44.510,2026-01-06 18:29:46.721,0.0031177156208201,ha,ARROYITO,2026-01-01,2026-01-06,2026-10-06 12:59:28.137703,20261006_1259,2026-01-01 a 2026-01-06
COOPERATIVA AGROPECUARIA LTDA. DE BALNEARIA,2839981,Juan Carlos Meia,Tambo Meia,Lote 24,8600,1Z08600YEMF622022,Operador desconocido,,Cosecha de forraje: Maíz para ensilado - 5 ene 2026,Maíz para ensilado,21.40961376123146,ha,66.58503093771992,%,12.083030381589412,t/ha,258.6930135350545,t,36.1605314045587,t/ha,774.1830107724822,t,17603.854000001636,s,6.223285876062981,km/h,4.378280434524697,ha/h,486.23655767587854,l,22.71113169525533,l/ha,99.43570354724604,l/h,156.1109222981163,t/h,156.11092229811766,t/h,0.5224048665636869,t/l,,,,,33.41496906227995,%,,,,,17.983200000003094,mm,,,,,,,,,,,,,2026-01-05 16:20:06.184,2026-01-05 22:54:28.888,16.067313254550257,ha,ARROYITO,2026-01-01,2026-01-06,2026-10-06 12:59:28.137703,20261006_1259,2026-01-01 a 2026-01-06
COOPERATIVA AGROPECUARIA LTDA. DE BALNEARIA,2839981,Juan Carlos Meia,Tambo Meia,Lote 28,8600,1Z08600YEMF622022,Operador desconocido,,Cosecha de forraje: Maíz para ensilado - 6 ene 2026,Maíz para ensilado,24.80251600645116,ha,65.70165302281355,%,9.190906886745184,t/ha,227.9576151722996,t,26.79693832725768,t/ha,664.631491785693,t,16419.464999997876,s,7.641361123966551,km/h,5.438000423475179,ha/h,439.4927625011914,l,17.719684663720322,l/ha,96.35965270515874,l/h,143.3518401720624,t/h,143.35184017206362,t/h,0.5076449490260301,t/l,,,,,34.298346977185375,%,,,,,17.98320000000346,mm,,,,,,,,,,,,,2026-01-06 07:37:07.197,2026-01-06 14:43:17.147,20.13592832239594,ha,ARROYITO,2026-01-01,2026-01-06,2026-10-06 12:59:28.137703,20261006_1259,2026-01-01 a 2026-01-06
COOPERATIVA AGROPECUARIA LTDA. DE BALNEARIA,2839981,Juan Carlos Meia,Tambo Meia,Lote 30 .,8600,1Z08600YEMF622022,Operador desconocido,,Cosecha de forraje: Alfalfa - 6 ene 2026,Alfalfa,0.0008621897861113,ha,67.13885563535148,%,39.36796281964735,t/ha,0.033942655443113,t,119.80094905641452,t/ha,0.103291154642892,t,4.000000000000001,s,1.2841343251199997,km/h,0.7759708075002543,ha/h,0.0593886226851851,l,68.88114849172229,l/ha,53.44976041666667,l/h,92.9620391786028,t/h,92.9620391786028,t/h,0.5715346460051891,t/l,,,,,32.86114436464851,%,,,,,17.983200000000004,mm,,,,,,,,,,,,,2026-01-06 07:41:23.187,2026-01-06 07:41:26.982,,,ARROYITO,2026-01-01,2026-01-06,2026-10-06 12:59:28.137703,20261006_1259,2026-01-01 a 2026-01-06
COOPERATIVA AGROPECUARIA LTDA. DE BALNEARIA,2839981,Juan Carlos Meia,Tambo Meia,Lote 9 .,8600,1Z08600YEMF622022,Operador desconocido,,Cosecha de forraje: Alfalfa - 6 ene 2026,Alfalfa,0.0006638699586892,ha,66.41397593795593,%,31.60831801068373,t/ha,0.0209838127719881,t,94.1115207691542,t/ha,0.0624778114051975,t,2.805000000000001,s,1.3769523597856688,km/h,0.8520256154300075,ha/h,0.0427861874999999,l,64.44965153187482,l/ha,54.91275401069516,l/h,80.1854264023925,t/h,80.18542640239254,t/h,0.4904342732567179,t/l,,,,,33.58602406204408,%,,,,,17.9832,mm,,,,,,,,,,,,,2026-01-06 15:16:25.692,2026-01-06 15:16:28.292,,,ARROYITO,2026-01-01,2026-01-06,2026-10-06 12:59:28.137703,20261006_1259,2026-01-01 a 2026-01-06
COOPERATIVA AGROPECUARIA LTDA. DE BALNEARIA,2839981,lerda 0bvidio,tambo,lote1,8500,1Z08500YTJ0619027,Emiliano,2,Cosecha de forraje: Maíz para ensilado - 3 ene 2026,Maíz para ensilado,26.34383369909764,ha,65.00000000000028,%,9.02434143471472,t/ha,237.7357500000008,t,25.783832670613315,t/ha,679.2449999999976,t,23932.53900000322,s,5.396243243114466,km/h,3.962627530924308,ha/h,494.186676680553,l,18.759510654432408,l/ha,74.3369533859222,l/h,102.1739481966237,t/h,102.17394819662316,t/h,0.4810646689159429,t/l,,,,,35.000000000000085,%,,,,,16.0,mm,0.0,l/t,0.0,l/t,0.0,l,0.0,l,,,,,2026-01-03 13:08:41.000,2026-01-03 19:49:24.538,,,ARROYITO,2026-01-01,2026-01-06,2026-10-06 12:59:28.137703,20261006_1259,2026-01-01 a 2026-01-06
EL PRADO SA,573387,Lingua Nicolas,Sunchales,Lote 14,EQUIPO1-Juan 3491411923,1Z08600YLLF621030,Operador desconocido,,Cosecha de forraje: Alfalfa - 4 ene 2026,Alfalfa,0.2465073683770501,ha,70.04389918601457,%,7.301255742217761,t/ha,1.799813338861926,t,24.373184572836816,t/ha,6.008169588018119,t,171.40799999999817,s,7.038168577068207,km/h,5.1772760090392165,ha/h,4.75678999652778,l,19.29674568287932,l/ha,99.9045784765016,l/h,123.62650138247436,t/h,123.62650138247426,t/h,0.368035355939952,t/l,,,,,29.95610081398545,%,,,,,19.989799999999995,mm,0.7311784895727466,l/t,,,4.393044364464002,l,,,,,,,2026-01-04 08:39:20.546,2026-01-04 08:49:06.935,,,ARROYITO,2026-01-01,2026-01-06,2026-10-06 12:59:28.137703,20261006_1259,2026-01-01 a 2026-01-06
EL PRADO SA,573387,Lingua Nicolas,Sunchales,Lote 9,EQUIPO1-Juan 3491411923,1Z08600YLLF621030,Operador desconocido,,Cosecha de forraje: Alfalfa - 4 ene 2026,Alfalfa,0.0128327836325276,ha,67.14821434583416,%,7.443006776367087,t/ha,0.0955144955365562,t,22.65632332659292,t/ha,0.2907436951587568,t,11.609,s,6.09786073490866,km/h,3.9795004804117178,ha/h,0.2392989305555555,l,18.64746865590381,l/ha,74.20761047463176,l/h,79.30773307548843,t/h,79.30773307548844,t/h,0.3578313370772006,t/l,,,,,32.85178565416586,%,,,,,19.989799999999978,mm,1.2382248835839709,l/t,,,0.360006078090725,l,,,,,,,2026-01-04 06:14:06.586,2026-01-04 08:38:07.351,,,ARROYITO,2026-01-01,2026-01-06,2026-10-06 12:59:28.137703,20261006_1259,2026-01-01 a 2026-01-06
SILAJES CORDES,330434,Los Pinos SRL,La Laura,14,Picadora 3,1Z08500YCSF627259,Marcelo,1~2,Cosecha de forraje: Maíz para ensilado - 5 ene 2026,Maíz para ensilado,0.001555752316155,ha,58.921260758307625,%,66.64587634230593,t/ha,0.1036844764817245,t,162.23934223050466,t/ha,0.252404232446577,t,9.59,s,1.2786615673308108,km/h,0.5840154680039757,ha/h,0.1266832717013889,l,81.42894623128721,l/ha,47.555764142335775,l/h,72.35998447591174,t/h,72.35998447591169,t/h,0.5319120807067219,t/l,7.525488552946145,%,25.90120863276814,%,41.07873924169237,%,38.13371356455338,%,23.8462952480607,%,16.992600000000003,mm,,,0.0,l/t,,,0.0,l,5.2641254206732695,%,5.124563509756494,%,2026-01-05 21:04:12.842,2026-01-05 21:33:29.217,,,ARROYITO,2026-01-01,2026-01-06,2026-10-06 12:59:28.137703,20261006_1259,2026-01-01 a 2026-01-06
SILAJES CORDES,330434,Los Pinos SRL,La Laura,15,Picadora 3,1Z08500YCSF627259,Marcelo,1~2,Cosecha de forraje: Maíz para ensilado - 6 ene 2026,Maíz para ensilado,0.0007674195723247,ha,58.84453516730894,%,15.895695580632148,t/ha,0.0121986679042934,t,38.62353552621209,t/ha,0.0296404571151962,t,1.2,s,3.325048249920002,km/h,2.30225871697431,ha/h,0.0242845763888888,l,31.64445795319348,l/ha,72.8537291666667,l/h,88.92137134558862,t/h,88.92137134558864,t/h,0.5023216262431822,t/l,7.700000000000001,%,31.66779861660057,%,41.15546483269102,%,44.71093089920964,%,24.25834600296457,%,16.99260000000001,mm,,,0.1295362866213445,l/t,,,0.0038395147484617,l,4.179025172924924,%,4.294830207509913,%,2026-01-06 17:49:24.287,2026-01-06 17:49:25.487,,,ARROYITO,2026-01-01,2026-01-06,2026-10-06 12:59:28.137703,20261006_1259,2026-01-01 a 2026-01-06
SILAJES CORDES,330434,Los Pinos SRL,La Laura,7B,Picadora 3,1Z08500YCSF627259,Marcelo,,Cosecha de forraje: Maíz para ensilado - 5 ene 2026,Maíz para ensilado,0.0001572,ha,0.0,%,22429.181842434376,t/ha,3.525867385630686,t,22429.181842434376,t/ha,3.525867385630686,t,0.0,s,0.0,km/h,,,,,,,0.0,l/h,,,,,,,,,,,99.99999999999996,%,,,,,21.9964,mm,,,0.10894466066202,l/t,,,0.3841244258668187,l,,,,,2026-01-05 11:48:14.014,2026-01-05 11:48:14.014,,,ARROYITO,2026-01-01,2026-01-06,2026-10-06 12:59:28.137703,20261006_1259,2026-01-01 a 2026-01-06
SILAJES CORDES,330434,Los Pinos SRL,La Laura,7B,Picadora 3,1Z08500YCSF627259,Marcelo,1~2,Cosecha de forraje: Maíz para ensilado - 5 ene 2026,Maíz para ensilado,0.2485065927368198,ha,61.45655157243562,%,19.89944228823146,t/ha,4.945142600411386,t,51.62859863364054,t/ha,12.830047134222848,t,283.279999999996,s,5.409847650192725,km/h,3.156435377903699,ha/h,4.66464995711012,l,18.78056890073604,l/ha,59.27965209544152,l/h,105.01394348330476,t/h,105.01394348330484,t/h,0.7161136390301607,t/l,7.888599690325448,%,29.98052154649137,%,38.5434484275644,%,44.38079924038309,%,27.51495109791818,%,21.959482114894527,mm,,,0.0853491544087153,l/t,,,1.054919982972531,l,4.3893507807109655,%,4.900254471314211,%,2026-01-05 12:13:59.722,2026-01-05 19:16:53.853,,,ARROYITO,2026-01-01,2026-01-06,2026-10-06 12:59:28.137703,20261006_1259,2026-01-01 a 2026-01-06
EL PRADO SA,573387,Luis Maurici,MAURICI LUIS,5f,EQUIPO 2-3491414795,1Z08600YKLF621070,Juan Carrizo,,Cosecha de forraje: Alfalfa - 2 ene 2026,Alfalfa,0.0075460058800945,ha,45.7284342361682,%,6.40189837665033,t/ha,0.048308762793971,t,11.796045104924454,t/ha,0.0890130257236202,t,5.61,s,5.611112916725835,km/h,4.84235671449916,ha/h,0.0705087499999999,l,9.343850391899874,l/ha,45.246256684491975,l/h,40.1852040440798,t/h,40.18520404407979,t/h,0.3108504978324229,t/l,,,,,54.27156576383181,%,,,,,17.983199999999993,mm,0.0,l/t,,,0.0,l,,,,,,,2026-01-02 16:07:40.771,2026-01-02 16:25:42.140,,,ARROYITO,2026-01-01,2026-01-06,2026-10-06 12:59:28.137703,20261006_1259,2026-01-01 a 2026-01-06
EL PRADO SA,573387,Luis Maurici,MAURICI LUIS,6f,EQUIPO 2-3491414795,1Z08600YKLF621070,Juan Carrizo,,Cosecha de forraje: Alfalfa - 2 ene 2026,Alfalfa,8.429474153483051,ha,64.31479539226966,%,6.782878893289866,t/ha,57.17610231719265,t,19.00753818802672,t/ha,160.2235518773133,t,4665.4489999990365,s,8.193903367073661,km/h,6.504434396892044,ha/h,82.6503836643514,l,9.804927586165128,l/ha,63.775508250487455,l/h,121.75120462507628,t/h,121.75120462507752,t/h,0.6681706314500668,t/l,,,,,35.685204607731066,%,,,,,17.983199999999975,mm,0.0,l/t,,,0.0,l,,,,,,,2026-01-02 18:01:31.949,2026-01-02 20:01:14.722,,,ARROYITO,2026-01-01,2026-01-06,2026-10-06 12:59:28.137703,20261006_1259,2026-01-01 a 2026-01-06
EL PRADO SA,573387,Luis Maurici,MAURICI LUIS,7f,EQUIPO 2-3491414795,1Z08600YKLF621070,Juan Carrizo,,Cosecha de forraje: Alfalfa - 2 ene 2026,Alfalfa,0.0127723030471197,ha,64.76839380032092,%,6.185789171576552,t/ha,0.0790067738849673,t,17.557499753255325,t/ha,0.2242497075983065,t,7.790000000000005,s,5.804309154288527,km/h,5.902476376075857,ha/h,0.1091362847222221,l,8.544761607957115,l/ha,50.43525353016684,l/h,103.26346625220133,t/h,103.26346625220124,t/h,0.7166061565776156,t/l,,,,,35.23160619967919,%,,,,,17.983200000000007,mm,0.0,l/t,,,0.0,l,,,,,,,2026-01-02 18:15:05.733,2026-01-02 18:19:12.918,,,ARROYITO,2026-01-01,2026-01-06,2026-10-06 12:59:28.137703,20261006_1259,2026-01-01 a 2026-01-06
EL PRADO SA,573387,Luis Maurici,MAURICI LUIS,L14,EQUIPO 2-3491414795,1Z08600YKLF621070,Juan Carrizo,,Cosecha de forraje: Alfalfa - 2 ene 2026,Alfalfa,15.43794671433628,ha,64.67144123548671,%,11.223716039542136,t/ha,173.27113015529295,t,31.76952706832769,t/ha,490.456266020507,t,11864.610999997723,s,6.860234626428453,km/h,4.684201264720771,ha/h,241.01575446918216,l,15.612012201147126,l/ha,73.12980729745159,l/h,147.33286123194864,t/h,147.33286123194998,t/h,0.7052154563990031,t/l,,,,,35.328558764513545,%,,,,,20.12461029255652,mm,0.3785907466856913,l/t,,,181.4842483610629,l,,,,,,,2026-01-02 11:00:48.373,2026-01-02 17:55:27.964,3.4012321566328763,ha,ARROYITO,2026-01-01,2026-01-06,2026-10-06 12:59:28.137703,20261006_1259,2026-01-01 a 2026-01-06
EL PRADO SA,573387,Luis Maurici,MAURICI LUIS,L16,EQUIPO 2-3491414795,1Z08600YKLF621070,Juan Carrizo,,Cosecha de forraje: Alfalfa - 2 ene 2026,Alfalfa,0.7415526331633309,ha,64.5034724296608,%,19.144363588417843,t/ha,14.196553229227447,t,53.933060214078566,t/ha,39.99420281630644,t,864.1800000000103,s,5.221071863338072,km/h,3.089159063375642,ha/h,18.584096334325388,l,25.06106175504901,l/ha,77.41760605842606,l/h,162.67861995395194,t/h,162.67861995395188,t/h,0.7354595405716028,t/l,,,,,35.49652757033891,%,,,,,21.996400000000733,mm,0.3661750926196627,l/t,,,13.57756972341874,l,,,,,,,2026-01-02 10:55:50.379,2026-01-02 15:23:00.889,0.1725889788021184,ha,ARROYITO,2026-01-01,2026-01-06,2026-10-06 12:59:28.137703,20261006_1259,2026-01-01 a 2026-01-06
EL PRADO SA,573387,Maniano,1,Baldini agustin,EQUIPO 2-3491414795,1Z08600YKLF621070,Juan Carrizo,,Cosecha de forraje: Alfalfa - 2 ene 2026,Alfalfa,20.7590788489838,ha,64.57005821394942,%,11.926497553832586,t/ha,247.58310311222297,t,33.66219912483277,t/ha,698.7962458625967,t,19424.99599999802,s,6.932841710695448,km/h,3.847164699357016,ha/h,391.5315883307011,l,18.86112484814585,l/ha,72.56185370595006,l/h,127.17690008383936,t/h,127.17690008383912,t/h,0.6134340945825888,t/l,,,,,35.4299417860503,%,,,,,18.13889166903468,mm,0.4465670835832473,l/t,,,311.74095665140214,l,,,,,,,2026-01-02 21:54:21.547,2026-01-04 08:58:52.957,6.781079224187728,ha,ARROYITO,2026-01-01,2026-01-06,2026-10-06 12:59:28.137703,20261006_1259,2026-01-01 a 2026-01-06
SILAJES SAS,449524,matia gola,john deere,cft,1Z08600YCRF625485,1Z08600YCRF625485,Juan,,Cosecha de forraje: Maíz para ensilado - 6 ene 2026,Maíz para ensilado,0.00027525,ha,0.0,%,13.322913099459027,t/ha,0.003667131830626,t,13.322913099459027,t/ha,0.003667131830626,t,0.7999999999999999,s,1.7240825001600004,km/h,1.2386250000000003,ha/h,0.0120471527777777,l,43.76803915632252,l/ha,54.21218750000002,l/h,16.502093237817437,t/h,16.50209323781745,t/h,0.3043982174269843,t/l,0.0,%,0.0,%,100.0,%,0.0,%,0.0,%,15.976599999999992,mm,,,,,,,,,0.0,%,0.0,%,2026-01-06 08:29:57.710,2026-01-06 08:29:58.510,,,ARROYITO,2026-01-01,2026-01-06,2026-10-06 12:59:28.137703,20261006_1259,2026-01-01 a 2026-01-06
SILAJES SAS,449524,matia gola,Tambo,Carrilobo~2,1Z08600YCRF625485,1Z08600YCRF625485,Juan,,Cosecha de forraje: Maíz para ensilado - 6 ene 2026,Maíz para ensilado,24.224884484173483,ha,66.2530339881348,%,11.455256356656925,t/ha,277.50226197660794,t,33.944551793572934,t/ha,822.3028460663481,t,22069.382000008623,s,5.6043576824340215,km/h,3.951596249636272,ha/h,584.4014601450533,l,24.124096474631827,l/ha,95.32868915501967,l/h,130.84110459049728,t/h,130.84110459049754,t/h,0.4606307555074862,t/l,6.76843429194133,%,25.358048536385496,%,33.7469660118647,%,50.32580687492735,%,26.35493757651539,%,15.976600000003318,mm,0.395663544823451,l/t,,,325.3387074906808,l,,,6.609215267014732,%,4.817858260361259,%,2026-01-06 08:29:58.510,2026-01-06 18:13:59.979,18.54410239591057,ha,ARROYITO,2026-01-01,2026-01-06,2026-10-06 12:59:28.137703,20261006_1259,2026-01-01 a 2026-01-06
SILAJES SAS,449524,matias,john deere,cft,1Z08600YCRF625485,1Z08600YCRF625485,Juan,,Cosecha de forraje: Maíz para ensilado - 6 ene 2026,Maíz para ensilado,0.01508712097557,ha,65.65586375280975,%,15.353284419667403,t/ha,0.2316368594118562,t,44.70423803691821,t/ha,0.6744582473836632,t,20.18999999999997,s,3.6471640187029686,km/h,2.6901255825682138,ha/h,0.4917257787698412,l,32.59241969134297,l/ha,87.67770200948148,l/h,118.31613669101004,t/h,118.31613669101009,t/h,0.4587182071038451,t/l,6.814519298128864,%,27.25991276864736,%,34.34413624719015,%,47.91383479900112,%,25.65010536901961,%,15.976599999999973,mm,0.3277379335305541,l/t,,,0.2210455522501609,l,,,6.564815169348318,%,5.122165663515833,%,2026-01-06 08:35:40.469,2026-01-06 08:39:29.439,,,ARROYITO,2026-01-01,2026-01-06,2026-10-06 12:59:28.137703,20261006_1259,2026-01-01 a 2026-01-06
COOPERATIVA AGROPECUARIA LTDA. DE BALNEARIA,2839981,micol,tambo,lote4,8600,1Z08600YEMF622022,Operador desconocido,Alfa,Cosecha de forraje: Alfalfa - 2 ene 2026,Alfalfa,0.3761783307873449,ha,70.4265050275122,%,5.074850142074131,t/ha,1.9090486554413664,t,17.160129862213697,t/ha,6.455269007661619,t,333.7789999999935,s,6.057554103381404,km/h,4.057301360584292,ha/h,5.327035674836605,l,14.160931767885366,l/ha,57.4551677289828,l/h,69.6238182377629,t/h,69.623818237763,t/h,0.3583697898737875,t/l,,,,,29.57349497248771,%,,,,,17.983199999999922,mm,,,0.1510176345039085,l/t,,,0.9748594556234512,l,,,,,2026-01-02 15:10:16.968,2026-01-02 15:20:01.752,0.0310493269377534,ha,ARROYITO,2026-01-01,2026-01-06,2026-10-06 12:59:28.137703,20261006_1259,2026-01-01 a 2026-01-06
TRANSILOS SA,492425,Minetti,El berto,Maiz feli,8600,1Z08600YCKF620026,Operador desconocido,,Cosecha de forraje: Alfalfa - 5 ene 2026,Alfalfa,0.7273928168685517,ha,65.00000000000004,%,1.6711602086984472,t/ha,1.2155899316438,t,4.77474345342413,t/ha,3.4731140904108546,t,190.79099999999863,s,15.175222789667336,km/h,13.725040178660496,ha/h,3.968894210648144,l,5.456328573238263,l/ha,74.88832889566815,l/h,65.53354574104203,t/h,65.53354574104218,t/h,0.306279247348668,t/l,,,,,35.00000000000004,%,,,,,21.99640000000004,mm,,,,,,,,,,,,,2026-01-05 07:46:04.375,2026-01-05 08:16:02.320,,,ARROYITO,2026-01-01,2026-01-06,2026-10-06 12:59:28.137703,20261006_1259,2026-01-01 a 2026-01-06
TRANSILOS SA,492425,Minetti,El berto,Maiz feli 2,8600,1Z08600YCKF620026,Operador desconocido,,Cosecha de forraje: Alfalfa - 5 ene 2026,Alfalfa,2.4229748092753174,ha,62.74023043603365,%,1.7118393034407189,t/ha,4.147743509764267,t,4.594336796694099,t/ha,11.13196232371646,t,684.1690000000091,s,14.081768373537711,km/h,12.749348937749344,ha/h,11.970850854166692,l,4.940559352223312,l/ha,62.98891512915577,l/h,56.396425441372855,t/h,56.396425441373054,t/h,0.3133686119852529,t/l,,,,,37.259769563966,%,,,,,21.99639999999925,mm,,,,,,,,,,,,,2026-01-05 07:57:45.555,2026-01-06 07:17:15.965,,,ARROYITO,2026-01-01,2026-01-06,2026-10-06 12:59:28.137703,20261006_1259,2026-01-01 a 2026-01-06
TRANSILOS SA,492425,MINETTI DARIO,EL BERTO,LOTE 1 ALFA [30]HTS,8600,1Z08600YCKF620026,Operador desconocido,,Cosecha de forraje: Alfalfa - 4 ene 2026,Alfalfa,13.002703725657083,ha,64.6699780278947,%,2.287861488693036,t/ha,29.748385102816293,t,6.475686571889236,t/ha,84.20143391449172,t,3374.89699999955,s,15.330561837929844,km/h,13.869973931757595,ha/h,79.60456015470726,l,6.122154425285507,l/ha,84.91412228491275,l/h,89.30272661070384,t/h,89.30272661070398,t/h,0.3680889994820061,t/l,,,,,35.33002197210356,%,,,,,21.99639999999542,mm,,,,,,,,,,,,,2026-01-04 23:33:49.377,2026-01-05 01:12:34.996,,,ARROYITO,2026-01-01,2026-01-06,2026-10-06 12:59:28.137703,20261006_1259,2026-01-01 a 2026-01-06
TRANSILOS SA,492425,MINETTI DARIO,FELIS,LOTE  ALFA 2 [52] HTS,8600,1Z08600YCKF620026,Operador desconocido,,Cosecha de forraje: Alfalfa - 5 ene 2026,Alfalfa,0.6804173755505368,ha,64.99999999999991,%,1.7356456445927653,t/ha,1.180963454379529,t,4.958987555979338,t/ha,3.3741812982272315,t,209.20499999999828,s,12.925076781311224,km/h,11.708623369336031,ha/h,3.89751128472222,l,5.7281183943438885,l/ha,67.06838089433876,l/h,58.0629175861862,t/h,58.06291758618629,t/h,0.3030044990527069,t/l,,,,,34.99999999999987,%,,,,,21.996399999999927,mm,,,,,,,,,,,,,2026-01-05 07:53:19.165,2026-01-06 07:39:28.920,,,ARROYITO,2026-01-01,2026-01-06,2026-10-06 12:59:28.137703,20261006_1259,2026-01-01 a 2026-01-06
TRANSILOS SA,492425,MINETTI DARIO,FELIS,LOTE ALFA 1 [49]HTS,8600,1Z08600YCKF620026,Operador desconocido,,Cosecha de forraje: Alfalfa - 5 ene 2026,Alfalfa,14.552789520983264,ha,64.99999999999946,%,1.774604567296086,t/ha,25.82544675083552,t,5.070298763703143,t/ha,73.78699071667349,t,4185.10100000019,s,13.836741411430443,km/h,12.518226507684476,ha/h,86.94148728703692,l,5.974214576640353,l/ha,74.78657127589499,l/h,63.47114838566856,t/h,63.47114838566885,t/h,0.2970439954123715,t/l,,,,,34.99999999999964,%,,,,,21.996399999998243,mm,,,,,,,,,,,,,2026-01-05 07:32:48.200,2026-01-06 07:52:38.899,,,ARROYITO,2026-01-01,2026-01-06,2026-10-06 12:59:28.137703,20261006_1259,2026-01-01 a 2026-01-06
TRANSILOS SA,492425,MINETTI DARIO,FELIS,LOTE MAIZ 1,8600,1Z08600YCKF620026,Operador desconocido,,Cosecha de forraje: Alfalfa - 5 ene 2026,Alfalfa,0.032914137944959,ha,64.99999999999996,%,1.840817097027074,t/ha,0.0605889078629882,t,5.259477420077357,t/ha,0.1731111653228237,t,13.989999999999984,s,9.344804492119357,km/h,8.46968524673715,ha/h,0.2198991319444444,l,6.680993204566754,l/ha,56.58590957827026,l/h,44.54611831037637,t/h,44.54611831037639,t/h,0.2755304549282872,t/l,,,,,34.99999999999998,%,,,,,21.9964,mm,,,,,,,,,,,,,2026-01-05 07:40:35.185,2026-01-05 08:05:17.140,,,ARROYITO,2026-01-01,2026-01-06,2026-10-06 12:59:28.137703,20261006_1259,2026-01-01 a 2026-01-06
visconti,418068,Monetti,Casa,Molino este,Visconti,1Z08500YKHF516569,Operador desconocido,1,Cosecha de forraje: Maíz para ensilado - 3 ene 2026,Maíz para ensilado,21.658653703715853,ha,0.0,%,28.596285116791705,t/ha,619.3570365573153,t,28.596285116791705,t/ha,619.3570365573153,t,19134.997999995463,s,6.911597035043247,km/h,4.074792865585734,ha/h,481.55505405205946,l,22.233840599678786,l/ha,90.59829505013928,l/h,113.51394781873188,t/h,113.51394781873144,t/h,1.2529369096395295,t/l,,,,,99.99999999999991,%,,,,,13.998925064700492,mm,,,,,,,,,,,,,2026-01-03 15:47:47.279,2026-01-04 10:34:12.470,12.152908778775547,ha,ARROYITO,2026-01-01,2026-01-06,2026-10-06 12:59:28.137703,20261006_1259,2026-01-01 a 2026-01-06
visconti,418068,Monetti,Casa,Molino oeste,Visconti,1Z08500YKHF516569,Operador desconocido,1,Cosecha de forraje: Maíz para ensilado - 4 ene 2026,Maíz para ensilado,20.99235395156684,ha,0.0,%,27.48793146996901,t/ha,577.0363868140023,t,27.48793146996901,t/ha,577.0363868140023,t,17955.55399999706,s,7.211447791806248,km/h,4.208863409374835,ha/h,483.0056242442422,l,23.007378026262224,l/ha,96.84024493365928,l/h,112.59510058560994,t/h,112.59510058560996,t/h,1.1626891346954182,t/l,,,,,99.99999999999994,%,,,,,13.995399999993904,mm,,,,,,,,,,,,,2026-01-04 15:34:32.761,2026-01-05 10:49:00.038,6.943105581376737,ha,ARROYITO,2026-01-01,2026-01-06,2026-10-06 12:59:28.137703,20261006_1259,2026-01-01 a 2026-01-06
visconti,418068,Monetti,Casa,Piquete sur,Visconti,1Z08500YKHF516569,Operador desconocido,1,Cosecha de forraje: Maíz para ensilado - 4 ene 2026,Maíz para ensilado,13.174447358642444,ha,0.0,%,28.51314804162453,t/ha,375.6449679035612,t,28.51314804162453,t/ha,375.6449679035612,t,11516.733999997568,s,6.956523358288733,km/h,4.118182332866545,ha/h,330.8958256213415,l,25.11648622621523,l/ha,103.43426984048416,l/h,111.30424082453172,t/h,111.30424082453074,t/h,1.076086687673084,t/l,,,,,99.99999999999956,%,,,,,13.995399999998076,mm,,,,,,,,,,,,,2026-01-04 10:45:56.581,2026-01-04 15:22:29.998,8.044688786802753,ha,ARROYITO,2026-01-01,2026-01-06,2026-10-06 12:59:28.137703,20261006_1259,2026-01-01 a 2026-01-06
visconti,418068,Monetti,Patin,alfa sur bolsas,Visconti,1Z08500YKHF516569,Operador desconocido,1,Cosecha de forraje: Maíz para ensilado - 4 ene 2026,Maíz para ensilado,0.0044351876795791,ha,0.0,%,55.96778554311239,t/ha,0.2482276328941427,t,55.96778554311239,t/ha,0.2482276328941427,t,7.6,s,3.65862703943368,km/h,2.100878374537513,ha/h,0.0962705416666666,l,21.70608069415468,l/ha,45.60183552631579,l/h,117.58151031827812,t/h,117.58151031827823,t/h,2.5784381036685367,t/l,,,,,100.0,%,,,,,13.995400000000007,mm,,,,,,,,,,,,,2026-01-04 10:57:51.095,2026-01-04 10:57:58.695,,,ARROYITO,2026-01-01,2026-01-06,2026-10-06 12:59:28.137703,20261006_1259,2026-01-01 a 2026-01-06
visconti,418068,Monetti,Patin,arroyo 1,Visconti,1Z08500YKHF516569,Operador desconocido,1,Cosecha de forraje: Maíz para ensilado - 3 ene 2026,Maíz para ensilado,0.2501197619396373,ha,0.0,%,27.8263713173521,t/ha,6.959925369540058,t,27.8263713173521,t/ha,6.959925369540058,t,215.38499999999888,s,7.254223957978435,km/h,4.180565698552331,ha/h,5.738019180555562,l,22.941086845989965,l/ha,95.90672075585624,l/h,115.7837229678691,t/h,115.78372296786894,t/h,1.2072534860472623,t/l,,,,,100.00000000000011,%,,,,,13.995399999999796,mm,,,,,,,,,,,,,2026-01-03 15:55:43.009,2026-01-03 17:28:08.498,,,ARROYITO,2026-01-01,2026-01-06,2026-10-06 12:59:28.137703,20261006_1259,2026-01-01 a 2026-01-06
visconti,418068,Monetti,Patin,casa patin,Visconti,1Z08500YKHF516569,Operador desconocido,1,Cosecha de forraje: Maíz para ensilado - 4 ene 2026,Maíz para ensilado,0.0352671377967964,ha,0.0,%,26.37501572946058,t/ha,0.9301713141235596,t,26.37501572946058,t/ha,0.9301713141235596,t,28.59299999999995,s,7.365216495215236,km/h,4.440306930663697,ha/h,0.5868429513888888,l,16.639937007935927,l/ha,73.88642762214542,l/h,114.078228802532,t/h,114.07822880253192,t/h,1.5439673086636028,t/l,,,,,100.0,%,,,,,13.995400000000014,mm,,,,,,,,,,,,,2026-01-04 10:52:32.335,2026-01-04 10:54:50.515,,,ARROYITO,2026-01-01,2026-01-06,2026-10-06 12:59:28.137703,20261006_1259,2026-01-01 a 2026-01-06
MEDITERRANEA FORRAJES SRL,5937812,Monti,Casa paterna,Lote S,8600,1Z08600YCRF625499,Operador desconocido,VARIEDAD1,Cosecha de forraje: Maíz para ensilado - 5 ene 2026,Maíz para ensilado,12.168987747298,ha,67.4445236707359,%,9.905657596260482,t/ha,120.54182591782318,t,30.4270086423412,t/ha,370.2658953555804,t,7649.098999999567,s,7.964948923514258,km/h,5.727257012920774,ha/h,198.3745549107548,l,16.300297015421062,l/ha,93.36372789511016,l/h,171.48719731648092,t/h,171.48719731648077,t/h,0.5937916098858997,t/l,,,,,32.55547632926375,%,,,,,21.791631722138312,mm,,,,,,,,,,,,,2026-01-05 11:25:08.420,2026-01-05 15:15:51.617,6.199057329466479,ha,ARROYITO,2026-01-01,2026-01-06,2026-10-06 12:59:28.137703,20261006_1259,2026-01-01 a 2026-01-06
MEDITERRANEA FORRAJES SRL,5937812,Monti,Casa paterna,Maiz04/01/2026 lote E,8600,1Z08600YCRF625499,Operador desconocido,VARIEDAD1,Cosecha de forraje: Maíz para ensilado - 4 ene 2026,Maíz para ensilado,18.064402466594466,ha,68.19998737437841,%,9.835089951415366,t/ha,177.66502317752622,t,30.927943542672125,t/ha,558.6948196189408,t,11110.5459999974,s,8.076921555525564,km/h,5.853164091103772,ha/h,298.7412923202521,l,16.53678442875913,l/ha,96.7971018123832,l/h,175.3722514419539,t/h,175.37225144195642,t/h,0.5752553945138736,t/l,,,,,31.80001262562372,%,,,,,21.0785711397962,mm,,,,,,,,,,,,,2026-01-04 21:18:45.153,2026-01-05 11:04:21.370,15.32740089561628,ha,ARROYITO,2026-01-01,2026-01-06,2026-10-06 12:59:28.137703,20261006_1259,2026-01-01 a 2026-01-06
MEDITERRANEA FORRAJES SRL,5937812,Monti,Casa paterna,Sorgo23/03,8600,1Z08600YCRF625499,Operador desconocido,VARIEDAD1,Cosecha de forraje: Maíz para ensilado - 4 ene 2026,Maíz para ensilado,0.0019720760518275,ha,34.95860072437316,%,18.2510594549696,t/ha,0.0359924772716272,t,28.06068082518772,t/ha,0.0553377966533305,t,2.8000000000000003,s,3.3583160713885727,km/h,2.535526352349769,ha/h,0.0427208333333333,l,21.66287314008113,l/ha,54.92678571428571,l/h,56.90807101685851,t/h,56.90807101685849,t/h,0.5832403463901413,t/l,,,,,65.04139927562684,%,,,,,17.98320000000001,mm,,,,,,,,,,,,,2026-01-04 21:29:11.078,2026-01-04 21:29:13.878,,,ARROYITO,2026-01-01,2026-01-06,2026-10-06 12:59:28.137703,20261006_1259,2026-01-01 a 2026-01-06
MEDITERRANEA FORRAJES SRL,5937812,Monti,Peralta,Maiz04/01/2026 lote E,8600,1Z08600YCRF625499,Operador desconocido,VARIEDAD1,Cosecha de forraje: Maíz para ensilado - 4 ene 2026,Maíz para ensilado,23.81829746310132,ha,58.897425047050994,%,9.167305851486883,t/ha,218.34961770594384,t,22.303483083434323,t/ha,531.2309945444869,t,12738.54099999795,s,9.288900095301802,km/h,6.731215989898528,ha/h,319.26948681122553,l,13.404379020197732,l/ha,90.22777039541614,l/h,146.28987879141914,t/h,146.28987879142016,t/h,0.6661736370895024,t/l,,,,,41.10257495294894,%,,,,,18.31928624377109,mm,,,,,,,,,,,,,2026-01-04 15:15:05.227,2026-01-04 20:05:10.923,19.02840541501332,ha,ARROYITO,2026-01-01,2026-01-06,2026-10-06 12:59:28.137703,20261006_1259,2026-01-01 a 2026-01-06
SILAJES SAS,449524,Motivar,Barredo Carrilobo,Barredo Carrilobo 1,1Z08600YCRF625485,1Z08600YCRF625485,Juan,,Cosecha de forraje: Alfalfa - 3 ene 2026,Alfalfa,0.3973664638245423,ha,78.72819481317583,%,6.677574947071895,t/ha,2.653444343641314,t,31.391670281034585,t/ha,12.473997013120687,t,428.9539999999902,s,4.4403579304783705,km/h,3.3335921095697483,ha/h,10.575056495857703,l,26.623307941174875,l/ha,88.75124928334638,l/h,104.54607439228816,t/h,104.54607439228812,t/h,0.2493148536332852,t/l,17.887567670848554,%,,,21.27180518682428,%,41.24294606510672,%,29.179995160117222,%,19.985141215135467,mm,1.0199628227945057,l/t,,,12.614290614170985,l,,,8.925319848643865,%,8.830318932233833,%,2026-01-03 06:58:40.390,2026-01-03 07:09:28.120,,,ARROYITO,2026-01-01,2026-01-06,2026-10-06 12:59:28.137703,20261006_1259,2026-01-01 a 2026-01-06
SILAJES SAS,449524,Motivar,Barredo Carrilobo,Barredo Carrilobo 1,1Z08400YJGF515635,1Z08400YJGF515635,Mayco,1,Cosecha de forraje: Maíz para ensilado - 2 ene 2026,Maíz para ensilado,30.557975693784027,ha,70.1903187685069,%,6.587002447409522,t/ha,201.2854606828361,t,22.096856374466988,t/ha,675.2351999999988,t,42956.30400000406,s,4.255588675839991,km/h,2.5607999994616444,ha/h,670.2598670694401,l,21.935278288576423,l/ha,56.17186062957789,l/h,56.58640296182648,t/h,56.58640296182625,t/h,0.3002975909772875,t/l,,,,,29.80968123149342,%,,,,,20.0,mm,0.8618849628223989,l/t,0.0,l/t,581.9750652483715,l,0.0,l,,,,,2026-01-02 20:06:59.600,2026-01-03 19:57:57.581,,,ARROYITO,2026-01-01,2026-01-06,2026-10-06 12:59:28.137703,20261006_1259,2026-01-01 a 2026-01-06
SILAJES SAS,449524,Motivar,Barredo Carrilobo,Barredo Carrilobo 1,1Z08600YCRF625485,1Z08600YCRF625485,Juan,,Cosecha de forraje: Maíz para ensilado - 3 ene 2026,Maíz para ensilado,32.63474931936056,ha,71.82667275512026,%,6.837218945686674,t/ha,223.1309263340673,t,24.26841134615738,t/ha,791.9935206609719,t,24614.60100000256,s,6.640585252260295,km/h,4.772912953156809,ha/h,627.619324129034,l,19.231913341726774,l/ha,91.79224830271605,l/h,114.36194420392346,t/h,114.36194420392124,t/h,0.3450146655402954,t/l,7.633625097887758,%,18.034249807289125,%,28.17332724488115,%,50.08964085524912,%,26.063608463109887,%,19.989800000003104,mm,0.5214981744452556,l/t,,,412.98875799549415,l,,,6.254349325883827,%,5.590937805471136,%,2026-01-03 07:09:28.145,2026-01-03 19:57:58.656,29.6252788707231,ha,ARROYITO,2026-01-01,2026-01-06,2026-10-06 12:59:28.137703,20261006_1259,2026-01-01 a 2026-01-06
SILAJES SAS,449524,Motivar,Barredo Carrilobo,Barredo Carrilobo 4,1Z08600YCRF625485,1Z08600YCRF625485,Juan,,Cosecha de forraje: Maíz para ensilado - 3 ene 2026,Maíz para ensilado,0.001318089341733,ha,57.48507521949727,%,15.503174065616603,t/ha,0.0204345684989207,t,36.46525107513853,t/ha,0.0480644587857579,t,5.200000000000002,s,1.1727070193907685,km/h,0.9125233904305388,ha/h,0.0667906597222222,l,50.67233123545863,l/ha,46.23968749999998,l/h,30.638100032803653,t/h,30.638100032803656,t/h,0.2489141919397418,t/l,2.351445507395409,%,15.875689701291556,%,42.5149247805028,%,36.60447351519386,%,11.05124862482688,%,19.98979999999997,mm,0.0,l/t,,,0.0,l,,,3.690030328474269,%,2.4611588388743626,%,2026-01-03 07:52:07.000,2026-01-03 07:52:12.200,,,ARROYITO,2026-01-01,2026-01-06,2026-10-06 12:59:28.137703,20261006_1259,2026-01-01 a 2026-01-06
SILAJES SAS,449524,Motivar,Michelutti Giordanengo,Giordanengo,1Z08400YJGF515635,1Z08400YJGF515635,Mayco,2,Cosecha de forraje: Alfalfa - 6 ene 2026,Alfalfa,30.790110332076072,ha,57.59082771402592,%,3.5022064305537444,t/ha,107.8333224024561,t,8.258134365220842,t/ha,254.2688682422587,t,19632.59300000102,s,9.102100063503348,km/h,5.645759485796499,ha/h,297.0250204166664,l,9.647071534473586,l/ha,54.46504562591094,l/h,46.62491224017542,t/h,46.624912240175455,t/h,0.3630445753397724,t/l,22.8680038615814,%,,,42.40917228597411,%,41.15853936189369,%,27.20848794870271,%,15.724759954815024,mm,0.8809959840710887,l/t,0.0,l/t,224.00985179573047,l,0.0,l,11.729162725671925,%,,,2026-01-06 09:15:53.000,2026-01-06 19:23:16.380,,,ARROYITO,2026-01-01,2026-01-06,2026-10-06 12:59:28.137703,20261006_1259,2026-01-01 a 2026-01-06
SILAJES SAS,449524,Motivar,Morello R,Morello R 1,1Z08400YJGF515635,1Z08400YJGF515635,Mayco,2,Cosecha de forraje: Alfalfa - 5 ene 2026,Alfalfa,36.72327670683541,ha,61.80382968244306,%,4.291856525256824,t/ha,157.61103476304345,t,11.23635298925256,t/ha,412.6356999999989,t,24511.63900000176,s,6.240912133696459,km/h,5.392768193861454,ha/h,370.35654356944536,l,10.086451823588918,l/ha,54.39389658316627,l/h,60.59813321435468,t/h,60.59813321435463,t/h,0.4255338529193931,t/l,20.336463074235965,%,,,38.19617031755696,%,46.68947825686795,%,29.492948864934466,%,18.0,mm,0.9404242082741758,l/t,0.0,l/t,388.0526014781593,l,0.0,l,8.201582049109067,%,,,2026-01-05 13:27:20.800,2026-01-05 20:49:34.458,,,ARROYITO,2026-01-01,2026-01-06,2026-10-06 12:59:28.137703,20261006_1259,2026-01-01 a 2026-01-06
SILAJES SAS,449524,Motivar 2,morelo,los zorros - Archivado,1Z08400YJGF515635,1Z08400YJGF515635,Mayco,2,Cosecha de forraje: Alfalfa - 6 ene 2026,Alfalfa,23.054222193549155,ha,65.31315868612518,%,3.160449211159816,t/ha,72.86169834550554,t,9.111377950392008,t/ha,210.05573175774185,t,19140.71000000131,s,6.973021035059518,km/h,4.33605649407841,ha/h,281.044547097222,l,12.190588983559785,l/ha,52.8590825288055,l/h,39.50744953179983,t/h,39.5074495317998,t/h,0.2592532005977677,t/l,21.86616979304799,%,,,34.68684131387414,%,45.23883259276018,%,28.502535660217912,%,10.687106530749412,mm,0.61050962744648,l/t,0.0,l/t,128.241046538416,l,0.0,l,8.69993992075073,%,,,2026-01-06 09:25:48.987,2026-01-06 20:39:23.276,,,ARROYITO,2026-01-01,2026-01-06,2026-10-06 12:59:28.137703,20261006_1259,2026-01-01 a 2026-01-06
COOPERATIVA TAMBERA LAS CAÑITAS LTDA,526845,Nico Scienza,,Lote 1,8500,1Z08500YHRF625480,Santiago,,Cosecha de forraje: Maíz para ensilado - 6 ene 2026,Maíz para ensilado,7.739289042547756,ha,64.9049188960785,%,8.554786320413603,t/ha,66.20796403091445,t,24.37602664339614,t/ha,188.6531159020879,t,7237.548999997904,s,6.880717555959521,km/h,3.849568486953153,ha/h,142.20022416788697,l,18.37380971121782,l/ha,70.73123884958014,l/h,91.70940772904213,t/h,91.7094077290418,t/h,0.453809100227778,t/l,5.642905943247677,%,35.830837650291365,%,35.09508110392211,%,46.30324951815352,%,21.34886613631872,%,19.321294171547382,mm,0.3672315112045209,l/t,,,69.27936884616534,l,,,7.222056147791929,%,3.498484403831179,%,2026-01-06 18:30:45.208,2026-01-06 21:05:31.878,6.641686487363154,ha,ARROYITO,2026-01-01,2026-01-06,2026-10-06 12:59:28.137703,20261006_1259,2026-01-01 a 2026-01-06
EL PRADO SA,573387,Nicolas,Tambo,1,EQUIPO1-Juan 3491411923,1Z08600YLLF621030,Operador desconocido,,Cosecha de forraje: Alfalfa - 3 ene 2026,Alfalfa,16.8392441875733,ha,67.62360882837689,%,8.681659250575944,t/ha,146.19258007375294,t,26.81478366305729,t/ha,451.5406899391729,t,11725.039999999944,s,7.44231455960068,km/h,5.170082416031322,ha/h,333.7597494812832,l,19.82077899544181,l/ha,102.4759913938564,l/h,132.00350656265218,t/h,132.00350656265255,t/h,0.4138857912291959,t/l,,,,,32.37639117162308,%,,,,,20.1410859032474,mm,0.7011394876176353,l/t,,,313.28653283915685,l,,,,,,,2026-01-03 21:40:46.973,2026-01-04 11:19:33.438,5.195231758658151,ha,ARROYITO,2026-01-01,2026-01-06,2026-10-06 12:59:28.137703,20261006_1259,2026-01-01 a 2026-01-06
COOPERATIVA TAMBERA LAS CAÑITAS LTDA,526845,Nigro,Javier,00,8500,1Z08500YHRF625480,Santiago,,Cosecha de forraje: Alfalfa - 3 ene 2026,Alfalfa,11.322177219151216,ha,64.75719321368061,%,1.7691557252192465,t/ha,20.0306946492083,t,5.019905866027647,t/ha,56.83626383862179,t,4019.9439999990873,s,10.927520143579146,km/h,10.13940442676651,ha/h,66.4224156783406,l,5.866576224048826,l/ha,59.48358893608445,l/h,48.972731867357375,t/h,48.97273186735747,t/h,0.2881543709810921,t/l,25.353973842680983,%,,,35.24280678631946,%,30.43682310475079,%,34.07760078153883,%,18.16322217758305,mm,,,,,,,,,11.766819105824228,%,12.616592735468943,%,2026-01-03 08:23:47.069,2026-01-03 10:15:27.074,,,ARROYITO,2026-01-01,2026-01-06,2026-10-06 12:59:28.137703,20261006_1259,2026-01-01 a 2026-01-06
COOPERATIVA TAMBERA LAS CAÑITAS LTDA,526845,Nigro,Javier,4,8500,1Z08500YHRF625480,Santiago,,Cosecha de forraje: Alfalfa - 2 ene 2026,Alfalfa,19.538009100829388,ha,64.85769123722618,%,3.264525025731183,t/ha,63.78231966262113,t,9.289443809079753,t/ha,181.4972376834434,t,9375.421999999691,s,9.233794509998445,km/h,7.501649650862392,ha/h,173.67430711426064,l,8.889768942767821,l/ha,66.68793208576213,l/h,66.24924661551374,t/h,66.24924661551357,t/h,0.347858578812901,t/l,14.77444431359532,%,,,35.14230876277395,%,58.226716681818495,%,35.97345407819176,%,16.992010395756253,mm,,,,,,,,,9.0497978296714,%,9.944677714610794,%,2026-01-02 13:10:01.044,2026-01-02 17:10:46.924,14.517249000052828,ha,ARROYITO,2026-01-01,2026-01-06,2026-10-06 12:59:28.137703,20261006_1259,2026-01-01 a 2026-01-06
EL PRADO SA,573387,Osvaldo Suso,Arrufo,1,EQUIPO 2-3491414795,1Z08600YKLF621070,Juan Carrizo,,Cosecha de forraje: Alfalfa - 3 ene 2026,Alfalfa,0.2775479667683022,ha,64.99607930531609,%,16.543101339346276,t/ha,4.591504140777536,t,47.26070968918267,t/ha,13.117113882259652,t,298.5809999999977,s,5.573178208856541,km/h,3.3464040925776093,ha/h,6.280199624999997,l,22.62743877436765,l/ha,75.72055371909202,l/h,158.14389276321023,t/h,158.14389276321012,t/h,0.7309820088276483,t/l,,,,,35.0039206946838,%,,,,,21.996400000000147,mm,0.0,l/t,,,0.0,l,,,,,,,2026-01-03 18:17:55.542,2026-01-03 18:22:59.126,0.0014160491281571,ha,ARROYITO,2026-01-01,2026-01-06,2026-10-06 12:59:28.137703,20261006_1259,2026-01-01 a 2026-01-06
EL PRADO SA,573387,Rene Baldini.,El condor,1,EQUIPO 2-3491414795,1Z08600YKLF621070,Juan Carrizo,,Cosecha de forraje: Alfalfa - 2 ene 2026,Alfalfa,3.309741104204614,ha,64.75638223943659,%,10.23040512963772,t/ha,33.859992370227694,t,29.02768154830385,t/ha,96.07411078018308,t,2843.458999999854,s,7.227199935829405,km/h,4.190068580252957,ha/h,48.553809976851824,l,14.670932309208228,l/ha,61.472212511830186,l/h,120.22539734763204,t/h,120.22539734763164,t/h,0.6845188639269102,t/l,,,,,35.243617760562856,%,,,,,17.9832000000002,mm,0.0510881522318525,l/t,,,4.887042287003636,l,,,,,,,2026-01-02 23:58:19.204,2026-01-03 08:15:31.434,0.010155582059523,ha,ARROYITO,2026-01-01,2026-01-06,2026-10-06 12:59:28.137703,20261006_1259,2026-01-01 a 2026-01-06
EL PRADO SA,573387,Rene Baldini.,Tambo,4,EQUIPO 2-3491414795,1Z08600YKLF621070,Juan Carrizo,,Cosecha de forraje: Alfalfa - 3 ene 2026,Alfalfa,7.18864269741394,ha,64.11875524029121,%,8.96221653787465,t/ha,64.42617246763506,t,24.977440436900512,t/ha,179.5538947968165,t,5541.574999999782,s,8.41647560585585,km/h,4.6699925040609065,ha/h,103.67602369907424,l,14.422197355332576,l/ha,67.35155354148952,l/h,114.44496178915324,t/h,114.44496178915368,t/h,0.5947262463890838,t/l,,,,,35.88124475970856,%,,,,,17.983199999998934,mm,0.0,l/t,,,0.0,l,,,,,,,2026-01-03 08:44:12.379,2026-01-03 12:06:39.016,2.41923475444223,ha,ARROYITO,2026-01-01,2026-01-06,2026-10-06 12:59:28.137703,20261006_1259,2026-01-01 a 2026-01-06
SILAJES CORDES,330434,Reyunos S.A.,Ticino,19,Picadora 2,1Z08500YJRF627030,Elias,1~2,Cosecha de forraje: Maíz para ensilado - 6 ene 2026,Maíz para ensilado,24.116238615450488,ha,60.39276725865513,%,11.78072884871378,t/ha,284.10686797950285,t,29.743882703565788,t/ha,717.3105726291632,t,19720.83199999904,s,6.16382948403509,km/h,4.402341154350125,ha/h,489.3785601825015,l,20.292151546138136,l/ha,89.3351161176717,l/h,146.38120201872115,t/h,146.3812020187198,t/h,0.6486138650973972,t/l,5.679764098813901,%,32.73566600984384,%,39.607232741344575,%,43.81949995186216,%,21.08535940322757,%,11.822018793833484,mm,,,0.0260372601995404,l/t,,,21.2009000605222,l,5.972375755013688,%,3.1180989930975027,%,2026-01-06 14:26:23.105,2026-01-06 21:23:41.390,15.232096251378955,ha,ARROYITO,2026-01-01,2026-01-06,2026-10-06 12:59:28.137703,20261006_1259,2026-01-01 a 2026-01-06
COOP DE PROV DE SERV AGROP SAN MARTIN LTDA,534599,Rodolfo Baldo,Her-bal,16 Bossana,1Z08600YKRF627041,1Z08600YKRF627041,Operador desconocido,12,Cosecha de forraje: Maíz para ensilado - 5 ene 2026,Maíz para ensilado,0.819575499299008,ha,58.68833577686649,%,12.02644252587526,t/ha,9.85657763793504,t,29.111493695625,t/ha,23.859066980931782,t,660.5409999999953,s,7.317870402513529,km/h,4.466750432564274,ha/h,17.992721229166666,l,21.95370804099932,l/ha,98.06173488852389,l/h,121.44058080747767,t/h,121.44058080747766,t/h,0.5124500152970873,t/l,,,,,41.31166422313338,%,,,,,16.452111075639127,mm,0.0042185484109929,l/t,,,0.0202992482135565,l,,,,,,,2026-01-05 06:59:53.200,2026-01-05 19:45:15.645,0.1978145137532462,ha,ARROYITO,2026-01-01,2026-01-06,2026-10-06 12:59:28.137703,20261006_1259,2026-01-01 a 2026-01-06
COOP DE PROV DE SERV AGROP SAN MARTIN LTDA,534599,Rodolfo Baldo,Her-bal,Candelero,1Z08600YKRF627041,1Z08600YKRF627041,Operador desconocido,12,Cosecha de forraje: Maíz para ensilado - 5 ene 2026,Maíz para ensilado,0.9374117405655376,ha,66.40773703893802,%,5.035720710097937,t/ha,4.720543715854832,t,14.990715915551792,t/ha,14.052473098720911,t,632.1009999999873,s,7.972036396325601,km/h,5.33883393007761,ha/h,14.32884353910944,l,15.28553880759474,l/ha,81.60695322550508,l/h,76.09622777145186,t/h,76.09622777145171,t/h,0.3129339910516081,t/l,,,,,33.59226296106204,%,,,,,17.50540641201349,mm,0.0494381554499947,l/t,,,0.6947283495114326,l,,,,,,,2026-01-05 07:34:37.556,2026-01-05 10:49:55.856,0.3171277821171199,ha,ARROYITO,2026-01-01,2026-01-06,2026-10-06 12:59:28.137703,20261006_1259,2026-01-01 a 2026-01-06
COOP DE PROV DE SERV AGROP SAN MARTIN LTDA,534599,Rodolfo Baldo,Her-bal,Candellero,1Z08600YKRF627041,1Z08600YKRF627041,Operador desconocido,12,Cosecha de forraje: Maíz para ensilado - 5 ene 2026,Maíz para ensilado,0.039558515449556,ha,55.49330407390539,%,10.704014164767829,t/ha,0.4234349097092349,t,24.050345553716944,t/ha,0.9513959661538736,t,35.596000000000025,s,6.727129317990854,km/h,4.000748837464919,ha/h,0.8216627083333329,l,20.770817584929222,l/ha,83.09882430610173,l/h,96.21939201466296,t/h,96.219392014663,t/h,0.5153390867259064,t/l,,,,,44.506695926094594,%,,,,,15.97660000000001,mm,,,,,,,,,,,,,2026-01-05 21:04:35.259,2026-01-05 21:50:53.524,,,ARROYITO,2026-01-01,2026-01-06,2026-10-06 12:59:28.137703,20261006_1259,2026-01-01 a 2026-01-06
COOP DE PROV DE SERV AGROP SAN MARTIN LTDA,534599,Rodolfo Baldo,Her-bal,Valdez,1Z08600YKRF627041,1Z08600YKRF627041,Operador desconocido,12,Cosecha de forraje: Maíz para ensilado - 6 ene 2026,Maíz para ensilado,0.1287692198868553,ha,66.43845046047726,%,7.957303975876387,t/ha,1.0246558253761746,t,23.709584584304302,t/ha,3.053064710762276,t,317.760999999997,s,2.159114462834667,km/h,1.4588611931378683,ha/h,3.4150133876381186,l,26.52041684059876,l/ha,38.68960695458961,l/h,32.94965696979165,t/h,32.94965696979163,t/h,0.2864752860692779,t/l,,,,,33.561549539522915,%,,,,,15.976599999999834,mm,,,,,,,,,,,,,2026-01-06 07:47:03.955,2026-01-06 08:01:38.450,,,ARROYITO,2026-01-01,2026-01-06,2026-10-06 12:59:28.137703,20261006_1259,2026-01-01 a 2026-01-06
COOPERATIVA AGROPECUARIA LTDA. DE BALNEARIA,2839981,Rossi Roberto Oscar.,Tambo Rossi R.,Lote 2,8600,1Z08600YEMF622022,Operador desconocido,Alfa,Cosecha de forraje: Alfalfa - 3 ene 2026,Alfalfa,14.83540021511733,ha,68.01336647681126,%,6.714693271643086,t/ha,99.61516200658076,t,20.99218495993015,t/ha,311.4274652703306,t,9545.822999996468,s,7.842756672647809,km/h,5.594849262807348,ha/h,223.82246986656787,l,15.087053036728385,l/ha,84.40978756048003,l/h,114.38952843645836,t/h,114.38952843645885,t/h,0.4317250363661302,t/l,,,,,31.98663352318976,%,,,,,17.98320000000333,mm,,,0.0173736987735052,l/t,,,5.410646971403024,l,,,,,2026-01-03 15:44:04.362,2026-01-03 19:44:09.442,11.256189461718806,ha,ARROYITO,2026-01-01,2026-01-06,2026-10-06 12:59:28.137703,20261006_1259,2026-01-01 a 2026-01-06
COOPERATIVA AGROPECUARIA LTDA. DE BALNEARIA,2839981,Rossi Roberto Oscar.,Tambo Rossi R.,Lote 5,8600,1Z08600YEMF622022,Operador desconocido,,Cosecha de forraje: Maíz para ensilado - 4 ene 2026,Maíz para ensilado,9.993252684004888,ha,42.01678660526412,%,11.14529915897518,t/ha,111.37779073446616,t,19.22159622837831,t/ha,192.0862681000997,t,6123.008000000027,s,8.287828889878393,km/h,5.8754961062303455,ha/h,144.63012149371696,l,14.47277738960911,l/ha,85.03474719898766,l/h,110.2921914415733,t/h,110.29219144157388,t/h,0.7510993267912855,t/l,,,,,57.98321339473606,%,,,,,17.98320000000258,mm,,,,,,,,,,,,,2026-01-04 11:39:12.106,2026-01-04 15:21:42.410,7.122495827147459,ha,ARROYITO,2026-01-01,2026-01-06,2026-10-06 12:59:28.137703,20261006_1259,2026-01-01 a 2026-01-06
COOPERATIVA AGROPECUARIA LTDA. DE BALNEARIA,2839981,Rossi Roberto Oscar.,Tambo Rossi R.,lote 6,8600,1Z08600YEMF622022,Operador desconocido,Alfa,Cosecha de forraje: Alfalfa - 3 ene 2026,Alfalfa,0.0002019454713119,ha,69.21738133570258,%,196074.46777184893,t/ha,39.59635080641734,t,636964.8726450477,t/ha,128.6321714154329,t,0.2009999999999998,s,5.011337499839996,km/h,3.616933814541618,ha/h,0.0026604583333333,l,13.17414208919907,l/ha,47.65000000000007,l/h,55.501402037058966,t/h,55.50140203705894,t/h,0.3797157830866992,t/l,,,,,30.782618664296912,%,,,,,17.983200000000007,mm,,,0.0,l/t,,,0.0,l,,,,,2026-01-03 20:12:58.221,2026-01-03 20:12:58.422,0.0,ha,ARROYITO,2026-01-01,2026-01-06,2026-10-06 12:59:28.137703,20261006_1259,2026-01-01 a 2026-01-06
COOPERATIVA AGROPECUARIA LTDA. DE BALNEARIA,2839981,Sartori,sol de mayo,Lote1,8500,1Z08500YTJ0619027,Emiliano,2,Cosecha de forraje: Maíz para ensilado - 2 ene 2026,Maíz para ensilado,8.196430966029167,ha,64.99999999999996,%,7.753860218356633,t/ha,63.55397999999998,t,22.153886338161808,t/ha,181.5828,t,6374.871000000129,s,6.365295083983738,km/h,4.628132524584387,ha/h,130.29271759722195,l,15.898108480626975,l/ha,73.57855293855988,l/h,102.53521365373308,t/h,102.53521365373294,t/h,0.4877416495099265,t/l,,,,,35.00000000000001,%,,,,,17.0,mm,0.0,l/t,0.0,l/t,0.0,l,0.0,l,,,,,2026-01-02 14:08:36.400,2026-01-02 15:55:23.276,,,ARROYITO,2026-01-01,2026-01-06,2026-10-06 12:59:28.137703,20261006_1259,2026-01-01 a 2026-01-06
COOPERATIVA AGROPECUARIA LTDA. DE BALNEARIA,2839981,sartori juan,tambo,lote 3,8500,1Z08500YTJ0619027,Emiliano,2,Cosecha de forraje: Maíz para ensilado - 2 ene 2026,Maíz para ensilado,21.63401167927265,ha,65.00000000000001,%,7.261850567942454,t/ha,157.1029599999998,t,20.74814447983561,t/ha,448.8656,t,16722.64800000065,s,6.2881257118601255,km/h,4.65672990610062,ha/h,342.42343769444415,l,15.829962506137624,l/ha,73.71585981478238,l/h,96.63039968310864,t/h,96.63039968310848,t/h,0.4587973330849744,t/l,,,,,35.000000000000014,%,,,,,17.0,mm,0.0,l/t,0.0,l/t,0.0,l,0.0,l,,,,,2026-01-02 16:03:59.400,2026-01-03 10:53:44.964,,,ARROYITO,2026-01-01,2026-01-06,2026-10-06 12:59:28.137703,20261006_1259,2026-01-01 a 2026-01-06
EL PRADO SA,573387,Scalerandi Guillermo,Laguna,Lote-1,EQUIPO1-Juan 3491411923,1Z08600YLLF621030,Operador desconocido,,Cosecha de forraje: Alfalfa - 3 ene 2026,Alfalfa,13.117243324262706,ha,59.11363504147088,%,8.523274408373691,t/ha,111.80186433409894,t,20.84625135303373,t/ha,273.44535139648406,t,8872.446999999123,s,7.584781144552971,km/h,5.322200457365383,ha/h,238.53835906342547,l,18.18553518183388,l/ha,96.78706366219116,l/h,109.30186588345072,t/h,109.30186588345168,t/h,0.459882001940068,t/l,,,,,40.88636495852906,%,,,,,14.230543242579431,mm,0.6793323984417673,l/t,,,183.7882224384232,l,,,,,,,2026-01-03 10:42:05.597,2026-01-03 16:44:58.179,7.43771806988251,ha,ARROYITO,2026-01-01,2026-01-06,2026-10-06 12:59:28.137703,20261006_1259,2026-01-01 a 2026-01-06
EL PRADO SA,573387,sin cliente,x,L3,EQUIPO 2-3491414795,1Z08600YKLF621070,Juan Carrizo,,Cosecha de forraje: Alfalfa - 2 ene 2026,Alfalfa,0.2694308834316264,ha,64.07793160951037,%,6.317030312816971,t/ha,1.70200305784664,t,17.585374662026606,t/ha,4.738043030665967,t,168.9619999999989,s,6.949323285345763,km/h,5.740646893111243,ha/h,2.4654497083333347,l,9.150583173435612,l/ha,52.53026686473915,l/h,98.53944895131656,t/h,98.5394489513164,t/h,0.6565511502495576,t/l,,,,,35.922068390489486,%,,,,,17.983199999999893,mm,0.5888020315274349,l/t,,,2.789769361920527,l,,,,,,,2026-01-02 16:07:43.176,2026-01-02 17:52:15.370,,,ARROYITO,2026-01-01,2026-01-06,2026-10-06 12:59:28.137703,20261006_1259,2026-01-01 a 2026-01-06
EL PRADO SA,573387,Stieffel,Laprusia,Lote1,EQUIPO 2-3491414795,1Z08600YKLF621070,Juan Carrizo,,Cosecha de forraje: Alfalfa - 5 ene 2026,Alfalfa,6.069172419724634,ha,64.85098171348791,%,14.824421254588511,t/ha,89.97196861672825,t,42.17591835353512,t/ha,255.97292044783333,t,6929.619999998688,s,5.433559447032681,km/h,3.152989732627854,ha/h,151.42972801651197,l,24.9506386611082,l/ha,78.66910752098198,l/h,131.312586170065,t/h,131.3125861700625,t/h,0.5842115997981118,t/l,,,,,35.14901828651213,%,,,,,17.983199999995282,mm,0.008673318796728,l/t,,,2.220134742373556,l,,,,,,,2026-01-05 18:02:15.395,2026-01-05 21:20:43.434,3.93264138288631,ha,ARROYITO,2026-01-01,2026-01-06,2026-10-06 12:59:28.137703,20261006_1259,2026-01-01 a 2026-01-06
SILAJES SAS,449524,taca nuevo,Tambo viejo,Carrilobo,1Z08600YCRF625485,1Z08600YCRF625485,Juan,,Cosecha de forraje: Maíz para ensilado - 6 ene 2026,Maíz para ensilado,11.190416160587802,ha,63.14731609629628,%,6.978593777178664,t/ha,78.0933685823176,t,18.93646008365029,t/ha,211.9068689444061,t,7805.069999998252,s,7.439442012650545,km/h,5.16145251459948,ha/h,181.97991178417084,l,16.262121906162548,l/ha,83.93617000528684,l/h,94.9995705273762,t/h,94.9995705273766,t/h,0.414929019683709,t/l,6.592046884188719,%,27.63235148846625,%,36.85268390370352,%,49.33965992119475,%,25.27951121168577,%,15.976599999999411,mm,1.188955643624834,l/t,,,251.9478677543221,l,,,6.81485943983587,%,4.077821019944153,%,2026-01-06 19:19:07.115,2026-01-06 22:33:41.355,6.882763437964747,ha,ARROYITO,2026-01-01,2026-01-06,2026-10-06 12:59:28.137703,20261006_1259,2026-01-01 a 2026-01-06
COOPERATIVA AGROPECUARIA LTDA. DE BALNEARIA,2839981,"Vecchiatto Elvio, Juan y Luis",Tambo Vecchiatto,Lote 1,8500,1Z08500YTJ0619027,Emiliano,2,Cosecha de forraje: Maíz para ensilado - 6 ene 2026,Maíz para ensilado,22.205738920526507,ha,65.0000000000002,%,7.463904740715114,t/ha,165.7415199999999,t,21.32544211632886,t/ha,473.5471999999988,t,17785.690000002065,s,6.063542275669842,km/h,4.494215119945638,ha/h,355.5202176805535,l,16.011876400800652,l/ha,71.96081701917907,l/h,95.85064847075373,t/h,95.85064847075412,t/h,0.4661943590193362,t/l,,,,,35.00000000000013,%,,,,,17.0,mm,0.0,l/t,0.0,l/t,0.0,l,0.0,l,,,,,2026-01-06 18:50:30.200,2026-01-06 23:55:38.875,,,ARROYITO,2026-01-01,2026-01-06,2026-10-06 12:59:28.137703,20261006_1259,2026-01-01 a 2026-01-06
EL PRADO SA,573387,,,,EQUIPO 2-3491414795,1Z08600YKLF621070,Juan Carrizo,,Cosecha de forraje: Alfalfa - 7 ene 2026,Alfalfa,0.544402246097737,ha,64.48906000207676,%,21.671742037930358,t/ha,11.798145042300035,t,61.02835362622877,t/ha,33.22397278976592,t,554.6629999999915,s,5.881042364462737,km/h,3.5334033204880826,ha/h,13.091502722222245,l,24.047481097041427,l/ha,84.96944955766062,l/h,212.70651199500807,t/h,212.70651199500784,t/h,0.8761652521678662,t/l,,,,,35.51093999792305,%,,,,,21.99640000000063,mm,0.0,l/t,,,0.0,l,,,,,,,2026-01-07 16:01:09.339000,2026-01-07 16:16:50.910000,,,ARROYITO,2026-01-07 00:00:00,2026-01-13 00:00:00,2026-10-06 13:10:48.366263,20261006_1310,2026-01-07 a 2026-01-13
EL PRADO SA,573387,,Estancia.Sa.Franico,Lote1,EQUIPO 2-3491414795,1Z08600YKLF621070,Juan Carrizo,,Cosecha de forraje: Alfalfa - 7 ene 2026,Alfalfa,18.631161034484588,ha,64.7700433840185,%,17.077298910980925,t/ha,318.1699060445139,t,48.47380057014906,t/ha,903.123184375938,t,21629.912999995773,s,5.247561864011805,km/h,3.100820999333534,ha/h,523.4697208808939,l,28.097171183427317,l/ha,87.12429842744086,l/h,148.19354356562795,t/h,148.1935435656284,t/h,0.5953303634481081,t/l,,,,,35.229956615981365,%,,,,,15.205381271870907,mm,0.1112419053757227,l/t,,,94.70713028805702,l,,,,,,,2026-01-07 00:15:16.114000,2026-01-07 15:59:40.339000,10.980550166749234,ha,ARROYITO,2026-01-07 00:00:00,2026-01-13 00:00:00,2026-10-06 13:10:48.366263,20261006_1310,2026-01-07 a 2026-01-13
SILAJES SACANTA,425003,1,1,3,silaje sacanta sa,1Z08600YVSF627342,Operador desconocido,12,Cosecha de forraje: Alfalfa - 11 ene 2026,Alfalfa,0.8555035935210851,ha,79.04136928782786,%,10.078355389059237,t/ha,8.62206925212277,t,48.08689807777393,t/ha,41.13851410681775,t,751.7200000000236,s,5.653718893759637,km/h,4.0970214131269325,ha/h,19.57299401058204,l,22.878915014282303,l/ha,93.73540472262668,l/h,194.1029064816725,t/h,194.10290648167296,t/h,0.4201720051595711,t/l,,,,,20.95863071217216,%,,,,,20.128104685293263,mm,,,,,,,,,,,,,2026-01-11 09:27:46.256000,2026-01-11 10:12:37.526000,,,ARROYITO,2026-01-07 00:00:00,2026-01-13 00:00:00,2026-10-06 13:10:48.366263,20261006_1310,2026-01-07 a 2026-01-13
COOP DE PROV DE SERV AGROP SAN MARTIN LTDA,534599,1,Javier Rho,50bosio,1Z08600YKRF627041,1Z08600YKRF627041,Operador desconocido,12,Cosecha de forraje: Maíz para ensilado - 7 ene 2026,Maíz para ensilado,48.08886711251513,ha,63.9011730186884,%,11.794005968096451,t/ha,567.1603857240007,t,32.67143825532502,t/ha,1571.1324526350684,t,33235.6379999997,s,7.363543562436092,km/h,5.208781046142691,ha/h,1000.0537561805592,l,20.796283255922837,l/ha,108.32328605366445,l/h,165.4090140897615,t/h,165.40901408976302,t/h,0.5516272132608816,t/l,,,,,36.09882698131302,%,,,,,16.863663493923475,mm,0.0168567972811954,l/t,,,26.47644988587177,l,,,,,,,2026-01-07 21:53:01.358000,2026-01-12 16:33:08.313000,41.74447383689234,ha,ARROYITO,2026-01-07 00:00:00,2026-01-13 00:00:00,2026-10-06 13:10:48.366263,20261006_1310,2026-01-07 a 2026-01-13
LyS AGRO SA,5669981,Acastelo gerardo,Acastelo gerardo,Maiz,1Z08500YCMF622008,1Z08500YCMF622008,Operador desconocido,,Cosecha de forraje: Maíz para ensilado - 10 ene 2026,Maíz para ensilado,0.5827884576476672,ha,64.76817521448632,%,7.186687103037866,t/ha,4.188318292375819,t,20.39828236768708,t/ha,11.887883519725955,t,660.3609999999924,s,5.877856081126701,km/h,3.1758719360041434,ha/h,12.009381861111118,l,20.614782492902023,l/ha,65.4699091860369,l/h,62.11165428292073,t/h,62.11165428292075,t/h,0.3324167029804226,t/l,,,,,35.23182478551384,%,,,,,15.976599999999983,mm,0.0186708658769687,l/t,,,0.2209861969194057,l,,,,,,,2026-01-10 20:29:48.066000,2026-01-11 06:25:00.676000,0.2469938488824769,ha,ARROYITO,2026-01-07 00:00:00,2026-01-13 00:00:00,2026-10-06 13:10:48.366263,20261006_1310,2026-01-07 a 2026-01-13
LyS AGRO SA,5669981,Acastelo gerardo,Tambo 11/01/26,Tambo maiz,1Z08500YCMF622008,1Z08500YCMF622008,Operador desconocido,,Cosecha de forraje: Maíz para ensilado - 11 ene 2026,Maíz para ensilado,1.66601110165641,ha,64.75221695052672,%,7.08641798945787,t/ha,11.80605104141451,t,20.104577866674376,t/ha,33.494449919995255,t,1942.6480000000508,s,5.767435721108384,km/h,3.087352915177068,ha/h,35.63445971274248,l,21.38908899065164,l/ha,66.03566624827026,l/h,60.65464967523193,t/h,60.65464967523216,t/h,0.3214797183467092,t/l,,,,,35.24778304947364,%,,,,,15.976600000000358,mm,0.0044236353620822,l/t,,,0.1481672330995822,l,,,,,,,2026-01-11 06:41:59.573000,2026-01-11 07:30:34.456000,0.4372878613447302,ha,ARROYITO,2026-01-07 00:00:00,2026-01-13 00:00:00,2026-10-06 13:10:48.366263,20261006_1310,2026-01-07 a 2026-01-13
LyS AGRO SA,5669981,Acastelo gerardo,Tambo lote 2,Tambo lote 2,1Z08500YCMF622008,1Z08500YCMF622008,Operador desconocido,,Cosecha de forraje: Maíz para ensilado - 11 ene 2026,Maíz para ensilado,11.265497595972729,ha,64.93216998079359,%,7.54317573298238,t/ha,84.97762808591283,t,21.510243801372987,t/ha,242.32359983315467,t,10748.383999999522,s,6.8834839980886136,km/h,3.773122435661455,ha/h,218.3905764679874,l,19.383617916833124,l/ha,73.14644464551989,l/h,78.75327155394609,t/h,78.75327155394638,t/h,0.3768282269556562,t/l,,,,,35.06783001920629,%,,,,,15.976599999997566,mm,0.0,l/t,,,0.0,l,,,,,,,2026-01-11 07:42:03.803000,2026-01-11 11:45:40.241000,9.797505261785483,ha,ARROYITO,2026-01-07 00:00:00,2026-01-13 00:00:00,2026-10-06 13:10:48.366263,20261006_1310,2026-01-07 a 2026-01-13
visconti,418068,Alacia mario,Casa,Maiz,Visconti,1Z08500YKHF516569,Operador desconocido,1,Cosecha de forraje: Maíz para ensilado - 13 ene 2026,Maíz para ensilado,6.894841896271458,ha,0.0,%,27.55589580104936,t/ha,189.99354485836585,t,27.55589580104936,t/ha,189.99354485836585,t,4487.521000000268,s,7.721989938049989,km/h,5.530255645434474,ha/h,112.94562651736122,l,16.383961640629252,l/ha,90.6077666182456,l/h,147.72504919947778,t/h,147.7250491994776,t/h,1.6303795437523856,t/l,,,,,100.00000000000026,%,,,,,17.982167828680463,mm,,,,,,,,,,,,,2026-01-13 19:32:27.258000,2026-01-13 21:12:49.929000,2.1560121058171697,ha,ARROYITO,2026-01-07 00:00:00,2026-01-13 00:00:00,2026-10-06 13:10:48.366263,20261006_1310,2026-01-07 a 2026-01-13
visconti,418068,Alacia mario,Cementerio,Maiz,Visconti,1Z08500YKHF516569,Operador desconocido,1,Cosecha de forraje: Maíz para ensilado - 13 ene 2026,Maíz para ensilado,8.220861629208267,ha,0.0,%,24.754558087626904,t/ha,203.5037967305792,t,24.754558087626904,t/ha,203.5037967305792,t,4803.883999999018,s,8.658289567635899,km/h,6.1606612202034245,ha/h,113.4545855462963,l,13.800814399210775,l/ha,85.02214207644288,l/h,149.9481904738142,t/h,149.94819047381353,t/h,1.763636939880859,t/l,,,,,99.99999999999922,%,,,,,17.98320000000419,mm,,,,,,,,,,,,,2026-01-13 14:10:52.063000,2026-01-13 16:28:18.629000,,,ARROYITO,2026-01-07 00:00:00,2026-01-13 00:00:00,2026-10-06 13:10:48.366263,20261006_1310,2026-01-07 a 2026-01-13
visconti,418068,Alacia mario,Cementerio,MaiZ 2,Visconti,1Z08500YKHF516569,Operador desconocido,1,Cosecha de forraje: Maíz para ensilado - 13 ene 2026,Maíz para ensilado,11.315230436770507,ha,0.0,%,24.279806161702176,t/ha,274.7316016797806,t,24.279806161702176,t/ha,274.7316016797806,t,6390.389000000148,s,8.996073109906368,km/h,6.37421208098174,ha/h,151.97929036053205,l,13.431765727152976,l/ha,85.61692336693497,l/h,149.23652727795587,t/h,149.23652727795567,t/h,1.7430727642286594,t/l,,,,,100.00000000000033,%,,,,,17.983200000001062,mm,,,,,,,,,,,,,2026-01-13 16:35:02.778000,2026-01-13 19:16:56.173000,6.011448322559183,ha,ARROYITO,2026-01-07 00:00:00,2026-01-13 00:00:00,2026-10-06 13:10:48.366263,20261006_1310,2026-01-07 a 2026-01-13
visconti,418068,Alacia mario,Centro alfa,Ruta autopista,Visconti,1Z08500YKHF516569,Operador desconocido,1,Cosecha de forraje: Maíz para ensilado - 13 ene 2026,Maíz para ensilado,0.8609267812063265,ha,0.0,%,26.880546664429072,t/ha,23.14218251687338,t,26.880546664429072,t/ha,23.14218251687338,t,553.529999999992,s,7.671775615010391,km/h,5.59922029942879,ha/h,13.004609289351857,l,15.105360378184374,l/ha,84.57824045971736,l/h,149.997397176032,t/h,149.99739717603245,t/h,1.773475025736346,t/l,,,,,99.99999999999996,%,,,,,17.983200000000146,mm,,,,,,,,,,,,,2026-01-13 14:19:44.393000,2026-01-13 14:38:38.054000,,,ARROYITO,2026-01-07 00:00:00,2026-01-13 00:00:00,2026-10-06 13:10:48.366263,20261006_1310,2026-01-07 a 2026-01-13
SILAJES SACANTA,425003,ambroguio,2,2,silaje sacanta sa,1Z08600YVSF627342,Operador desconocido,12,Cosecha de forraje: Alfalfa - 13 ene 2026,Alfalfa,13.862389390820134,ha,65.22397488199613,%,12.77231441298524,t/ha,177.0547958147857,t,36.7273556125102,t/ha,509.1289047957397,t,10681.195999996562,s,6.526176077656297,km/h,4.672111166855171,ha/h,273.18549782369865,l,19.703266700538794,l/ha,92.0746882807542,l/h,167.26875749649923,t/h,167.2687574964971,t/h,0.6181916089108062,t/l,,,,,34.77602511800378,%,,,,,16.090848571025642,mm,,,,,,,,,,,,,2026-01-13 07:10:50.179000,2026-01-13 22:11:51.310000,8.234668877274114,ha,ARROYITO,2026-01-07 00:00:00,2026-01-13 00:00:00,2026-10-06 13:10:48.366263,20261006_1310,2026-01-07 a 2026-01-13
SILAJES SACANTA,425003,ambroguio,2,Ambrogio,silaje sacanta sa,1Z08600YVSF627342,Operador desconocido,12,Cosecha de forraje: Alfalfa - 13 ene 2026,Alfalfa,29.52900953418187,ha,63.23315428207769,%,12.497070985853384,t/ha,369.0261282906122,t,33.99005474043686,t/ha,1003.6926504977238,t,21821.793000011014,s,6.740595762844133,km/h,4.871480282257147,ha/h,546.4061116396862,l,18.50404467536216,l/ha,90.14208877803608,l/h,161.523277473132,t/h,161.52327747313635,t/h,0.6495764184218499,t/l,,,,,36.76684571792092,%,,,,,16.084243296260773,mm,,,,,,,,,,,,,2026-01-13 07:10:03.384000,2026-01-13 17:00:01.954000,21.41807777415114,ha,ARROYITO,2026-01-07 00:00:00,2026-01-13 00:00:00,2026-10-06 13:10:48.366263,20261006_1310,2026-01-07 a 2026-01-13
SILAJES SACANTA,425003,ambroguio,carrilobo,4,silaje sacanta sa,1Z08600YVSF627342,Operador desconocido,12,Cosecha de forraje: Alfalfa - 13 ene 2026,Alfalfa,1.1828666871610665,ha,63.02970356144765,%,12.749468318761808,t/ha,15.080921353278748,t,34.48570757324717,t/ha,40.791994671572176,t,1132.6600000001004,s,5.060896898934885,km/h,3.7595748713466417,ha/h,23.60749959551219,l,19.957870021829187,l/ha,75.0331066196714,l/h,128.62204076881014,t/h,128.62204076880943,t/h,0.631888620451316,t/l,,,,,36.9702964385524,%,,,,,15.976599999999024,mm,,,,,,,,,,,,,2026-01-13 17:04:10.324000,2026-01-13 17:45:15.195000,,,ARROYITO,2026-01-07 00:00:00,2026-01-13 00:00:00,2026-10-06 13:10:48.366263,20261006_1310,2026-01-07 a 2026-01-13
COOPERATIVA TAMBERA LAS CAÑITAS LTDA,526845,Androeto (balnearia),,Lote 5,8500,1Z08500YHRF625480,Santiago,,Cosecha de forraje: Maíz para ensilado - 13 ene 2026,Maíz para ensilado,18.3122149299438,ha,64.95348904007193,%,4.727952830175222,t/ha,86.57928840480471,t,13.490509327964638,t/ha,247.04110632810008,t,12505.842999998446,s,9.386539833723088,km/h,5.271453811453945,ha/h,245.2003904577635,l,13.389990855602012,l/ha,70.58471833110832,l/h,69.54204195192733,t/h,69.54204195192702,t/h,0.3448298053552946,t/l,6.837980734057551,%,22.76428807304594,%,35.046510959927524,%,53.73855495936719,%,28.295446880063885,%,17.983200000015575,mm,,,,,,,,,7.544828304939506,%,5.65449978695447,%,2026-01-13 11:05:43.255000,2026-01-13 16:59:22.425000,15.258796623298023,ha,ARROYITO,2026-01-07 00:00:00,2026-01-13 00:00:00,2026-10-06 13:10:48.366263,20261006_1310,2026-01-07 a 2026-01-13
COOPERATIVA TAMBERA LAS CAÑITAS LTDA,526845,Androeto (balnearia),,Lote sorgo 2,8500,1Z08500YHRF625480,Santiago,,Cosecha de forraje: Maíz para ensilado - 13 ene 2026,Maíz para ensilado,0.1155855608060231,ha,64.98489724621972,%,3.617831811068837,t/ha,0.418169118784262,t,10.332203896440657,t/ha,1.1942535817322713,t,100.9910000000001,s,7.262805320091697,km/h,4.120248526122931,ha/h,1.4310135972222229,l,12.38055676888365,l/ha,51.01097077957439,l/h,42.56135644399157,t/h,42.56135644399156,t/h,0.2920249218499841,t/l,6.211127401109367,%,36.3004518960215,%,35.015102753780646,%,47.62417500883421,%,30.225628600204324,%,17.983199999999798,mm,,,,,,,,,9.707737107306258,%,7.387226146970589,%,2026-01-13 11:05:38.055000,2026-01-13 15:31:35.086000,0.0,ha,ARROYITO,2026-01-07 00:00:00,2026-01-13 00:00:00,2026-10-06 13:10:48.366263,20261006_1310,2026-01-07 a 2026-01-13
COOPERATIVA AGROPECUARIA LTDA. DE BALNEARIA,2839981,Androetto,Puesto,Lote 3 diego,8600,1Z08600YEMF622022,Operador desconocido,MAIZ,Cosecha de forraje: Maíz para ensilado - 12 ene 2026,Maíz para ensilado,10.602786313624796,ha,72.74875925465805,%,6.682564832150592,t/ha,70.85380694223667,t,24.522057159151032,t/ha,260.0021320289715,t,6752.788000000197,s,8.13016980092223,km/h,5.652484681741468,ha/h,166.6443740043385,l,15.717035982343402,l/ha,88.84030513257645,l/h,135.99139842464268,t/h,135.99139842464243,t/h,0.4091102930005519,t/l,,,,,27.251240745341896,%,,,,,19.98980000000208,mm,,,,,,,,,,,,,2026-01-12 13:05:19.790000,2026-01-12 17:50:50.287000,5.549757202381741,ha,ARROYITO,2026-01-07 00:00:00,2026-01-13 00:00:00,2026-10-06 13:10:48.366263,20261006_1310,2026-01-07 a 2026-01-13
COOPERATIVA AGROPECUARIA LTDA. DE BALNEARIA,2839981,"Androetto Oscar, Vanina y Diego S.H.",Tambo Androetto,Lote 12,8600,1Z08600YEMF622022,Operador desconocido,MAIZ,Cosecha de forraje: Maíz para ensilado - 11 ene 2026,Maíz para ensilado,12.842389315811888,ha,61.9872593163955,%,10.862878483408329,t/ha,139.50531457428593,t,28.576941015183333,t/ha,366.996201971977,t,8994.409999999065,s,7.169430971716956,km/h,5.14014832956548,ha/h,237.8477023861432,l,18.52051799218532,l/ha,95.19820962022028,l/h,144.6508210175596,t/h,144.6508210175596,t/h,0.5748616803705678,t/l,,,,,38.01274068360469,%,,,,,17.983200000003308,mm,,,,,,,,,,,,,2026-01-11 11:10:24.196000,2026-01-11 15:33:56.750000,10.293716392063022,ha,ARROYITO,2026-01-07 00:00:00,2026-01-13 00:00:00,2026-10-06 13:10:48.366263,20261006_1310,2026-01-07 a 2026-01-13
COOPERATIVA AGROPECUARIA LTDA. DE BALNEARIA,2839981,"Androetto Oscar, Vanina y Diego S.H.",Tambo Androetto,Lote 12,8600,1Z08600YEMF622022,Operador desconocido,MAIZ,Cosecha de forraje: Maíz para ensilado - 11 ene 2026,Maíz para ensilado,0.0022150112013784,ha,0.0,%,0.0,t/ha,0.0,t,0.0,t/ha,0.0,t,0.599,s,17.925554632681198,km/h,13.312254298768623,ha/h,0.0024946458333333,l,1.1262452450718368,l/ha,14.992863105175292,l/h,0.0,t/h,0.0,t/h,0.0,t/l,,,,,0.0,%,,,,,17.983200000000007,mm,,,,,,,,,,,,,2026-01-11 18:55:44.694000,2026-01-11 18:55:45.293000,0.0022150112013784,ha,ARROYITO,2026-01-07 00:00:00,2026-01-13 00:00:00,2026-10-06 13:10:48.366263,20261006_1310,2026-01-07 a 2026-01-13
COOPERATIVA AGROPECUARIA LTDA. DE BALNEARIA,2839981,"Androetto Oscar, Vanina y Diego S.H.",Tambo Androetto,Lote 15,8600,1Z08600YEMF622022,Operador desconocido,MAIZ,Cosecha de forraje: Maíz para ensilado - 11 ene 2026,Maíz para ensilado,12.94509759328246,ha,59.482500138509536,%,7.887440193499149,t/ha,102.10368306602516,t,19.466749479761138,t/ha,251.9989718394885,t,7025.215999999038,s,9.379168391329252,km/h,6.633582702058164,ha/h,181.48716991252903,l,14.019760654929891,l/ha,93.00124176753994,l/h,126.76771852004848,t/h,126.7677185200476,t/h,0.549445521216591,t/l,,,,,40.51749986149144,%,,,,,17.983200000003098,mm,,,,,,,,,,,,,2026-01-11 15:40:07.942000,2026-01-11 18:52:37.899000,9.299597965468267,ha,ARROYITO,2026-01-07 00:00:00,2026-01-13 00:00:00,2026-10-06 13:10:48.366263,20261006_1310,2026-01-07 a 2026-01-13
COOP DE PROV DE SERV AGROP SAN MARTIN LTDA,534599,Baldo R,Candelero,Lotes central,1Z08600YKRF627041,1Z08600YKRF627041,Operador desconocido,12,Cosecha de forraje: Maíz para ensilado - 13 ene 2026,Maíz para ensilado,21.611395704862023,ha,56.70899760543874,%,10.5472860044474,t/ha,227.94157145446587,t,24.363690885043184,t/ha,526.5333645476084,t,13314.169999997515,s,8.445003366993351,km/h,5.843405679927049,ha/h,387.9968105651948,l,17.953557631028797,l/ha,104.90992063605574,l/h,136.6728958440946,t/h,136.67289584409315,t/h,0.5669025363929906,t/l,,,,,43.29100239456082,%,,,,,15.02590837083764,mm,0.0,l/t,,,0.0,l,,,,,,,2026-01-13 07:18:29.215000,2026-01-13 13:59:13.427000,16.80675242772158,ha,ARROYITO,2026-01-07 00:00:00,2026-01-13 00:00:00,2026-10-06 13:10:48.366263,20261006_1310,2026-01-07 a 2026-01-13
SILAJES SACANTA,425003,Banno pepi,Maiz,1,silaje sacanta sa,1Z08600YVSF627342,Operador desconocido,12,Cosecha de forraje: Alfalfa - 12 ene 2026,Alfalfa,21.474667341962093,ha,72.04524774509012,%,7.028956819196689,t/ha,150.94450945326489,t,25.144049766930824,t/ha,539.9601043745789,t,14481.09099999952,s,7.732651024295195,km/h,5.338603454053714,ha/h,308.2106678378607,l,14.352290674864518,l/ha,76.62118857041524,l/h,130.644573170873,t/h,130.6445731708741,t/h,0.4703172299448695,t/l,,,,,27.9547522549094,%,,,,,18.32797738418396,mm,,,,,,,,,,,,,2026-01-12 12:33:54.644000,2026-01-12 18:42:41.859000,4.682412710248506,ha,ARROYITO,2026-01-07 00:00:00,2026-01-13 00:00:00,2026-10-06 13:10:48.366263,20261006_1310,2026-01-07 a 2026-01-13
COOPERATIVA AGROPECUARIA LTDA. DE BALNEARIA,2839981,Baravalle Julio,Tambo Baravalle,Lote 1,8500,1Z08500YTJ0619027,Emiliano,2,Cosecha de forraje: Maíz para ensilado - 13 ene 2026,Maíz para ensilado,16.115097940807342,ha,65.0,%,9.154093915026458,t/ha,147.51911999999987,t,26.154554042932745,t/ha,421.48319999999984,t,16055.704000001731,s,4.875909109494068,km/h,3.613198906431137,ha/h,338.293556541666,l,20.9930240618062,l/ha,75.85197158280097,l/h,94.5047018803932,t/h,94.50470188039291,t/h,0.4360683706425552,t/l,,,,,35.00000000000002,%,,,,,14.371795802773946,mm,0.0,l/t,0.0,l/t,0.0,l,0.0,l,,,,,2026-01-13 08:57:05.800000,2026-01-13 13:26:17.491000,,,ARROYITO,2026-01-07 00:00:00,2026-01-13 00:00:00,2026-10-06 13:10:48.366263,20261006_1310,2026-01-07 a 2026-01-13
TRANSILOS SA,492425,Barra,Palo blanco,Lote 14,8600,1Z08600YCKF620026,Operador desconocido,,Cosecha de forraje: Maíz para ensilado - 13 ene 2026,Maíz para ensilado,7.28485611526934,ha,64.99999999999982,%,8.19298438124418,t/ha,59.68471237201286,t,23.40852680355508,t/ha,170.52774963432446,t,5330.102999999196,s,6.883875779310385,km/h,4.92025801658477,ha/h,141.17689629720326,l,19.3795037353299,l/ha,95.35215861119484,l/h,115.15464875742109,t/h,115.15464875742116,t/h,0.4226870964656432,t/l,,,,,34.99999999999983,%,,,,,21.996399999998985,mm,0.3668946665116151,l/t,,,62.56572183306091,l,,,,,,,2026-01-13 14:11:08.753000,2026-01-13 21:50:55.298000,5.688458210534196,ha,ARROYITO,2026-01-07 00:00:00,2026-01-13 00:00:00,2026-10-06 13:10:48.366263,20261006_1310,2026-01-07 a 2026-01-13
TRANSILOS SA,492425,BARRA JUAN,BRIZIO,LOTE,8600,1Z08600YCKF620026,Operador desconocido,,Cosecha de forraje: Maíz para ensilado - 13 ene 2026,Maíz para ensilado,18.17794098136236,ha,64.6303766434366,%,10.572505970772363,t/ha,192.18638956180112,t,29.89148587812228,t/ha,543.3656661377331,t,14451.39299999955,s,6.337486934216905,km/h,4.528285017292445,ha/h,416.5392301710544,l,22.914740581386297,l/ha,103.76447644983796,l/h,133.9192586657649,t/h,133.9192586657685,t/h,0.4517119588865141,t/l,,,,,35.369623356564375,%,,,,,21.996399999982515,mm,0.3177801199918278,l/t,,,172.5639063685252,l,,,,,,,2026-01-13 13:46:39.200000,2026-01-13 23:23:55.164000,14.953972980793324,ha,ARROYITO,2026-01-07 00:00:00,2026-01-13 00:00:00,2026-10-06 13:10:48.366263,20261006_1310,2026-01-07 a 2026-01-13
COOPERATIVA AGROPECUARIA LTDA. DE BALNEARIA,2839981,Bessone Agro S.A,Tambo Bessone,Lote 1,8600,1Z08600YEMF622022,Operador desconocido,MAIZ,Cosecha de forraje: Maíz para ensilado - 12 ene 2026,Maíz para ensilado,31.48245108536121,ha,58.47785389313216,%,13.047007396312306,t/ha,410.7517721647481,t,31.421804072295348,t/ha,989.235409719842,t,24849.0059999992,s,6.767823006345375,km/h,4.560999061745437,ha/h,650.7955397565315,l,20.66834791214276,l/ha,94.28401052032343,l/h,141.29989404639187,t/h,141.29989404639207,t/h,0.6185169903599722,t/l,,,,,41.52214610686801,%,,,,,17.98319999999978,mm,,,0.0815984073128874,l/t,,,0.3976182668805621,l,,,,,2026-01-12 18:21:15.451000,2026-01-13 20:16:02.859000,19.47533603867739,ha,ARROYITO,2026-01-07 00:00:00,2026-01-13 00:00:00,2026-10-06 13:10:48.366263,20261006_1310,2026-01-07 a 2026-01-13
COOPERATIVA AGROPECUARIA LTDA. DE BALNEARIA,2839981,Bessone Agro S.A,Tambo Bessone,Lote 6,8600,1Z08600YEMF622022,Operador desconocido,MAIZ,Cosecha de forraje: Maíz para ensilado - 12 ene 2026,Maíz para ensilado,0.000650424842512,ha,67.79393477620951,%,16.207994484042203,t/ha,0.0105420822597187,t,50.32590715884608,t/ha,0.0327332202380666,t,1.7999999999999996,s,1.86817574992,km/h,1.300849685024028,ha/h,0.0248304722222222,l,38.175774661872005,l/ha,49.66094444444445,l/h,65.46644047613339,t/h,65.46644047613336,t/h,0.424562294481215,t/l,,,,,32.20606522379047,%,,,,,17.983200000000004,mm,,,,,,,,,,,,,2026-01-12 18:37:16.431000,2026-01-12 18:37:18.631000,,,ARROYITO,2026-01-07 00:00:00,2026-01-13 00:00:00,2026-10-06 13:10:48.366263,20261006_1310,2026-01-07 a 2026-01-13
COOPERATIVA TAMBERA LAS CAÑITAS LTDA,526845,Beto alboreo,,2,Benjamin Cabrera 3576411960,1Z08500YCLF621052,Operador desconocido,,Cosecha de forraje: Maíz para ensilado - 12 ene 2026,Maíz para ensilado,0.3853665603414881,ha,64.97664747775045,%,5.835376372509146,t/ha,2.24875892097184,t,16.661387195306503,t/ha,6.420741473972981,t,214.1880000000005,s,9.44594633874256,km/h,6.477111776707205,ha/h,4.232204118055555,l,10.982281686052977,l/ha,71.13346604384913,l/h,106.36147181528094,t/h,106.36147181528106,t/h,0.5233333507522416,t/l,,,,,35.023352522249546,%,,,,,16.992600000000092,mm,0.5585355899579137,l/t,,,3.586212627132745,l,,,,,,,2026-01-12 12:07:01.570000,2026-01-12 12:53:32.673000,0.1753416133904536,ha,ARROYITO,2026-01-07 00:00:00,2026-01-13 00:00:00,2026-10-06 13:10:48.366263,20261006_1310,2026-01-07 a 2026-01-13
COOPERATIVA TAMBERA LAS CAÑITAS LTDA,526845,Beto alboreo,,3,Benjamin Cabrera 3576411960,1Z08500YCLF621052,Operador desconocido,,Cosecha de forraje: Maíz para ensilado - 12 ene 2026,Maíz para ensilado,21.654135886610103,ha,64.89892644076446,%,8.62529405214048,t/ha,186.7732894670199,t,24.572735752895568,t/ha,532.1013590989631,t,13370.923999998238,s,8.100803734012317,km/h,5.830093576763703,ha/h,314.29666349397206,l,14.51460848129413,l/ha,84.62152567604528,l/h,140.1507767659234,t/h,140.15077676592526,t/h,0.5796719322916528,t/l,,,,,35.1010735592358,%,,,,,16.971713592491003,mm,0.3073391298440171,l/t,,,163.47185844550052,l,,,,,,,2026-01-12 11:52:13.994000,2026-01-12 20:15:27.675000,19.938308736443123,ha,ARROYITO,2026-01-07 00:00:00,2026-01-13 00:00:00,2026-10-06 13:10:48.366263,20261006_1310,2026-01-07 a 2026-01-13
COOPERATIVA AGROPECUARIA LTDA. DE BALNEARIA,2839981,Bossio,alovati,lote1,8500,1Z08500YTJ0619027,Emiliano,2,Cosecha de forraje: Maíz para ensilado - 12 ene 2026,Maíz para ensilado,19.58382109725952,ha,64.9999999999998,%,11.724242110858013,t/ha,229.6054599999996,t,33.497834602451604,t/ha,656.0156000000017,t,20654.57900000192,s,4.603129259598403,km/h,3.41273030977313,ha/h,445.7738153472208,l,22.766629420724968,l/ha,77.69636627548059,l/h,114.32783790944283,t/h,114.32783790944288,t/h,0.5150143460561417,t/l,,,,,34.9999999999999,%,,,,,17.0,mm,0.0,l/t,0.0,l/t,0.0,l,0.0,l,,,,,2026-01-12 16:38:02,2026-01-12 22:48:33.321000,,,ARROYITO,2026-01-07 00:00:00,2026-01-13 00:00:00,2026-10-06 13:10:48.366263,20261006_1310,2026-01-07 a 2026-01-13
COOPERATIVA AGROPECUARIA LTDA. DE BALNEARIA,2839981,Bossio,Tambo,lote 4,8500,1Z08500YTJ0619027,Emiliano,2,Cosecha de forraje: Maíz para ensilado - 12 ene 2026,Maíz para ensilado,23.11988855053425,ha,65.00000000000006,%,11.207326516027369,t/ha,259.11214,t,32.020932902935286,t/ha,740.3203999999989,t,23862.633000002235,s,4.709219228730624,km/h,3.487696135522808,ha/h,507.4954095694451,l,21.9521780716706,l/ha,76.56252662687436,l/h,111.6832580880636,t/h,111.68325808806372,t/h,0.5105518594144923,t/l,,,,,35.00000000000006,%,,,,,17.0,mm,0.0,l/t,0.0,l/t,0.0,l,0.0,l,,,,,2026-01-12 08:42:42.800000,2026-01-12 16:24:09.816000,,,ARROYITO,2026-01-07 00:00:00,2026-01-13 00:00:00,2026-10-06 13:10:48.366263,20261006_1310,2026-01-07 a 2026-01-13
TRANSILOS SA,492425,Bruno,Los leones,Lote 5 (42)hts,8600,1Z08600YCKF620026,Operador desconocido,,Cosecha de forraje: Maíz para ensilado - 13 ene 2026,Maíz para ensilado,0.7375552462747231,ha,60.10963030327508,%,6.393445425828334,t/ha,4.715519215590819,t,16.027541169550418,t/ha,11.821197074486022,t,543.5910000000011,s,6.840330106562027,km/h,4.8837477194968,ha/h,12.528251222171336,l,16.98898665122034,l/ha,82.96992481445935,l/h,68.97803249406581,t/h,68.97803249406587,t/h,0.290976657227436,t/l,,,,,39.890369696724456,%,,,,,21.097860930576804,mm,0.9095349937471084,l/t,,,10.700769280076283,l,,,,,,,2026-01-13 07:28:33.153000,2026-01-13 10:29:59.404000,0.0144596610682906,ha,ARROYITO,2026-01-07 00:00:00,2026-01-13 00:00:00,2026-10-06 13:10:48.366263,20261006_1310,2026-01-07 a 2026-01-13
SILAJES CORDES,330434,Buffa Walter,Adaro,1,Picadora 3,1Z08500YCSF627259,Marcelo,,Cosecha de forraje: Maíz para ensilado - 10 ene 2026,Maíz para ensilado,22.97617964975648,ha,66.47731028481681,%,11.2452128098424,t/ha,258.37202971868186,t,33.54507918482755,t/ha,770.7377657159043,t,15772.057999998991,s,7.383005634297778,km/h,5.244353447034536,ha/h,410.88333392969633,l,17.882235237080405,l/ha,93.78484419389063,l/h,169.74257051149394,t/h,169.74257051149368,t/h,0.602914870294413,t/l,7.993831674548075,%,25.401525697310884,%,33.522689715183176,%,46.49759309846972,%,24.844332820165786,%,16.992599999998255,mm,,,0.0577420675375107,l/t,,,44.503992121677946,l,5.466897477750804,%,4.720171863954525,%,2026-01-10 12:54:21.232000,2026-01-10 20:13:16.927000,15.479328818119631,ha,ARROYITO,2026-01-07 00:00:00,2026-01-13 00:00:00,2026-10-06 13:10:48.366263,20261006_1310,2026-01-07 a 2026-01-13
SILAJES CORDES,330434,Buffa Walter,Adaro,11 C,Picadora 3,1Z08500YCSF627259,Marcelo,,Cosecha de forraje: Maíz para ensilado - 10 ene 2026,Maíz para ensilado,3.16244204077126,ha,68.4056067492366,%,10.951410087659116,t/ha,34.63319966693965,t,34.662511163731786,t/ha,109.61818254288856,t,2140.150000000056,s,7.349790031850133,km/h,5.319623085660544,ha/h,56.64485673602084,l,17.91174541880499,l/ha,95.28373443434836,l/h,177.52406495253888,t/h,177.5240649525382,t/h,0.5823072908210247,t/l,8.141879161136623,%,23.77022729791446,%,31.594393250763165,%,46.90152347531689,%,24.944350462400493,%,16.99259999999978,mm,,,0.0619718467285094,l/t,,,6.7932412072057,l,5.5001922423356175,%,4.743133255282934,%,2026-01-10 12:08:36.578000,2026-01-10 12:51:11.858000,0.785533597616462,ha,ARROYITO,2026-01-07 00:00:00,2026-01-13 00:00:00,2026-10-06 13:10:48.366263,20261006_1310,2026-01-07 a 2026-01-13
SILAJES CORDES,330434,Buffa Walter,Adaro,15 A,Picadora 3,1Z08500YCSF627259,Marcelo,,Cosecha de forraje: Maíz para ensilado - 10 ene 2026,Maíz para ensilado,1.3188251134751083,ha,66.90395188216029,%,12.72425099201974,t/ha,16.7810617584362,t,38.44643610232441,t/ha,50.70412545536151,t,952.2749999999864,s,6.985962204802316,km/h,4.984550385540367,ha/h,24.41233489351852,l,18.51498849416219,l/ha,92.28889303685172,l/h,178.1828189028287,t/h,178.18281890282884,t/h,0.6242473438904798,t/l,7.725861359700065,%,25.946308819031817,%,33.09604811783966,%,45.22052448028151,%,23.46887901716427,%,17.012075307466283,mm,,,0.0565019498251086,l/t,,,1.276838325446017,l,5.623550464234202,%,4.465168564300742,%,2026-01-10 11:02:15.272000,2026-01-13 21:52:34.040000,0.0059623060885831,ha,ARROYITO,2026-01-07 00:00:00,2026-01-13 00:00:00,2026-10-06 13:10:48.366263,20261006_1310,2026-01-07 a 2026-01-13
SILAJES CORDES,330434,Buffa Walter,Adaro,15 B,Picadora 3,1Z08500YCSF627259,Marcelo,,Cosecha de forraje: Maíz para ensilado - 10 ene 2026,Maíz para ensilado,2.4900492817826194,ha,67.17137048929469,%,11.759439329056429,t/ha,29.28158345548324,t,35.82068305721313,t/ha,89.19526611957642,t,1859.480000000046,s,7.074374878016377,km/h,4.820797972775848,ha/h,44.994309977442384,l,18.053746947577107,l/ha,87.11011461203587,l/h,165.80256403355267,t/h,165.80256403355278,t/h,0.6164754124552987,t/l,7.984584649451059,%,25.957352837544377,%,32.82862951070523,%,45.738827284529535,%,24.811154823534583,%,17.014747359112,mm,,,0.06048076179744,l/t,,,1.3568999672626103,l,5.500542144910859,%,4.840693767605375,%,2026-01-10 10:20:15.397000,2026-01-13 22:22:43.640000,0.0,ha,ARROYITO,2026-01-07 00:00:00,2026-01-13 00:00:00,2026-10-06 13:10:48.366263,20261006_1310,2026-01-07 a 2026-01-13
SILAJES CORDES,330434,Buffa Walter,Adaro,16,Picadora 3,1Z08500YCSF627259,Marcelo,,Cosecha de forraje: Maíz para ensilado - 10 ene 2026,Maíz para ensilado,0.0856095986233367,ha,67.35561817143034,%,40.04681543943042,t/ha,3.4283917959124817,t,122.67598035623574,t/ha,10.50224143902168,t,233.564999999998,s,6.079448868063331,km/h,1.31952370879205,ha/h,5.21263863888888,l,60.8884835662336,l/ha,80.34379765804024,l/h,161.87386457936046,t/h,161.8738645793604,t/h,0.6577075514759425,t/l,8.331353543536387,%,25.938799597084056,%,32.644381828569536,%,48.36301504730493,%,27.279779819527583,%,16.992599999999882,mm,,,,,,,,,5.810287024903803,%,5.428820415835514,%,2026-01-10 10:42:47.022000,2026-01-10 10:47:25.387000,,,ARROYITO,2026-01-07 00:00:00,2026-01-13 00:00:00,2026-10-06 13:10:48.366263,20261006_1310,2026-01-07 a 2026-01-13
SILAJES CORDES,330434,Buffa Walter,Adaro,1a,Picadora 3,1Z08500YCSF627259,Marcelo,,Cosecha de forraje: Maíz para ensilado - 10 ene 2026,Maíz para ensilado,0.0010761549241433,ha,64.60301319784978,%,48.98093237510893,t/ha,0.0527110715646046,t,138.3759941174808,t/ha,0.1489140074527548,t,3.800000000000001,s,1.5303328945768413,km/h,1.019515191293676,ha/h,0.0643812152777777,l,59.82522946594193,l/ha,60.99273026315786,l/h,122.96816067734063,t/h,122.96816067734056,t/h,0.7055333589482823,t/l,8.165558546455586,%,30.793339217572232,%,35.396986802150224,%,45.430292938992096,%,28.61354072498097,%,16.992600000000003,mm,,,0.1105000904590729,l/t,,,0.0164550112941524,l,5.214124811496674,%,6.093681238060451,%,2026-01-10 13:28:17.977000,2026-01-10 13:28:21.777000,,,ARROYITO,2026-01-07 00:00:00,2026-01-13 00:00:00,2026-10-06 13:10:48.366263,20261006_1310,2026-01-07 a 2026-01-13
SILAJES CORDES,330434,Buffa Walter,Adaro,4,Picadora 3,1Z08500YCSF627259,Marcelo,,Cosecha de forraje: Maíz para ensilado - 10 ene 2026,Maíz para ensilado,2.1960710848058533,ha,67.33979500589209,%,11.649737598388004,t/ha,25.58365188539548,t,35.669517691299646,t/ha,78.33279641083398,t,1738.1100000001277,s,6.394591606477976,km/h,4.548535999045132,ha/h,42.84699614814816,l,19.50997861343633,l/ha,88.74535336274586,l/h,158.09463967127803,t/h,158.09463967127832,t/h,0.5806157177072574,t/l,8.241780131943937,%,26.94337066385936,%,32.66020499410781,%,44.98586447221149,%,25.642644714033345,%,16.992599999998497,mm,,,0.055493582402346,l/t,,,4.346967492430804,l,6.086139455180036,%,5.295810664636896,%,2026-01-10 20:16:34.903000,2026-01-10 20:53:51.043000,,,ARROYITO,2026-01-07 00:00:00,2026-01-13 00:00:00,2026-10-06 13:10:48.366263,20261006_1310,2026-01-07 a 2026-01-13
SILAJES CORDES,330434,Buffa Walter,Adaro,5a,Picadora 3,1Z08500YCSF627259,Marcelo,,Cosecha de forraje: Maíz para ensilado - 10 ene 2026,Maíz para ensilado,0.0539136795826114,ha,70.66429152600038,%,7.494221527329197,t/ha,0.4040410581455349,t,25.546413968394063,t/ha,1.3773011771767456,t,79.25399999999993,s,3.302753587550196,km/h,2.4489520591692693,ha/h,1.2516857857318748,l,23.216478552793436,l/ha,56.85604295852263,l/h,62.56194309228924,t/h,62.56194309228927,t/h,0.3227975125636563,t/l,8.670025902191309,%,22.53810166627689,%,29.33570847399961,%,47.799099800858855,%,26.54441133376269,%,16.99260000000008,mm,,,0.0677004789688245,l/t,,,0.0932439493791915,l,6.032867921256422,%,5.5824186543497065,%,2026-01-10 21:09:57.737000,2026-01-10 21:24:19.837000,,,ARROYITO,2026-01-07 00:00:00,2026-01-13 00:00:00,2026-10-06 13:10:48.366263,20261006_1310,2026-01-07 a 2026-01-13
SILAJES CORDES,330434,Buffa Walter,La Laura,5,Picadora 3,1Z08500YCSF627259,Marcelo,,Cosecha de forraje: Maíz para ensilado - 10 ene 2026,Maíz para ensilado,3.321347274408704,ha,67.85000444634035,%,10.760763967328211,t/ha,35.74023407344095,t,33.47049908410704,t/ha,111.16715090609796,t,2408.5470000001733,s,7.07968586979317,km/h,4.964341649911924,ha/h,61.14929287466929,l,18.41099042723729,l/ha,91.39844659406457,l/h,160.84745624018893,t/h,160.8474562401886,t/h,0.5609319243636528,t/l,8.37047169601307,%,26.812342969292192,%,32.14999555365992,%,45.11083006075059,%,23.94721859559709,%,16.99259999999903,mm,,,0.054400753096817,l/t,,,6.047576728919221,l,5.976601713556517,%,4.859074910137404,%,2026-01-10 21:10:00.727000,2026-01-10 22:07:33.128000,,,ARROYITO,2026-01-07 00:00:00,2026-01-13 00:00:00,2026-10-06 13:10:48.366263,20261006_1310,2026-01-07 a 2026-01-13
SILAJES CORDES,330434,Buffa Walter,Los Tumbos,1a,Picadora 3,1Z08500YCSF627259,Marcelo,,Cosecha de forraje: Alfalfa - 11 ene 2026,Alfalfa,13.68127865353702,ha,57.9227357310788,%,8.611785692072518,t/ha,117.82023975778728,t,20.466600768133237,t/ha,280.0092681995256,t,8835.359999995544,s,11.57673120063633,km/h,5.57448741791611,ha/h,160.61097647051025,l,11.739471180859816,l/ha,65.44153439069025,l/h,112.82691843119562,t/h,112.82691843119603,t/h,0.723158531711218,t/l,21.47535561180973,%,,,42.07726426892115,%,37.2086832625161,%,30.53483183797297,%,21.99639999999005,mm,,,0.0709429172689215,l/t,,,19.864674348410087,l,7.678684054705184,%,12.103943168631664,%,2026-01-11 18:26:33.911000,2026-01-11 22:03:51.285000,,,ARROYITO,2026-01-07 00:00:00,2026-01-13 00:00:00,2026-10-06 13:10:48.366263,20261006_1310,2026-01-07 a 2026-01-13
SILAJES CORDES,330434,Buffa Walter,Los Tumbos,2a,Picadora 3,1Z08500YCSF627259,Marcelo,,Cosecha de forraje: Alfalfa - 12 ene 2026,Alfalfa,31.158521042453547,ha,63.0702667390039,%,4.839144947079617,t/ha,150.780599661063,t,13.103655292821967,t/ha,408.2905191744511,t,14498.037999995651,s,12.75618492455656,km/h,7.736955562737032,ha/h,242.12999128054645,l,7.770603839332826,l/ha,60.12316760448696,l/h,100.57851155785843,t/h,100.57851155785784,t/h,0.6165310584270737,t/l,22.70070495972453,%,,,36.92973326099685,%,38.91310816222339,%,28.515680429862137,%,21.996399999996623,mm,,,0.0797776550008065,l/t,,,32.57246017879941,l,9.853081791242824,%,11.994869081455638,%,2026-01-12 11:49:42.355000,2026-01-12 16:30:25.146000,13.539188937769394,ha,ARROYITO,2026-01-07 00:00:00,2026-01-13 00:00:00,2026-10-06 13:10:48.366263,20261006_1310,2026-01-07 a 2026-01-13
SILAJES CORDES,330434,Buffa Walter,Los Tumbos,3a,Picadora 3,1Z08500YCSF627259,Marcelo,,Cosecha de forraje: Alfalfa - 12 ene 2026,Alfalfa,17.89080276828893,ha,62.33906479939367,%,3.696775601859586,t/ha,66.13828317149245,t,9.815942121904548,t/ha,175.6150844879338,t,6392.729999998545,s,11.04082802965966,km/h,10.075021151503796,ha/h,96.78073800165346,l,5.409524617486466,l/ha,54.501074940758,l/h,96.31755210787624,t/h,96.31755210787786,t/h,0.6608503251833208,t/l,20.83028280874457,%,,,37.66093520060716,%,37.973893077821344,%,28.68854497367715,%,21.99640000000453,mm,,,0.0869829224607666,l/t,,,15.275513276955,l,9.693065810452024,%,11.947987779657936,%,2026-01-12 17:35:07.076000,2026-01-12 19:36:23.191000,13.672308567754673,ha,ARROYITO,2026-01-07 00:00:00,2026-01-13 00:00:00,2026-10-06 13:10:48.366263,20261006_1310,2026-01-07 a 2026-01-13
SILAJES CORDES,330434,Buffa Walter,Los Tumbos,4a,Picadora 3,1Z08500YCSF627259,Marcelo,,Cosecha de forraje: Alfalfa - 12 ene 2026,Alfalfa,14.548161691967698,ha,66.0215129676571,%,3.416852494077416,t/ha,49.70892256144134,t,10.055928890609504,t/ha,146.2952794635164,t,4640.386999999733,s,12.592341339401148,km/h,11.285729965859536,ha/h,83.95703859661397,l,5.771327985303919,l/ha,65.13364918655022,l/h,109.49263408424834,t/h,109.49263408424864,t/h,0.5653047923515213,t/l,21.312564175532867,%,,,33.97848703234344,%,42.03072632404977,%,29.31281198065681,%,21.9964000000027,mm,,,0.0771210787540051,l/t,,,11.252897229934378,l,9.323705826133766,%,11.491732499375276,%,2026-01-12 19:49:26.101000,2026-01-13 14:44:25.608000,10.730309864810742,ha,ARROYITO,2026-01-07 00:00:00,2026-01-13 00:00:00,2026-10-06 13:10:48.366263,20261006_1310,2026-01-07 a 2026-01-13
SILAJES CORDES,330434,Buffa Walter,Los Tumbos,Lote 26,Picadora 3,1Z08500YCSF627259,Marcelo,,Cosecha de forraje: Alfalfa - 11 ene 2026,Alfalfa,6.112665084143423,ha,64.7049332585447,%,20.166432605105665,t/ha,123.27064845696086,t,57.13668925130396,t/ha,349.2574454099985,t,8839.064999999126,s,11.155888608319817,km/h,2.4895661537638403,ha/h,176.4589446567049,l,28.866405194720794,l/ha,71.8687101819257,l/h,133.24737085297886,t/h,133.24737085297852,t/h,0.6486776039966476,t/l,19.86946551444837,%,,,35.29506674145533,%,44.11816186190055,%,31.151029258345208,%,21.99630100039723,mm,,,0.0617277073394307,l/t,,,21.554447887798418,l,9.483317750018704,%,11.00355725679592,%,2026-01-11 13:29:37.547000,2026-01-11 18:05:24.680000,4.350054283384136,ha,ARROYITO,2026-01-07 00:00:00,2026-01-13 00:00:00,2026-10-06 13:10:48.366263,20261006_1310,2026-01-07 a 2026-01-13
SILAJES CORDES,330434,Buffa Walter,Los Tumbos,Maiz1,Picadora 3,1Z08500YCSF627259,Marcelo,,Cosecha de forraje: Maíz para ensilado - 13 ene 2026,Maíz para ensilado,21.29315431304284,ha,62.61677879295623,%,14.293252577874492,t/ha,304.3484327759789,t,38.23440601523495,t/ha,814.131107349931,t,15567.432000002558,s,6.984001627592534,km/h,4.924084815462365,ha/h,416.6922524654427,l,19.566768243912023,l/ha,96.36092252565142,l/h,185.6349681722716,t/h,185.6349681722733,t/h,0.7171262204273785,t/l,7.414985342851304,%,30.602761776424348,%,37.38322120704379,%,44.02603463203212,%,22.607160935693297,%,17.63978700614788,mm,,,0.0515002899981098,l/t,,,41.924032926497055,l,5.514881997899605,%,4.047789852266578,%,2026-01-13 16:37:56.408000,2026-01-13 22:26:06.810000,18.8501297862536,ha,ARROYITO,2026-01-07 00:00:00,2026-01-13 00:00:00,2026-10-06 13:10:48.366263,20261006_1310,2026-01-07 a 2026-01-13
EL PRADO SA,573387,Cabaña.San.Francisco,,,EQUIPO 2-3491414795,1Z08600YKLF621070,Juan Carrizo,,Cosecha de forraje: Alfalfa - 7 ene 2026,Alfalfa,10.54325847597572,ha,64.5187798900536,%,17.8596340285036,t/ha,188.29873784884492,t,50.335456258723845,t/ha,530.6997258418953,t,9002.97599999917,s,7.261613691068216,km/h,4.215809282788003,ha/h,207.7626669443712,l,19.706203533748464,l/ha,83.07759578608287,l/h,209.45057571847784,t/h,209.45057571847843,t/h,0.8824003729023122,t/l,,,,,35.48122010994673,%,,,,,21.996400000001827,mm,0.061540523546435,l/t,,,32.366964297610984,l,,,,,,,2026-01-07 16:13:34.346000,2026-01-07 21:10:01.978000,2.2303509063180624,ha,ARROYITO,2026-01-07 00:00:00,2026-01-13 00:00:00,2026-10-06 13:10:48.366263,20261006_1310,2026-01-07 a 2026-01-13
COOPERATIVA TAMBERA LAS CAÑITAS LTDA,526845,Calleri devoto,1,O,Benjamin Cabrera 3576411960,1Z08500YCLF621052,Operador desconocido,,Cosecha de forraje: Maíz para ensilado - 13 ene 2026,Maíz para ensilado,32.33444309334194,ha,64.94083859507542,%,14.165647307566,t/ha,458.0383167468453,t,40.40498043851123,t/ha,1306.4725406766356,t,29067.31300000721,s,5.633554781822996,km/h,4.004578596445996,ha/h,749.5589078510691,l,23.181768338563757,l/ha,92.83321331638771,l/h,159.62810764201063,t/h,159.62810764201,t/h,0.6018302682714687,t/l,,,,,35.05916140492499,%,,,,,16.992599999988645,mm,0.2276715988854643,l/t,,,296.7738365180918,l,,,,,,,2026-01-13 11:15:44.589000,2026-01-13 23:48:16.920000,,,ARROYITO,2026-01-07 00:00:00,2026-01-13 00:00:00,2026-10-06 13:10:48.366263,20261006_1310,2026-01-07 a 2026-01-13
SILAJES SACANTA,425003,Campo rochetti,2026,1,silaje sacanta sa,1Z08600YVSF627342,Operador desconocido,12,Cosecha de forraje: Alfalfa - 11 ene 2026,Alfalfa,26.22035306243053,ha,77.50767559306684,%,11.856113940786468,t/ha,310.8714934758257,t,52.71182171430552,t/ha,1382.1225759129825,t,18652.11199999534,s,7.147677553983332,km/h,5.060728298477567,ha/h,461.53328697684447,l,17.60210039422186,l/ha,89.07944757768142,l/h,176.98549410189915,t/h,176.98549410189864,t/h,0.4025448676382749,t/l,,,,,22.492324406934177,%,,,,,20.00566606329992,mm,,,,,,,,,,,,,2026-01-11 09:12:23.566000,2026-01-11 17:52:31.431000,6.169529322092885,ha,ARROYITO,2026-01-07 00:00:00,2026-01-13 00:00:00,2026-10-06 13:10:48.366263,20261006_1310,2026-01-07 a 2026-01-13
LyS AGRO SA,5669981,Carneballe 07/01/25,Alfa 07/01,Lote contra calle,1Z08500YCMF622008,1Z08500YCMF622008,Operador desconocido,,Cosecha de forraje: Alfalfa - 7 ene 2026,Alfalfa,5.195395206761681,ha,64.8913035264996,%,3.010579649922835,t/ha,15.641151082783358,t,8.575025427660556,t/ha,44.55064600472719,t,2420.663000000075,s,5.920468126810104,km/h,7.7265702596110675,ha/h,43.42088926080247,l,8.357571952234041,l/ha,64.57536688869293,l/h,65.02974195668101,t/h,65.0297419566807,t/h,0.3524627235036839,t/l,,,,,35.108696473500665,%,,,,,16.99260000000024,mm,0.7195749573819763,l/t,,,32.05752920019117,l,,,,,,,2026-01-07 18:53:49.512000,2026-01-07 19:42:52.398000,0.3975226249378808,ha,ARROYITO,2026-01-07 00:00:00,2026-01-13 00:00:00,2026-10-06 13:10:48.366263,20261006_1310,2026-01-07 a 2026-01-13
LyS AGRO SA,5669981,Carneballe 07/01/25,Alfa lote grande,Alfa,1Z08500YCMF622008,1Z08500YCMF622008,Operador desconocido,,Cosecha de forraje: Alfalfa - 7 ene 2026,Alfalfa,31.21408877589702,ha,64.83367243579136,%,3.105414940188978,t/ha,96.9326976290557,t,8.830648962474164,t/ha,275.6406606634515,t,13765.806999998154,s,6.195263698622703,km/h,8.163031749119263,ha/h,259.44027180514394,l,8.311640095208517,l/ha,67.84818198443776,l/h,71.0756296924245,t/h,71.07562969242468,t/h,0.3666490341340981,t/l,,,,,35.1663275642079,%,,,,,16.985678188843405,mm,0.8661666196820568,l/t,,,238.71323552049188,l,,,,,,,2026-01-07 14:10:54.993000,2026-01-07 18:47:00.928000,22.032205225391227,ha,ARROYITO,2026-01-07 00:00:00,2026-01-13 00:00:00,2026-10-06 13:10:48.366263,20261006_1310,2026-01-07 a 2026-01-13
LyS AGRO SA,5669981,Carneballe 07/01/25,Lote3,Alfa bolsa,1Z08500YCMF622008,1Z08500YCMF622008,Operador desconocido,,Cosecha de forraje: Alfalfa - 7 ene 2026,Alfalfa,3.170230434551002,ha,63.7840179610452,%,4.265011130484202,t/ha,13.521068089559789,t,11.776599419274747,t/ha,37.33453389450045,t,1598.3660000000475,s,6.278594052285905,km/h,7.139178739026759,ha/h,23.99979351851849,l,7.571562611703496,l/ha,54.05473881868351,l/h,48.60939607481825,t/h,48.60939607481824,t/h,0.3147418523888212,t/l,,,,,36.215982038954735,%,,,,,16.992599999999886,mm,0.8176830444311854,l/t,0.0911230005427723,l/t,30.527815337274312,l,3.178641399358954,l,,,,,2026-01-07 19:46:48.383000,2026-01-07 20:37:43.269000,,,ARROYITO,2026-01-07 00:00:00,2026-01-13 00:00:00,2026-10-06 13:10:48.366263,20261006_1310,2026-01-07 a 2026-01-13
COOPERATIVA AGROPECUARIA LTDA. DE BALNEARIA,2839981,Chacra la Agustina S.A (Porchietto),Tambo Porchietto,Lote 1 diego,8500,1Z08500YTJ0619027,Emiliano,2,Cosecha de forraje: Maíz para ensilado - 13 ene 2026,Maíz para ensilado,0.0011066194581985,ha,65.0,%,9.045566590971696,t/ha,0.0100099999999999,t,25.844475974204848,t/ha,0.0285999999999999,t,2.004,s,2.6505855286192754,km/h,1.9879391464644565,ha/h,0.0314377499999999,l,28.408817292239853,l/ha,56.47499999999999,l/h,51.37724550898193,t/h,51.37724550898193,t/h,0.318407010679835,t/l,,,,,35.0,%,,,,,20.0,mm,0.0,l/t,0.0,l/t,0.0,l,0.0,l,,,,,2026-01-13 18:29:32.589000,2026-01-13 18:29:33.591000,,,ARROYITO,2026-01-07 00:00:00,2026-01-13 00:00:00,2026-10-06 13:10:48.366263,20261006_1310,2026-01-07 a 2026-01-13
COOPERATIVA AGROPECUARIA LTDA. DE BALNEARIA,2839981,Chacra la Agustina S.A (Porchietto),Tambo Porchietto,Lote 2,8500,1Z08500YTJ0619027,Emiliano,2,Cosecha de forraje: Maíz para ensilado - 13 ene 2026,Maíz para ensilado,5.40283182349205,ha,65.0000000000003,%,11.42329189882306,t/ha,61.71812500000016,t,32.63797685377996,t/ha,176.3374999999993,t,7545.878000000294,s,3.4622578118117464,km/h,2.577338630187638,ha/h,153.5271079999999,l,28.418837413508548,l/ha,73.24496749085749,l/h,84.12738716422076,t/h,84.1273871642205,t/h,0.4020014823701363,t/l,,,,,35.00000000000014,%,,,,,19.0,mm,0.0,l/t,0.0,l/t,0.0,l,0.0,l,,,,,2026-01-13 15:41:39.600000,2026-01-13 17:48:23.460000,,,ARROYITO,2026-01-07 00:00:00,2026-01-13 00:00:00,2026-10-06 13:10:48.366263,20261006_1310,2026-01-07 a 2026-01-13
SILAJES CORDES,330434,Cordero~3,Fabrica,A2,Picadora 3,1Z08500YCSF627259,Marcelo,1~3,Cosecha de forraje: Alfalfa - 8 ene 2026,Alfalfa,1.2871526223642846,ha,47.07403305015373,%,7.552004622344024,t/ha,9.72058255375731,t,14.268996973641364,t/ha,18.366376873130523,t,1167.900000000018,s,8.212001883969517,km/h,3.967590924318424,ha/h,13.850324843322046,l,10.751092857374418,l/ha,42.693012617483205,l/h,56.44828710989874,t/h,56.44828710989888,t/h,0.6985749779504564,t/l,13.908443033656322,%,,,52.925966949846405,%,38.40498092524878,%,31.378081072234902,%,16.992599999999978,mm,,,0.0,l/t,,,0.0,l,6.087209196502207,%,12.756518905965716,%,2026-01-08 10:22:36.780000,2026-01-08 10:47:02.405000,,,ARROYITO,2026-01-07 00:00:00,2026-01-13 00:00:00,2026-10-06 13:10:48.366263,20261006_1310,2026-01-07 a 2026-01-13
SILAJES CORDES,330434,Cordero~3,La Laura,Lote 1,Picadora 3,1Z08500YCSF627259,Marcelo,1~2,Cosecha de forraje: Maíz para ensilado - 7 ene 2026,Maíz para ensilado,9.193102193879254,ha,60.38553681842596,%,12.902038546820892,t/ha,118.60975887029385,t,32.569010181165574,t/ha,299.41023894894903,t,6853.325000000184,s,7.2867789721728435,km/h,4.8285378408239135,ha/h,166.73568091475954,l,18.135683360309223,l/ha,87.58499725215384,l/h,151.76431203271247,t/h,151.76431203271292,t/h,0.6793375727642182,t/l,7.435352062739502,%,32.255475808414374,%,39.6144631815737,%,41.601850067367394,%,22.654643670954403,%,16.991564538698924,mm,,,0.0696652782660701,l/t,,,20.82487758731565,l,5.308255016268062,%,3.79981990901434,%,2026-01-07 13:47:05.044000,2026-01-08 09:12:33.284000,4.878451831709124,ha,ARROYITO,2026-01-07 00:00:00,2026-01-13 00:00:00,2026-10-06 13:10:48.366263,20261006_1310,2026-01-07 a 2026-01-13
SILAJES CORDES,330434,Cordero~3,La Laura,Lote 12a,Picadora 3,1Z08500YCSF627259,Marcelo,1~2,Cosecha de forraje: Maíz para ensilado - 7 ene 2026,Maíz para ensilado,2.6065570266958984,ha,69.15777286147139,%,8.033527203211234,t/ha,20.93984678068289,t,26.04716957413141,t/ha,67.89343287899182,t,2043.121000000093,s,6.35661698094831,km/h,4.592780014548718,ha/h,42.79986764730186,l,16.420077216402024,l/ha,75.41380247683813,l/h,118.34266887311512,t/h,118.34266887311514,t/h,0.4810957290623476,t/l,8.609240989703306,%,19.1428579578479,%,30.842227138528436,%,49.31276954617283,%,27.99722652667991,%,16.992600000000124,mm,,,0.0898028106691661,l/t,,,6.097021098511845,l,5.690013495557956,%,5.509977909232946,%,2026-01-07 11:38:35.602000,2026-01-07 12:24:25.251000,,,ARROYITO,2026-01-07 00:00:00,2026-01-13 00:00:00,2026-10-06 13:10:48.366263,20261006_1310,2026-01-07 a 2026-01-13
SILAJES CORDES,330434,Cordero~3,La Laura,Lote 15,Picadora 3,1Z08500YCSF627259,Marcelo,1~2,Cosecha de forraje: Maíz para ensilado - 7 ene 2026,Maíz para ensilado,9.513253907423906,ha,64.08780560579491,%,10.73546062233298,t/ha,102.12916271340472,t,29.893635862210758,t/ha,284.3857481732839,t,6389.81899999922,s,7.640815405685214,km/h,5.359731483275264,ha/h,157.6781447782068,l,16.571551427367943,l/ha,88.83527392585198,l/h,149.2957815600694,t/h,149.29578156007005,t/h,0.5947749689124882,t/l,8.116784657958236,%,29.062078221425825,%,35.912194394205315,%,44.013494491034905,%,24.545654524922277,%,16.992599999999584,mm,,,0.0723593853205303,l/t,,,20.57226880002744,l,5.102938230777991,%,4.548423570542041,%,2026-01-07 07:32:15.026000,2026-01-07 11:37:06.406000,5.360795730885302,ha,ARROYITO,2026-01-07 00:00:00,2026-01-13 00:00:00,2026-10-06 13:10:48.366263,20261006_1310,2026-01-07 a 2026-01-13
SILAJES CORDES,330434,Cordero~3,La Laura,Lote 7,Picadora 3,1Z08500YCSF627259,Marcelo,1~2,Cosecha de forraje: Maíz para ensilado - 7 ene 2026,Maíz para ensilado,7.173687564557806,ha,61.1756731413743,%,4.63663278481209,t/ha,33.26175494982752,t,11.942596716990884,t/ha,85.67245755720639,t,3810.517999999806,s,10.428639714544472,km/h,6.777366025408973,ha/h,61.69475423962521,l,8.600145139360887,l/ha,58.28633148109026,l/h,76.9772187077549,t/h,76.97721870775447,t/h,0.5081538350140024,t/l,8.352228065150358,%,31.12371317528324,%,38.82432685862591,%,42.48929545778197,%,28.162674757001767,%,16.99260000000068,mm,,,0.0560176783969569,l/t,,,4.799172174916525,l,5.157856241731187,%,5.909290495015942,%,2026-01-07 14:16:13.629000,2026-01-07 16:04:03.009000,1.8308166489245108,ha,ARROYITO,2026-01-07 00:00:00,2026-01-13 00:00:00,2026-10-06 13:10:48.366263,20261006_1310,2026-01-07 a 2026-01-13
LyS AGRO SA,5669981,Damian bolati 9/01/26,Tambo maiz,Lote2 maiz 09/01/26,1Z08500YCMF622008,1Z08500YCMF622008,Operador desconocido,,Cosecha de forraje: Alfalfa - 9 ene 2026,Alfalfa,12.99074804808689,ha,64.97575785041826,%,8.409316119389105,t/ha,109.24330696369964,t,24.009987378098494,t/ha,311.9076966666239,t,11229.976999998247,s,7.567308002673038,km/h,4.164347955220378,ha/h,256.3764656130732,l,19.73580202189586,l/ha,82.18674679451333,l/h,98.60107555644232,t/h,98.60107555644244,t/h,0.4199019646201495,t/l,,,,,35.02424214958114,%,,,,,12.979400000003182,mm,0.847993215932593,l/t,0.0232002089118001,l/t,264.4597416332293,l,6.179309468814589,l,,,,,2026-01-09 22:26:09.503000,2026-01-10 10:30:53.228000,9.964217979786634,ha,ARROYITO,2026-01-07 00:00:00,2026-01-13 00:00:00,2026-10-06 13:10:48.366263,20261006_1310,2026-01-07 a 2026-01-13
LyS AGRO SA,5669981,Damian bolati 9/01/26,Tambo maiz,Maiz 09/01/26,1Z08500YCMF622008,1Z08500YCMF622008,Operador desconocido,,Cosecha de forraje: Alfalfa - 9 ene 2026,Alfalfa,19.18604009267274,ha,64.95854344092919,%,7.965699416172836,t/ha,152.83022836487186,t,22.732215490941996,t/ha,436.1411978044895,t,16457.284999999654,s,7.596436383630021,km/h,4.196910020919266,ha/h,368.171237465815,l,19.18953758500807,l/ha,80.5367625873257,l/h,93.89947885645468,t/h,93.89947885645408,t/h,0.408072246064319,t/l,,,,,35.04145655907124,%,,,,,13.26693831991114,mm,1.0661139150296943,l/t,0.0529098064034126,l/t,358.3073406683204,l,23.076146340388156,l,,,,,2026-01-09 15:48:50.792000,2026-01-09 22:24:41.490000,17.269409014677166,ha,ARROYITO,2026-01-07 00:00:00,2026-01-13 00:00:00,2026-10-06 13:10:48.366263,20261006_1310,2026-01-07 a 2026-01-13
MEDITERRANEA FORRAJES SRL,5937812,Depetrini,Sol de mayo,Sorgo20/04,8600,1Z08600YCRF625499,Operador desconocido,VARIEDAD1,Cosecha de forraje: Maíz para ensilado - 7 ene 2026,Maíz para ensilado,0.0017005157194568,ha,66.17493488160618,%,14.277152319494824,t/ha,0.0242785219483806,t,42.20879477843493,t/ha,0.0717767190200565,t,2.405,s,7.579963843380495,km/h,2.545470515611077,ha/h,0.0510732708333333,l,30.033989247477507,l/ha,76.45063409563407,l/h,107.44124260798488,t/h,107.44124260798486,t/h,0.4753664989972631,t/l,,,,,33.82506511839382,%,,,,,16.992599999999996,mm,,,,,,,,,,,,,2026-01-07 20:14:35.120000,2026-01-07 20:14:37.525000,,,ARROYITO,2026-01-07 00:00:00,2026-01-13 00:00:00,2026-10-06 13:10:48.366263,20261006_1310,2026-01-07 a 2026-01-13
MEDITERRANEA FORRAJES SRL,5937812,Depetrini,Tambo,Maiz lote atras bolsas,8600,1Z08600YCRF625499,Operador desconocido,VARIEDAD1,Cosecha de forraje: Maíz para ensilado - 7 ene 2026,Maíz para ensilado,13.832154821955166,ha,62.27382940734717,%,6.772971133723846,t/ha,93.68478532630144,t,17.952978071521873,t/ha,248.3283722004566,t,6625.609999998676,s,10.2061956795243,km/h,7.515648726539696,ha/h,162.4087311882716,l,11.741390497631462,l/ha,88.24416654132897,l/h,133.2778925011083,t/h,133.27789250110652,t/h,0.5689669891518946,t/l,,,,,37.7261705926532,%,,,,,16.992599999998127,mm,,,,,,,,,,,,,2026-01-07 17:06:58.699000,2026-01-07 19:21:38.104000,9.757249409598492,ha,ARROYITO,2026-01-07 00:00:00,2026-01-13 00:00:00,2026-10-06 13:10:48.366263,20261006_1310,2026-01-07 a 2026-01-13
MEDITERRANEA FORRAJES SRL,5937812,Depetrini,Tambo,Maiz piquete vacas,8600,1Z08600YCRF625499,Operador desconocido,VARIEDAD1,Cosecha de forraje: Maíz para ensilado - 7 ene 2026,Maíz para ensilado,10.82889290991519,ha,53.95141663609344,%,10.675229232068878,t/ha,115.60091414287004,t,23.18253560094577,t/ha,251.0411954029381,t,6649.043999998841,s,8.147405729960568,km/h,5.863100691723794,ha/h,165.8462197414673,l,15.31515928000496,l/ha,89.79432096845576,l/h,133.81210822838747,t/h,133.81210822838852,t/h,0.6860693076446475,t/l,,,,,46.04858336390696,%,,,,,16.992599999997875,mm,,,,,,,,,,,,,2026-01-07 19:37:12.594000,2026-01-08 01:06:07.804000,7.620014123697499,ha,ARROYITO,2026-01-07 00:00:00,2026-01-13 00:00:00,2026-10-06 13:10:48.366263,20261006_1310,2026-01-07 a 2026-01-13
MEDITERRANEA FORRAJES SRL,5937812,Depetrini,Tambo,Maiz07/01/26 loteNE,8600,1Z08600YCRF625499,Operador desconocido,VARIEDAD1,Cosecha de forraje: Maíz para ensilado - 7 ene 2026,Maíz para ensilado,15.646237782460751,ha,59.97374210697531,%,7.466783725831367,t/ha,116.8270736445658,t,18.6547134778059,t/ha,291.8760828374265,t,7401.594999997763,s,10.412715689183829,km/h,7.610042972747721,ha/h,187.61931414877895,l,11.989739938253404,l/ha,91.25459187321285,l/h,137.99086490288158,t/h,137.99086490288124,t/h,0.6042697893103506,t/l,,,,,40.02625789302429,%,,,,,16.9925999999972,mm,,,,,,,,,,,,,2026-01-07 14:29:58.859000,2026-01-07 16:57:57.364000,12.477036500733588,ha,ARROYITO,2026-01-07 00:00:00,2026-01-13 00:00:00,2026-10-06 13:10:48.366263,20261006_1310,2026-01-07 a 2026-01-13
MEDITERRANEA FORRAJES SRL,5937812,Depetrini,Tambo,Miz sol d mayo,8600,1Z08600YCRF625499,Operador desconocido,VARIEDAD1,Cosecha de forraje: Maíz para ensilado - 7 ene 2026,Maíz para ensilado,8.350178453688082,ha,66.19549610335442,%,4.122721844116002,t/ha,34.42546311328663,t,12.195776801579225,t/ha,101.83691267453575,t,4980.751999998831,s,8.282922955973612,km/h,6.035362217047848,ha/h,82.63006112692901,l,9.89560421794742,l/ha,59.72355581185594,l/h,72.39415629602627,t/h,72.39415629602698,t/h,0.4024079961367933,t/l,,,,,33.80450389664533,%,,,,,16.992599999997136,mm,,,,,,,,,,,,,2026-01-07 20:01:58.414000,2026-01-07 22:10:16.490000,,,ARROYITO,2026-01-07 00:00:00,2026-01-13 00:00:00,2026-10-06 13:10:48.366263,20261006_1310,2026-01-07 a 2026-01-13
SILAJES CORDES,330434,Destefanis,Tambo,6,Picadora 1,1Z08500YAMF622083,Diego garcia,,Cosecha de forraje: Maíz para ensilado - 13 ene 2026,Maíz para ensilado,0.00017284,ha,64.58380789551045,%,7829.653279921584,t/ha,1.3532772729016471,t,22107.55254777674,t/ha,3.821069382357733,t,0.0,s,0.0,km/h,,,,,,,0.0,l/h,,,,,,,6.042149178518387,%,21.07472854577112,%,35.41619210448966,%,46.31326358936165,%,26.66270319173803,%,16.99260000000001,mm,,,0.074775354489815,l/t,,,0.2857218175959785,l,6.698799017961291,%,6.896338347320813,%,2026-01-13 18:37:12.027000,2026-01-13 18:37:12.027000,,,ARROYITO,2026-01-07 00:00:00,2026-01-13 00:00:00,2026-10-06 13:10:48.366263,20261006_1310,2026-01-07 a 2026-01-13
SILAJES CORDES,330434,Destefanis,Tambo,7.,Picadora 1,1Z08500YAMF622083,Diego garcia,,Cosecha de forraje: Maíz para ensilado - 13 ene 2026,Maíz para ensilado,11.98436842218504,ha,64.49772791563414,%,6.857189586364529,t/ha,82.17908634376316,t,19.31479081133,t/ha,231.4755690804129,t,8414.823999999711,s,7.057840769188205,km/h,5.127109767223643,ha/h,183.23412386690225,l,15.289426810986996,l/ha,78.39056953786178,l/h,97.5463873587105,t/h,97.54638735871002,t/h,0.43979606821419,t/l,6.196213766571089,%,30.84221056813786,%,35.502272084366204,%,41.86395600831268,%,24.050679657149946,%,14.392219909136736,mm,,,0.0794130213154038,l/t,,,18.382174301378058,l,6.504302605362597,%,5.30773158098308,%,2026-01-13 18:47:27.006000,2026-01-13 21:32:01.493000,5.737341345973319,ha,ARROYITO,2026-01-07 00:00:00,2026-01-13 00:00:00,2026-10-06 13:10:48.366263,20261006_1310,2026-01-07 a 2026-01-13
MEDITERRANEA FORRAJES SRL,5937812,Digon,Firlot,Maiz 2026,8600,1Z08600YCRF625499,Operador desconocido,VARIEDAD1,Cosecha de forraje: Maíz para ensilado - 12 ene 2026,Maíz para ensilado,10.695331434988791,ha,72.96043668301782,%,11.637990193070497,t/ha,124.47216235203814,t,43.04059964519237,t/ha,460.3334783659935,t,8507.95299999841,s,6.327753095653947,km/h,4.525470599798455,ha/h,243.10950384177795,l,22.73084642907912,l/ha,102.86777722332988,l/h,189.9910373513601,t/h,189.99103735135887,t/h,0.4972717662980645,t/l,,,,,27.03956331698173,%,,,,,16.9924603417342,mm,0.2209406864885379,l/t,,,101.69629786012086,l,,,,,,,2026-01-12 09:26:50.871000,2026-01-12 12:38:19.632000,6.950825215959237,ha,ARROYITO,2026-01-07 00:00:00,2026-01-13 00:00:00,2026-10-06 13:10:48.366263,20261006_1310,2026-01-07 a 2026-01-13
MEDITERRANEA FORRAJES SRL,5937812,Digon,Firlot,Maiz O,8600,1Z08600YCRF625499,Operador desconocido,VARIEDAD1,Cosecha de forraje: Maíz para ensilado - 12 ene 2026,Maíz para ensilado,19.204516400480124,ha,69.08836382184954,%,12.502934803287529,t/ha,240.11281648386904,t,40.447340707657794,t/ha,776.7716179760214,t,14714.188999998154,s,6.472165293917166,km/h,4.698611594681569,ha/h,419.2520675313011,l,21.83090991662881,l/ha,102.57496645672286,l/h,188.6270494060472,t/h,188.6270494060469,t/h,0.5666494925127818,t/l,,,,,30.911636178149443,%,,,,,16.992599999998404,mm,0.2195297076097641,l/t,,,170.52444617384032,l,,,,,,,2026-01-12 12:54:52.508000,2026-01-12 19:22:55.683000,14.97995748037286,ha,ARROYITO,2026-01-07 00:00:00,2026-01-13 00:00:00,2026-10-06 13:10:48.366263,20261006_1310,2026-01-07 a 2026-01-13
ELORZA MARCELO Y JOSE MARIA SRL,355244,Elorza Agro(1),Tambo JE,3,Elorza Picadora 8400,1Z08400YCHF516657,Angel,Z8+,Cosecha de forraje: Maíz para ensilado - 13 ene 2026,Maíz para ensilado,23.809782777111053,ha,0.0,%,20.994920645834355,t/ha,499.8845000000001,t,20.994920645834355,t/ha,499.8845000000001,t,30883.421000002483,s,4.809244509412453,km/h,2.775296694771518,ha/h,648.1484570694456,l,27.223387945336395,l/ha,75.55297858517115,l/h,58.26907852031107,t/h,58.26907852031056,t/h,0.7712346966522864,t/l,,,,,99.99999999999994,%,,,,,12.0,mm,1.239587479086135,l/t,0.0,l/t,619.650567189231,l,0.0,l,,,,,2026-01-13 08:25:25.600000,2026-01-13 21:22:16.524000,,,,2026-01-07 00:00:00,2026-01-13 00:00:00,2026-10-06 13:10:48.366263,20261006_1310,2026-01-07 a 2026-01-13
ELORZA MARCELO Y JOSE MARIA SRL,355244,Elorza Agro(1),Tambo JE,4,Elorza Picadora 8400,1Z08400YCHF516657,Angel,Z8+,Cosecha de forraje: Maíz para ensilado - 13 ene 2026,Maíz para ensilado,0.0090431127433776,ha,0.0,%,49.35247548769394,t/ha,0.4463,t,49.35247548769394,t/ha,0.4463,t,2005.979,s,0.107924523512876,km/h,0.016229086085228,ha/h,46.8858015833333,l,5184.697229133631,l/ha,84.14289765745298,l/h,0.8009455732088923,t/h,0.8009455732088924,t/h,0.0095188731967557,t/l,,,,,100.0,%,,,,,12.0,mm,1.3388121480757027,l/t,0.0,l/t,0.5975118616861861,l,0.0,l,,,,,2026-01-13 10:46:57.546000,2026-01-13 10:47:21.547000,,,,2026-01-07 00:00:00,2026-01-13 00:00:00,2026-10-06 13:10:48.366263,20261006_1310,2026-01-07 a 2026-01-13
SILAJES SAS,449524,fabrica tacaa,john deere,cft,1Z08600YCRF625485,1Z08600YCRF625485,Juan,,Cosecha de forraje: Maíz para ensilado - 10 ene 2026,Maíz para ensilado,30.74530272793763,ha,65.54476187132137,%,11.41759302573532,t/ha,351.03735400062175,t,33.13746659678974,t/ha,1018.821442155222,t,24331.892999991745,s,6.405420659953997,km/h,4.548776923060339,ha/h,714.3422871982957,l,23.23476710680025,l/ha,105.68977242809387,l/h,147.70797032004,t/h,147.7079703200399,t/h,0.4806030523167138,t/l,6.164817614408876,%,29.59956138250912,%,34.45523812867891,%,46.89688681926194,%,26.14414915959509,%,14.833350170027716,mm,0.5939641182548862,l/t,,,605.039318889875,l,,,7.610153306645497,%,4.423362350334504,%,2026-01-10 14:05:28.767000,2026-01-11 10:17:26.766000,24.27215647941125,ha,ARROYITO,2026-01-07 00:00:00,2026-01-13 00:00:00,2026-10-06 13:10:48.366263,20261006_1310,2026-01-07 a 2026-01-13
COOPERATIVA TAMBERA LAS CAÑITAS LTDA,526845,Fabricio Vidotto,,Lote 1,8500,1Z08500YHRF625480,Santiago,,Cosecha de forraje: Maíz para ensilado - 13 ene 2026,Maíz para ensilado,4.261862132962579,ha,64.95061028268182,%,9.434822137159314,t/ha,40.20991119759635,t,26.91864883598075,t/ha,114.72357014458358,t,5007.400000000168,s,6.523023119609095,km/h,3.0640060068428125,ha/h,93.16163032347164,l,21.859372128190238,l/ha,66.97724750658739,l/h,81.27934635025647,t/h,81.2793463502562,t/h,0.4247378368272255,t/l,7.060106483888841,%,23.40027669903458,%,35.04938971731838,%,50.80670312165132,%,27.999241756645254,%,17.98319999999719,mm,,,,,,,,,7.2565601791604095,%,5.296077737202936,%,2026-01-13 19:48:28.372000,2026-01-13 21:29:09.421000,2.637187681314963,ha,ARROYITO,2026-01-07 00:00:00,2026-01-13 00:00:00,2026-10-06 13:10:48.366263,20261006_1310,2026-01-07 a 2026-01-13
MEDITERRANEA FORRAJES SRL,5937812,Gabrielloni Pablo,Bessone,Maiz15/01 lote1,8600,1Z08600YCRF625499,Operador desconocido,VARIEDAD1,Cosecha de forraje: Maíz para ensilado - 7 ene 2026,Maíz para ensilado,0.0733568953280875,ha,54.50115555013471,%,10.595465160029416,t/ha,0.7772504286966766,t,23.287328036878897,t/ha,1.7082860852721646,t,47.19500000000004,s,7.774152647882516,km/h,5.595610195595183,ha/h,1.0684185208333337,l,14.564663840458998,l/ha,81.498181481089,l/h,125.80185408234404,t/h,125.80185408234412,t/h,0.698079656796403,t/l,,,,,45.49884444986534,%,,,,,16.99260000000009,mm,,,,,,,,,,,,,2026-01-07 19:44:40.939000,2026-01-07 19:45:36.534000,,,ARROYITO,2026-01-07 00:00:00,2026-01-13 00:00:00,2026-10-06 13:10:48.366263,20261006_1310,2026-01-07 a 2026-01-13
MEDITERRANEA FORRAJES SRL,5937812,Gabrielloni Pablo,Tambo,Maiz lote N  O,8600,1Z08600YCRF625499,Operador desconocido,VARIEDAD1,Cosecha de forraje: Maíz para ensilado - 8 ene 2026,Maíz para ensilado,3.364510882158176,ha,68.27759869346845,%,9.993367435345172,t/ha,33.62279348562397,t,31.50255662798074,t/ha,105.99069459064538,t,2141.539000000072,s,7.761288059944129,km/h,5.655857388433882,ha/h,60.57592668402789,l,18.004378290246827,l/ha,101.83019597704858,l/h,175.95332859178563,t/h,175.953328591786,t/h,0.5428784775434765,t/l,,,,,31.722401306530852,%,,,,,16.99260000000015,mm,,,,,,,,,,,,,2026-01-08 09:01:53.952000,2026-01-08 10:09:08.642000,2.323926191304069,ha,ARROYITO,2026-01-07 00:00:00,2026-01-13 00:00:00,2026-10-06 13:10:48.366263,20261006_1310,2026-01-07 a 2026-01-13
MEDITERRANEA FORRAJES SRL,5937812,Gabrielloni Pablo,Tambo,Maiz06/012026 loteNE,8600,1Z08600YCRF625499,Operador desconocido,VARIEDAD1,Cosecha de forraje: Maíz para ensilado - 7 ene 2026,Maíz para ensilado,7.202915719973956,ha,62.69271634535304,%,10.104846678689926,t/ha,72.78435898986228,t,27.08545272883136,t/ha,195.0942332431109,t,4102.879999999115,s,8.619772244306807,km/h,6.320071898742316,ha/h,113.53104889120378,l,15.761818311489836,l/ha,99.61582498352948,l/h,166.766999175974,t/h,166.76699917597568,t/h,0.625625188725909,t/l,,,,,37.307283654645566,%,,,,,16.99259999999852,mm,,,,,,,,,,,,,2026-01-07 11:42:35.207000,2026-01-07 13:09:36.572000,7.164238485710847,ha,ARROYITO,2026-01-07 00:00:00,2026-01-13 00:00:00,2026-10-06 13:10:48.366263,20261006_1310,2026-01-07 a 2026-01-13
COOPERATIVA TAMBERA LAS CAÑITAS LTDA,526845,Gandola adrian,,1,Benjamin Cabrera 3576411960,1Z08500YCLF621052,Operador desconocido,,Cosecha de forraje: Maíz para ensilado - 11 ene 2026,Maíz para ensilado,32.22040754587117,ha,64.88090600549577,%,11.015503436922096,t/ha,354.9240100605746,t,31.36613785835646,t/ha,1010.6297449362238,t,25231.63999999493,s,6.417658101322749,km/h,4.597064653631738,ha/h,619.8124652063177,l,19.23562964472551,l/ha,88.43360458310264,l/h,141.91996279591038,t/h,141.91996279591118,t/h,0.5616881588329191,t/l,,,,,35.11909399450459,%,,,,,15.135973897663527,mm,0.3775421632888033,l/t,,,215.5015695327116,l,,,,,,,2026-01-11 11:06:07.383000,2026-01-11 22:58:15.572000,29.31078204732028,ha,ARROYITO,2026-01-07 00:00:00,2026-01-13 00:00:00,2026-10-06 13:10:48.366263,20261006_1310,2026-01-07 a 2026-01-13
COOPERATIVA TAMBERA LAS CAÑITAS LTDA,526845,Gandola adrian,,2,Benjamin Cabrera 3576411960,1Z08500YCLF621052,Operador desconocido,,Cosecha de forraje: Maíz para ensilado - 11 ene 2026,Maíz para ensilado,0.0823640770039925,ha,64.66864550716917,%,18.330623143461345,t/ha,1.509784856119217,t,51.88202775294361,t/ha,4.273215328966723,t,92.20000000000005,s,4.618955328732147,km/h,3.2159509459259548,ha/h,2.1925237314814816,l,26.619902890130128,l/ha,85.60830187997104,l/h,153.86686420650346,t/h,153.86686420650344,t/h,0.6290675237056159,t/l,,,,,35.33135449283079,%,,,,,16.198306613538104,mm,,,,,,,,,,,,,2026-01-11 11:27:56.937000,2026-01-11 11:54:21.487000,0.0301149476848518,ha,ARROYITO,2026-01-07 00:00:00,2026-01-13 00:00:00,2026-10-06 13:10:48.366263,20261006_1310,2026-01-07 a 2026-01-13
TRANSILOS SA,492425,Gilbert,Alfa verde,1,8600,1Z08600YCKF620026,Operador desconocido,,Cosecha de forraje: Maíz para ensilado - 7 ene 2026,Maíz para ensilado,26.87587865516602,ha,64.64447879245562,%,2.2690924686581115,t/ha,60.98385384500652,t,6.417929622188419,t/ha,172.48749774333146,t,10574.685000000443,s,10.38764503733399,km/h,9.149453301218314,ha/h,232.39087578514292,l,8.646871183255682,l/ha,79.11414409284815,l/h,58.35370087123709,t/h,58.353700871237024,t/h,0.258156054636244,t/l,,,,,35.35552120754453,%,,,,,19.928719965439925,mm,0.9866585947162294,l/t,,,170.08681826805395,l,,,,,,,2026-01-07 09:24:29.321000,2026-01-12 17:45:30.985000,13.649689073032754,ha,ARROYITO,2026-01-07 00:00:00,2026-01-13 00:00:00,2026-10-06 13:10:48.366263,20261006_1310,2026-01-07 a 2026-01-13
TRANSILOS SA,492425,Gilbert,Cantamala,,8600,1Z08600YCKF620026,Operador desconocido,,Cosecha de forraje: Maíz para ensilado - 7 ene 2026,Maíz para ensilado,0.2106590250846857,ha,65.0000000000001,%,6.019340740207618,t/ha,1.2680284519846674,t,17.19811640059319,t/ha,3.622938434241905,t,158.59500000000062,s,6.694908411144579,km/h,4.781818407294461,ha/h,3.47604050462963,l,16.50079080747786,l/ha,78.90378521811296,l/h,82.23826957514932,t/h,82.23826957514946,t/h,0.3647910461042729,t/l,,,,,35.00000000000002,%,,,,,21.363802269861303,mm,0.9879624465759088,l/t,,,3.5793271192875227,l,,,,,,,2026-01-07 09:31:03.908000,2026-01-07 13:51:34.608000,0.132171706609476,ha,ARROYITO,2026-01-07 00:00:00,2026-01-13 00:00:00,2026-10-06 13:10:48.366263,20261006_1310,2026-01-07 a 2026-01-13
TRANSILOS SA,492425,Gilbert,Cantamala,Alfa verde [14]hts sur,8600,1Z08600YCKF620026,Operador desconocido,,Cosecha de forraje: Maíz para ensilado - 7 ene 2026,Maíz para ensilado,24.19788804939014,ha,64.88428078713902,%,6.052844131967385,t/ha,146.4660446857548,t,17.236850811105455,t/ha,417.0953862511695,t,17435.44199999675,s,6.989197856606976,km/h,4.996282685453267,ha/h,406.4445628303939,l,16.79669572818922,l/ha,83.92104003957525,l/h,85.86802378142092,t/h,85.86802378141982,t/h,0.358120065115073,t/l,,,,,35.11571921286061,%,,,,,20.234544969969708,mm,0.7931162401845624,l/t,,,330.8051245418595,l,,,,,,,2026-01-07 09:45:20.083000,2026-01-07 19:08:52.219000,15.72742631298059,ha,ARROYITO,2026-01-07 00:00:00,2026-01-13 00:00:00,2026-10-06 13:10:48.366263,20261006_1310,2026-01-07 a 2026-01-13
TRANSILOS SA,492425,Gilbert,Cantamala,Alfa verde [4] hts norte,8600,1Z08600YCKF620026,Operador desconocido,,Cosecha de forraje: Maíz para ensilado - 12 ene 2026,Maíz para ensilado,2.58356584206727,ha,64.73501422999247,%,1.5104862233530547,t/ha,3.902440611568145,t,4.283246371355935,t/ha,11.066049018193771,t,1014.762000000074,s,10.126530472773988,km/h,9.164039255945404,ha/h,20.730612986111115,l,8.025341245680835,l/ha,73.54454221777563,l/h,39.09820197907806,t/h,39.09820197907811,t/h,0.1860691531963847,t/l,,,,,35.264985770007705,%,,,,,19.989799999999427,mm,1.8719626371717195,l/t,,,20.67835354406963,l,,,,,,,2026-01-12 09:25:53.714000,2026-01-12 09:50:53.670000,,,ARROYITO,2026-01-07 00:00:00,2026-01-13 00:00:00,2026-10-06 13:10:48.366263,20261006_1310,2026-01-07 a 2026-01-13
TRANSILOS SA,492425,Gilbert,Cantamala,Alfa verde [5]hts norte,8600,1Z08600YCKF620026,Operador desconocido,,Cosecha de forraje: Maíz para ensilado - 12 ene 2026,Maíz para ensilado,0.1233353563372921,ha,65.00000000000003,%,1.3148950536068356,t/ha,0.1621730499827419,t,3.756843010305246,t/ha,0.4633515713792629,t,45.79500000000001,s,10.717046257206553,km/h,9.695540622649904,ha/h,0.8352585763888891,l,6.7722557520704765,l/ha,65.66068075117369,l/h,36.42462401933279,t/h,36.424624019332846,t/h,0.1941590958381678,t/l,,,,,34.99999999999998,%,,,,,18.999199999999984,mm,0.0,l/t,,,0.0,l,,,,,,,2026-01-12 17:54:02.975000,2026-01-12 18:02:47.954000,,,ARROYITO,2026-01-07 00:00:00,2026-01-13 00:00:00,2026-10-06 13:10:48.366263,20261006_1310,2026-01-07 a 2026-01-13
TRANSILOS SA,492425,Gilbert,Cantamala,Lote maiz p,8600,1Z08600YCKF620026,Operador desconocido,,Cosecha de forraje: Maíz para ensilado - 7 ene 2026,Maíz para ensilado,8.136140426864419,ha,64.62990147779921,%,6.4131151565143085,t/ha,52.178005487053,t,18.13145969183284,t/ha,147.52010219678382,t,5889.980999999561,s,6.957051850577336,km/h,4.972869273553343,ha/h,131.7374906016856,l,16.19164415681752,l/ha,80.51892971574993,l/h,89.3924994798777,t/h,89.39249947987815,t/h,0.3885716585362566,t/l,,,,,35.370098522200145,%,,,,,21.70378580550967,mm,0.9984730394358408,l/t,,,147.29484481830707,l,,,,,,,2026-01-07 09:26:42.959000,2026-01-07 13:51:32.408000,5.0239041537441205,ha,ARROYITO,2026-01-07 00:00:00,2026-01-13 00:00:00,2026-10-06 13:10:48.366263,20261006_1310,2026-01-07 a 2026-01-13
TRANSILOS SA,492425,Gilbert,Cantamala,Lt. sorgo,8600,1Z08600YCKF620026,Operador desconocido,,Cosecha de forraje: Maíz para ensilado - 12 ene 2026,Maíz para ensilado,0.1213790162616325,ha,65.00000000000006,%,0.9500413079994292,t/ha,0.1153150793728853,t,2.7144037371412253,t/ha,0.3294716553511008,t,37.009,s,13.05100614144416,km/h,11.806978263175916,ha/h,0.6006080347222218,l,4.948203183881565,l/ha,58.42332743386745,l/h,32.04890592190993,t/h,32.04890592190988,t/h,0.1919972306501327,t/l,,,,,34.999999999999986,%,,,,,18.999199999999984,mm,2.4734348844933405,l/t,,,0.8149266857971784,l,,,,,,,2026-01-12 15:35:28.224000,2026-01-12 15:36:08.223000,,,ARROYITO,2026-01-07 00:00:00,2026-01-13 00:00:00,2026-10-06 13:10:48.366263,20261006_1310,2026-01-07 a 2026-01-13
SILAJES CORDES,330434,Gilli,La Herradura,Lote 1.2,Picadora 1,1Z08500YAMF622083,Diego garcia,,Cosecha de forraje: Maíz para ensilado - 10 ene 2026,Maíz para ensilado,26.747831646457104,ha,68.98652756153982,%,7.899436298515972,t/ha,211.2927922146175,t,25.470983019365907,t/ha,681.293565671767,t,23349.049999993757,s,5.862740224350452,km/h,4.123996365628173,ha/h,579.0763143170556,l,21.649646688189826,l/ha,89.28306425922929,l/h,102.15789665054145,t/h,102.15789665054152,t/h,0.3507250453005109,t/l,6.9542266982002765,%,20.251792353465888,%,31.01347243846033,%,50.38650090177119,%,27.87934432001636,%,14.571698882609558,mm,,,0.0957448737585311,l/t,,,62.2516800852479,l,6.241983752452855,%,5.401854624562125,%,2026-01-10 14:51:11.993000,2026-01-11 20:37:29.719000,17.60424893750634,ha,ARROYITO,2026-01-07 00:00:00,2026-01-13 00:00:00,2026-10-06 13:10:48.366263,20261006_1310,2026-01-07 a 2026-01-13
SILAJES CORDES,330434,Gilli,La Herradura,Lote 10,Picadora 1,1Z08500YAMF622083,Diego garcia,,Cosecha de forraje: Maíz para ensilado - 12 ene 2026,Maíz para ensilado,0.0005536904387932,ha,69.41513436992388,%,27.502655971874564,t/ha,0.0152279576530473,t,89.92243518254799,t/ha,0.0497891925935836,t,2.0,s,1.4643496501599993,km/h,0.9966427898278716,ha/h,0.0281600925925925,l,50.858910719076135,l/ha,50.68816666666667,l/h,89.62054666845054,t/h,89.62054666845053,t/h,0.5407637635770067,t/l,7.731408999509995,%,18.462817999019983,%,30.584865630076088,%,54.248728003920085,%,29.57436400196004,%,14.985999999999992,mm,,,0.1094123886449087,l/t,,,0.0054475544903653,l,7.111546002940038,%,6.811546002940038,%,2026-01-12 07:58:23.180000,2026-01-12 07:58:25.180000,,,ARROYITO,2026-01-07 00:00:00,2026-01-13 00:00:00,2026-10-06 13:10:48.366263,20261006_1310,2026-01-07 a 2026-01-13
SILAJES CORDES,330434,Gilli,La Herradura,Lote 11,Picadora 1,1Z08500YAMF622083,Diego garcia,,Cosecha de forraje: Maíz para ensilado - 12 ene 2026,Maíz para ensilado,0.0437159951298675,ha,70.46672847672558,%,9.851340009566536,t/ha,0.4306611318808802,t,33.35675156002602,t/ha,1.4582235887463004,t,47.79600000000013,s,4.587957826225265,km/h,3.2926935824655392,ha/h,1.1325132638888884,l,25.906153125978715,l/ha,85.30102414427962,l/h,109.83356179359484,t/h,109.83356179359497,t/h,0.3802702763957495,t/l,7.708565814835078,%,18.56965462575512,%,29.533271523274333,%,50.20186396697765,%,28.146797627670672,%,14.985999999999992,mm,,,0.0905044910760891,l/t,,,0.1319757837746321,l,6.384158643682638,%,6.316822208659484,%,2026-01-12 08:07:20.564000,2026-01-12 09:29:00.206000,,,ARROYITO,2026-01-07 00:00:00,2026-01-13 00:00:00,2026-10-06 13:10:48.366263,20261006_1310,2026-01-07 a 2026-01-13
SILAJES CORDES,330434,Gilli,La Herradura,Lote 3 y 4 maiz,Picadora 1,1Z08500YAMF622083,Diego garcia,,Cosecha de forraje: Maíz para ensilado - 12 ene 2026,Maíz para ensilado,18.12321719794203,ha,69.32065755576456,%,9.378937577062995,t/ha,169.97652279505283,t,30.570855924016595,t/ha,554.0422618379454,t,15650.375999996248,s,6.08633108802387,km/h,4.168715936946513,ha/h,418.01523729217536,l,23.065747578915488,l/ha,96.1545495298131,l/h,123.09281230510304,t/h,123.09281230510292,t/h,0.3868567800832932,t/l,6.771610438170457,%,20.67423987965443,%,30.67934244423571,%,48.66230959322136,%,27.14648626264748,%,14.99175775736146,mm,,,0.0794911210076722,l/t,,,43.79138700424343,l,5.918490176291448,%,5.499322558181144,%,2026-01-12 07:54:48.785000,2026-01-12 17:01:10.526000,11.88129259721138,ha,ARROYITO,2026-01-07 00:00:00,2026-01-13 00:00:00,2026-10-06 13:10:48.366263,20261006_1310,2026-01-07 a 2026-01-13
TRANSILOS SA,492425,Gisbert luis,Cantamala,LOTE (10) HTS ALFA SUR LA COSTA,8600,1Z08600YCKF620026,Operador desconocido,,Cosecha de forraje: Maíz para ensilado - 12 ene 2026,Maíz para ensilado,9.48383779859228,ha,64.77140042285238,%,2.16629673593408,t/ha,20.5448068672187,t,6.149255894177917,t/ha,58.31854548242089,t,3779.68200000011,s,9.983931513595625,km/h,9.032986392753036,ha/h,78.86878169907402,l,8.316125114537565,l/ha,75.11944500004446,l/h,55.32242141194962,t/h,55.322421411949605,t/h,0.2577607900879862,t/l,,,,,35.22859957714775,%,,,,,18.99920000000128,mm,0.1103797032911403,l/t,,,6.437183746720475,l,,,,,,,2026-01-12 17:48:05.985000,2026-01-12 19:16:09.815000,6.334859442431815,ha,ARROYITO,2026-01-07 00:00:00,2026-01-13 00:00:00,2026-10-06 13:10:48.366263,20261006_1310,2026-01-07 a 2026-01-13
TRANSILOS SA,492425,Gisbert luis,Cantamala,LOTE (18) HTS ALFA SUR LA COSTA,8600,1Z08600YCKF620026,Operador desconocido,,Cosecha de forraje: Maíz para ensilado - 12 ene 2026,Maíz para ensilado,6.844538341978775,ha,64.61505297784197,%,1.1949042106240957,t/ha,8.178567684608504,t,3.3768715546637877,t/ha,23.113126831833767,t,2420.141000000121,s,11.249281048678212,km/h,10.181364652357882,ha/h,44.37473310185178,l,6.483232452610249,l/ha,66.00815372602621,l/h,34.17754644493079,t/h,34.17754644493088,t/h,0.1812221760568546,t/l,,,,,35.384947022157846,%,,,,,18.99920000000107,mm,1.1461330715137146,l/t,,,26.490719048055706,l,,,,,,,2026-01-12 15:24:13.253000,2026-01-12 17:44:54.985000,3.572883494035292,ha,ARROYITO,2026-01-07 00:00:00,2026-01-13 00:00:00,2026-10-06 13:10:48.366263,20261006_1310,2026-01-07 a 2026-01-13
TRANSILOS SA,492425,Gisbert luis,Cantamala,LOTE ALFA CORRAL SUR [14]HTS,8600,1Z08600YCKF620026,Operador desconocido,,Cosecha de forraje: Maíz para ensilado - 12 ene 2026,Maíz para ensilado,0.5299721796928346,ha,64.9999999999999,%,1.5514841354814692,t/ha,0.8222434290399673,t,4.432811815661341,t/ha,2.349266940114193,t,200.00099999999927,s,10.543968311467696,km/h,9.539451537213452,ha/h,4.226502321759263,l,7.974951296894274,l/ha,76.07666140835991,l/h,42.28659348908817,t/h,42.286593489088126,t/h,0.194544653342983,t/l,,,,,35.0,%,,,,,19.98980000000032,mm,1.6350320447625777,l/t,,,3.8411267287880273,l,,,,,,,2026-01-12 09:53:57.465000,2026-01-12 12:16:42.392000,0.0911674502652228,ha,ARROYITO,2026-01-07 00:00:00,2026-01-13 00:00:00,2026-10-06 13:10:48.366263,20261006_1310,2026-01-07 a 2026-01-13
TRANSILOS SA,492425,Gisbert luis,Cantamala,Lote carra (11)hts,8600,1Z08600YCKF620026,Operador desconocido,,Cosecha de forraje: Maíz para ensilado - 12 ene 2026,Maíz para ensilado,11.703999103172992,ha,64.68544966497556,%,1.4030574800528175,t/ha,16.421383488238337,t,3.973029436145165,t/ha,46.50033295752292,t,3874.5480000001703,s,12.01698618601442,km/h,10.874661191814017,ha/h,81.1861990208334,l,6.936371720485203,l/ha,75.43339674072632,l/h,42.93336699028786,t/h,42.93336699028767,t/h,0.1992045843865318,t/l,,,,,35.314550335024215,%,,,,,19.05118886366092,mm,0.072681823919909,l/t,,,3.379729012235821,l,,,,,,,2026-01-12 13:16:58.285000,2026-01-12 15:00:45.095000,5.599597834766204,ha,ARROYITO,2026-01-07 00:00:00,2026-01-13 00:00:00,2026-10-06 13:10:48.366263,20261006_1310,2026-01-07 a 2026-01-13
TRANSILOS SA,492425,Gisbert luis,Cantamala,Lote carra casa fune,8600,1Z08600YCKF620026,Operador desconocido,,Cosecha de forraje: Maíz para ensilado - 12 ene 2026,Maíz para ensilado,1.7109585667935658,ha,64.80823152205792,%,1.4508855205479112,t/ha,2.4824050108181903,t,4.122797981742007,t/ha,7.05393652602071,t,640.9880000000068,s,10.62226451105808,km/h,9.609307569653016,ha/h,12.54062184027782,l,7.329588269211942,l/ha,70.43226803777839,l/h,39.50035175200419,t/h,39.500351752004086,t/h,0.1962215164650126,t/l,,,,,35.19176847794213,%,,,,,18.99920000000092,mm,0.0,l/t,,,0.0,l,,,,,,,2026-01-12 14:18:20.170000,2026-01-12 14:37:53.135000,,,ARROYITO,2026-01-07 00:00:00,2026-01-13 00:00:00,2026-10-06 13:10:48.366263,20261006_1310,2026-01-07 a 2026-01-13
SILAJES CORDES,330434,Global Comercio Internacional S.A.,Feed Lot Don Lorenzo,1,Picadora 1,1Z08500YAMF622083,Diego garcia,,Cosecha de forraje: Maíz para ensilado - 8 ene 2026,Maíz para ensilado,29.839659983385168,ha,63.052867251232,%,13.57797838284176,t/ha,405.1622582057521,t,36.74974855334211,t/ha,1096.6000013066296,t,27380.003999992477,s,5.452893557401479,km/h,3.923402492571598,ha/h,756.4847310715561,l,25.350704182308235,l/ha,99.46474192839204,l/h,102.06543834481936,t/h,102.06543834481998,t/h,0.3762819284134397,t/l,6.270643600720084,%,29.393045734805444,%,36.94713274876822,%,41.848138886660166,%,23.60094463783976,%,15.976600000005837,mm,,,0.0796025213385108,l/t,,,63.33022178679248,l,6.173094328253984,%,4.753211599061677,%,2026-01-08 17:15:08.138000,2026-01-09 17:45:03.136000,21.55975747796019,ha,ARROYITO,2026-01-07 00:00:00,2026-01-13 00:00:00,2026-10-06 13:10:48.366263,20261006_1310,2026-01-07 a 2026-01-13
SILAJES CORDES,330434,Global Comercio Internacional S.A.,Feed Lot Don Lorenzo,2,Picadora 1,1Z08500YAMF622083,Diego garcia,,Cosecha de forraje: Maíz para ensilado - 9 ene 2026,Maíz para ensilado,17.099999999999888,ha,65.54490937108086,%,12.049746238544502,t/ha,206.05066067910963,t,34.972324897704475,t/ha,598.0267557507425,t,16301.695999995369,s,5.140173430036382,km/h,3.776249822868961,ha/h,423.42152480425045,l,24.760769110529573,l/ha,93.50668110212234,l/h,101.61599196811557,t/h,101.61599196811524,t/h,0.3716350994235242,t/l,6.776812323731533,%,24.300905391156096,%,34.455090628920274,%,45.01971291536139,%,25.128532001150205,%,15.976600000004964,mm,,,0.0887763243642394,l/t,,,41.94067449326211,l,6.339342077610161,%,5.435022544227345,%,2026-01-09 18:13:43.100000,2026-01-10 10:36:01.064000,12.039704881554018,ha,ARROYITO,2026-01-07 00:00:00,2026-01-13 00:00:00,2026-10-06 13:10:48.366263,20261006_1310,2026-01-07 a 2026-01-13
SILAJES SAS,449524,gola nico,Fabrica,Carrilobo,1Z08600YCRF625485,1Z08600YCRF625485,Juan,,Cosecha de forraje: Maíz para ensilado - 11 ene 2026,Maíz para ensilado,0.0015779999999999,ha,54.20136496033388,%,3.718892418624996,t/ha,0.0058684122365902,t,8.120094442561584,t/ha,0.0128135090303621,t,2.6,s,2.5820781731169227,km/h,2.1849230769230763,ha/h,0.0364502638888888,l,23.099026545556967,l/ha,50.46959615384613,l/h,17.741781734347633,t/h,17.74178173434763,t/h,0.1609977983829934,t/l,2.0566862636650267,%,13.16964429554274,%,45.79863503966619,%,31.45936065952017,%,9.280511394558443,%,13.99540000000001,mm,,,,,,,,,3.271773508590095,%,1.5100493116569669,%,2026-01-11 11:51:24.819000,2026-01-11 11:51:27.419000,,,ARROYITO,2026-01-07 00:00:00,2026-01-13 00:00:00,2026-10-06 13:10:48.366263,20261006_1310,2026-01-07 a 2026-01-13
SILAJES SAS,449524,gola nico,Fabrica,Carrilobo,1Z08600YCRF625485,1Z08600YCRF625485,Juan,,Cosecha de forraje: Alfalfa - 13 ene 2026,Alfalfa,0.1819523791402852,ha,69.39314759257208,%,2.8376229979127645,t/ha,0.5163122555734161,t,9.271201625502986,t/ha,1.6869171932495477,t,136.18399999999986,s,13.042346208468354,km/h,4.80492249386879,ha/h,2.654812659722224,l,14.605751519650026,l/ha,70.17950401662462,l/h,44.2716502504365,t/h,44.271650250436544,t/h,0.1930102591941538,t/l,19.91172028380452,%,,,30.606852407428047,%,43.237759466501245,%,30.54371680178612,%,19.981807070392744,mm,0.9771175772133228,l/t,,,1.6006346915110548,l,,,9.260390011498888,%,11.77016352598946,%,2026-01-13 14:19:13.201000,2026-01-13 15:03:24.875000,,,ARROYITO,2026-01-07 00:00:00,2026-01-13 00:00:00,2026-10-06 13:10:48.366263,20261006_1310,2026-01-07 a 2026-01-13
SILAJES SAS,449524,gola nico,Fabrica,Carrilobo.,1Z08600YCRF625485,1Z08600YCRF625485,Juan,,Cosecha de forraje: Maíz para ensilado - 11 ene 2026,Maíz para ensilado,0.035307410214032,ha,71.1996004028533,%,9.690475296388588,t/ha,0.3421455864585354,t,33.647016818991055,t/ha,1.187989025306552,t,34.97999999999996,s,5.441288716659101,km/h,3.620959884806037,ha/h,0.9186784305555558,l,26.110939708005887,l/ha,94.54666523727848,l/h,119.72120175803084,t/h,119.72120175803092,t/h,0.3642030483681291,t/l,7.583649009049832,%,21.713769162659396,%,28.800399597146683,%,53.82790426494441,%,27.502422959810296,%,13.995400000000012,mm,0.2899947115680516,l/t,,,0.3418467242525988,l,,,7.219200162423266,%,5.241539342319708,%,2026-01-11 11:51:27.419000,2026-01-11 12:14:26.254000,,,ARROYITO,2026-01-07 00:00:00,2026-01-13 00:00:00,2026-10-06 13:10:48.366263,20261006_1310,2026-01-07 a 2026-01-13
SILAJES SAS,449524,gola nico,john deere,cfp,1Z08600YCRF625485,1Z08600YCRF625485,Juan,,Cosecha de forraje: Maíz para ensilado - 11 ene 2026,Maíz para ensilado,0.0023962981769396,ha,66.68542215672791,%,9.711959722436868,t/ha,0.0232727513773863,t,29.152282127441666,t/ha,0.0698575605156174,t,2.205,s,5.258896382818512,km/h,3.912323554187107,ha/h,0.0545070486111111,l,22.746354829983616,l/ha,88.9910997732426,l/h,114.05316002549787,t/h,114.05316002549792,t/h,0.4269677403271151,t/l,7.020711005302718,%,25.16889712249421,%,33.31457784327216,%,51.11928040673858,%,26.99495098353041,%,13.995400000000012,mm,0.3196852537986716,l/t,,,0.0223324319631912,l,,,7.186822508813533,%,4.593177891400642,%,2026-01-11 12:06:55.309000,2026-01-11 12:13:44.064000,,,ARROYITO,2026-01-07 00:00:00,2026-01-13 00:00:00,2026-10-06 13:10:48.366263,20261006_1310,2026-01-07 a 2026-01-13
SILAJES SACANTA,425003,Gonella 05 01,Maiz 2026,2,silaje sacanta sa,1Z08600YVSF627342,Operador desconocido,12,Cosecha de forraje: Alfalfa - 7 ene 2026,Alfalfa,15.840426401239675,ha,71.06542947715216,%,9.589769174088952,t/ha,151.90603280703306,t,33.14294631232518,t/ha,524.998401780625,t,10890.071999998216,s,7.3902899683845185,km/h,5.236276339079523,ha/h,279.74039419021085,l,17.653388810687968,l/ha,92.4755519600721,l/h,167.57627124708037,t/h,167.57627124708162,t/h,0.5124156745209542,t/l,,,,,28.93457052284669,%,,,,,13.884612155862312,mm,,,,,,,,,,,,,2026-01-07 19:22:58.578000,2026-01-08 10:21:39.449000,2.7361527455653376,ha,ARROYITO,2026-01-07 00:00:00,2026-01-13 00:00:00,2026-10-06 13:10:48.366263,20261006_1310,2026-01-07 a 2026-01-13
SILAJES SACANTA,425003,gonella alfa,tordilla,2,silaje sacanta sa,1Z08600YVSF627342,Operador desconocido,12,Cosecha de forraje: Alfalfa - 6 ene 2026,Alfalfa,30.210473754400816,ha,74.27577133125352,%,10.772358342110632,t/ha,325.4380489673339,t,41.87631233117828,t/ha,1265.1032346121524,t,22235.614999998445,s,6.830559839580367,km/h,4.891148975004791,ha/h,620.0359291939162,l,20.5229329733602,l/ha,100.38532080620516,l/h,199.7179867346506,t/h,199.7179867346528,t/h,0.5002004364420304,t/l,,,,,25.724228668745983,%,,,,,18.007668264642632,mm,,,,,,,,,,,,,2026-01-06 22:36:17.343000,2026-01-07 19:13:45.843000,20.83851421688644,ha,ARROYITO,2026-01-07 00:00:00,2026-01-13 00:00:00,2026-10-06 13:10:48.366263,20261006_1310,2026-01-07 a 2026-01-13
COOPERATIVA TAMBERA LAS CAÑITAS LTDA,526845,Gregorio,,11 - Archivado,Benjamin Cabrera 3576411960,1Z08500YCLF621052,Operador desconocido,,Cosecha de forraje: Maíz para ensilado - 8 ene 2026,Maíz para ensilado,0.0239928,ha,62.23069258184247,%,2.136114111427326,t/ha,0.0512513586526535,t,5.655687799031225,t/ha,0.1356957862245963,t,25.59999999999994,s,5.548731718665948,km/h,3.373987500000009,ha/h,0.1834877777777778,l,7.647618359581951,l/ha,25.802968750000066,l/h,18.20014136657005,t/h,18.200141366570065,t/h,0.2468727354599267,t/l,,,,,37.76930741815748,%,,,,,21.996399999999987,mm,,,,,,,,,,,,,2026-01-08 06:47:21.298000,2026-01-08 06:49:28.293000,,,ARROYITO,2026-01-07 00:00:00,2026-01-13 00:00:00,2026-10-06 13:10:48.366263,20261006_1310,2026-01-07 a 2026-01-13
COOPERATIVA TAMBERA LAS CAÑITAS LTDA,526845,Gregorio,Pablo,3,Benjamin Cabrera 3576411960,1Z08500YCLF621052,Operador desconocido,,Cosecha de forraje: Maíz para ensilado - 8 ene 2026,Maíz para ensilado,23.45117198883166,ha,64.94189579145319,%,7.729166201450158,t/ha,181.2580059204724,t,22.04673177840051,t/ha,517.0216987269107,t,16812.173000009,s,6.961535798357729,km/h,5.02161256369143,ha/h,405.346648279861,l,17.28470749661928,l/ha,86.79710432474896,l/h,107.89967485280874,t/h,107.89967485280935,t/h,0.4350938489513036,t/l,,,,,35.05810420854531,%,,,,,14.351719006432267,mm,,,,,,,,,,,,,2026-01-08 06:50:44.289000,2026-01-08 13:39:00.323000,21.25851693797279,ha,ARROYITO,2026-01-07 00:00:00,2026-01-13 00:00:00,2026-10-06 13:10:48.366263,20261006_1310,2026-01-07 a 2026-01-13
visconti,418068,Grimaldi santiago,Casco,Molino noreste,Visconti,1Z08500YKHF516569,Operador desconocido,1,Cosecha de forraje: Maíz para ensilado - 7 ene 2026,Maíz para ensilado,5.169323048246725,ha,0.0,%,30.730951201369248,t/ha,158.85821433978344,t,30.730951201369248,t/ha,158.85821433978344,t,3264.9899999997883,s,9.671272064362544,km/h,5.699730465848381,ha/h,55.334557061081824,l,10.696669839256565,l/ha,61.012255908871374,l/h,169.16669964597236,t/h,169.16669964597224,t/h,2.7726675096007245,t/l,,,,,99.99999999999878,%,,,,,20.28203823838825,mm,,,,,,,,,,,,,2026-01-07 16:15:28.093000,2026-01-07 17:19:33.793000,,,ARROYITO,2026-01-07 00:00:00,2026-01-13 00:00:00,2026-10-06 13:10:48.366263,20261006_1310,2026-01-07 a 2026-01-13
visconti,418068,Grimaldi santiago,Casco,Monte sur,Visconti,1Z08500YKHF516569,Operador desconocido,1,Cosecha de forraje: Maíz para ensilado - 7 ene 2026,Maíz para ensilado,8.55227837873912,ha,0.0,%,34.813823133003126,t/ha,297.7375068616304,t,34.813823133003126,t/ha,297.7375068616304,t,7593.277999997136,s,6.968582584165798,km/h,4.0546654769483865,ha/h,149.5304003837701,l,17.481471994500996,l/ha,70.89289255335764,l/h,135.66765996393977,t/h,135.66765996393858,t/h,1.9136990335360893,t/l,,,,,99.9999999999985,%,,,,,16.992599999998912,mm,,,,,,,,,,,,,2026-01-07 13:39:38.498000,2026-01-07 16:08:14.148000,,,ARROYITO,2026-01-07 00:00:00,2026-01-13 00:00:00,2026-10-06 13:10:48.366263,20261006_1310,2026-01-07 a 2026-01-13
SILAJES CORDES,330434,Grupo Chiavassa,Susana,1,Picadora 1,1Z08500YAMF622083,Diego garcia,,Cosecha de forraje: Maíz para ensilado - 7 ene 2026,Maíz para ensilado,41.27938198771277,ha,64.59404305655141,%,16.97200795533409,t/ha,700.5939994867357,t,47.93545894675817,t/ha,1978.7461206195533,t,40884.889000061245,s,4.992439212503792,km/h,3.6347359327686815,ha/h,1167.3080396770722,l,28.278234398581123,l/ha,102.78391468376732,l/h,198.16791356702012,t/h,198.16791356701995,t/h,0.6778270132913105,t/l,5.647675582360873,%,37.77154409439633,%,35.40595694345012,%,35.690279912895285,%,21.35450829779463,%,15.976600000005282,mm,,,0.0496384422677062,l/t,,,114.3250464358622,l,6.110728344459241,%,4.45214164593579,%,2026-01-07 07:48:43.347000,2026-01-07 22:23:58.835000,33.691201340817216,ha,ARROYITO,2026-01-07 00:00:00,2026-01-13 00:00:00,2026-10-06 13:10:48.366263,20261006_1310,2026-01-07 a 2026-01-13
COOP DE PROV DE SERV AGROP SAN MARTIN LTDA,534599,Gustavo rho,16 central,Casa,1Z08600YKRF627041,1Z08600YKRF627041,Operador desconocido,12,Cosecha de forraje: Maíz para ensilado - 7 ene 2026,Maíz para ensilado,9.53445695595778,ha,62.96350069974002,%,13.194967568723518,t/ha,125.80685031925329,t,35.626929699132994,t/ha,339.6834276893173,t,7282.310999999103,s,7.0040122422148645,km/h,4.713345123746125,ha/h,210.8679878603932,l,22.11641300961879,l/ha,104.2422874136402,l/h,160.36505195984628,t/h,160.36505195984714,t/h,0.5696029395852592,t/l,,,,,37.03649930026009,%,,,,,16.992600000003424,mm,0.0374093242828969,l/t,,,1.3564032234234529,l,,,,,,,2026-01-07 11:08:55.929000,2026-01-07 15:51:31.913000,6.869218617659558,ha,ARROYITO,2026-01-07 00:00:00,2026-01-13 00:00:00,2026-10-06 13:10:48.366263,20261006_1310,2026-01-07 a 2026-01-13
COOP DE PROV DE SERV AGROP SAN MARTIN LTDA,534599,Gustavo rho,Casa,23 salaün,1Z08600YKRF627041,1Z08600YKRF627041,Operador desconocido,12,Cosecha de forraje: Maíz para ensilado - 7 ene 2026,Maíz para ensilado,24.49215614011164,ha,66.982909302969,%,11.698850618391564,t/ha,286.5300760054878,t,35.43271188167945,t/ha,867.823511873682,t,17991.57000000808,s,7.121433302195864,km/h,4.900726401552062,ha/h,536.4097607783162,l,21.901287812705803,l/ha,107.33221941170576,l/h,168.9563190930522,t/h,168.9563190930491,t/h,0.5185357762359352,t/l,,,,,33.01709069703016,%,,,,,16.99259999998249,mm,0.0542078168420949,l/t,,,43.49951663424675,l,,,,,,,2026-01-07 11:08:55.329000,2026-01-07 21:45:16.213000,20.49615996521389,ha,ARROYITO,2026-01-07 00:00:00,2026-01-13 00:00:00,2026-10-06 13:10:48.366263,20261006_1310,2026-01-07 a 2026-01-13
TRANSILOS SA,492425,HETOR BRUNO,LOS LEONES,LOTE ALFA,8600,1Z08600YCKF620026,Operador desconocido,,Cosecha de forraje: Maíz para ensilado - 13 ene 2026,Maíz para ensilado,10.632046318126331,ha,65.00000000000047,%,5.651815560087574,t/ha,60.09036481635821,t,16.14804445739307,t/ha,171.68675661816633,t,7369.326999998933,s,7.268534899958944,km/h,5.193875471296209,ha/h,183.78988409605444,l,17.286250410234697,l/ha,89.78344735494717,l/h,83.87093201665348,t/h,83.87093201665344,t/h,0.3269514266898013,t/l,,,,,35.00000000000013,%,,,,,21.767370217620098,mm,0.7282075686284889,l/t,,,125.02359560262722,l,,,,,,,2026-01-13 07:28:46.155000,2026-01-13 10:39:47.783000,7.208441043765258,ha,ARROYITO,2026-01-07 00:00:00,2026-01-13 00:00:00,2026-10-06 13:10:48.366263,20261006_1310,2026-01-07 a 2026-01-13
COOPERATIVA AGROPECUARIA LTDA. DE BALNEARIA,2839981,Juan Carlos Meia,Tambo Meia,Lote 10 .,8600,1Z08600YEMF622022,Operador desconocido,,Cosecha de forraje: Maíz para ensilado - 7 ene 2026,Maíz para ensilado,0.0004102294128825,ha,66.96776363170393,%,21.004177861546893,t/ha,0.008616531552222,t,63.5869083381421,t/ha,0.0260852200745696,t,1.1999999999999995,s,1.7308937499599992,km/h,1.2306882386475104,ha/h,0.0188563888888888,l,45.96547272511067,l/ha,56.56916666666669,l/h,78.25566022370892,t/h,78.25566022370882,t/h,0.4569555498136409,t/l,,,,,33.0322363682961,%,,,,,17.983200000000004,mm,,,,,,,,,,,,,2026-01-07 22:50:57.526000,2026-01-07 22:50:58.526000,,,ARROYITO,2026-01-07 00:00:00,2026-01-13 00:00:00,2026-10-06 13:10:48.366263,20261006_1310,2026-01-07 a 2026-01-13
COOPERATIVA AGROPECUARIA LTDA. DE BALNEARIA,2839981,Juan Carlos Meia,Tambo Meia,Lote 13 .,8600,1Z08600YEMF622022,Operador desconocido,,Cosecha de forraje: Maíz para ensilado - 6 ene 2026,Maíz para ensilado,21.39982328807324,ha,62.87541990361498,%,11.950304314621055,t/ha,255.7344005715897,t,32.189735974374,t/ha,688.8546615413376,t,14905.391000001384,s,7.240840978011214,km/h,5.168487237205903,ha/h,433.65405250347146,l,20.26464914081496,l/ha,104.73758045074776,l/h,165.10733351719318,t/h,165.10733351719168,t/h,0.5822800624544988,t/l,,,,,37.12458009638414,%,,,,,17.983200000003716,mm,,,,,,,,,,,,,2026-01-06 18:29:46.758000,2026-01-07 01:30:49.031000,15.998527283089595,ha,ARROYITO,2026-01-07 00:00:00,2026-01-13 00:00:00,2026-10-06 13:10:48.366263,20261006_1310,2026-01-07 a 2026-01-13
COOPERATIVA AGROPECUARIA LTDA. DE BALNEARIA,2839981,Juan Carlos Meia,Tambo Meia,Lote 20,8600,1Z08600YEMF622022,Operador desconocido,,Cosecha de forraje: Maíz para ensilado - 7 ene 2026,Maíz para ensilado,13.924499010443808,ha,64.9509096418288,%,9.493129874148138,t/ha,132.1870775385903,t,27.08523895238569,t/ha,377.1483829901286,t,8787.961999999194,s,7.973925900451092,km/h,5.704189030130582,ha/h,243.76223463321543,l,17.505560384003886,l/ha,99.85751470928712,l/h,151.6873577860055,t/h,151.68735778600484,t/h,0.5291401670863106,t/l,,,,,35.04909035817076,%,,,,,17.983200000003023,mm,,,,,,,,,,,,,2026-01-07 22:28:33.752000,2026-01-08 02:06:50.633000,11.492542210000956,ha,ARROYITO,2026-01-07 00:00:00,2026-01-13 00:00:00,2026-10-06 13:10:48.366263,20261006_1310,2026-01-07 a 2026-01-13
COOPERATIVA AGROPECUARIA LTDA. DE BALNEARIA,2839981,Juan Carlos Meia,Tambo Meia,Lote 34 .,8500,1Z08500YTJ0619027,Emiliano,2,Cosecha de forraje: Maíz para ensilado - 13 ene 2026,Maíz para ensilado,0.8934731922411919,ha,65.0,%,11.821529269770524,t/ha,10.562219493834556,t,33.7757979136301,t/ha,30.17776998238448,t,901.9799999999994,s,4.7861936590538,km/h,3.5657548693358323,ha/h,18.940151777777785,l,21.200083130211745,l/ha,75.59429965187704,l/h,120.4460985128098,t/h,120.44609851280975,t/h,0.5576459804299884,t/l,,,,,35.00000000000001,%,,,,,20.0,mm,0.0,l/t,0.0,l/t,0.0,l,0.0,l,,,,,2026-01-13 18:22:23.600000,2026-01-13 20:27:20.632000,,,ARROYITO,2026-01-07 00:00:00,2026-01-13 00:00:00,2026-10-06 13:10:48.366263,20261006_1310,2026-01-07 a 2026-01-13
COOPERATIVA AGROPECUARIA LTDA. DE BALNEARIA,2839981,Juan Carlos Meia,Tambo Meia,Lote 8 .,8600,1Z08600YEMF622022,Operador desconocido,,Cosecha de forraje: Maíz para ensilado - 7 ene 2026,Maíz para ensilado,26.610699519474565,ha,61.35582329932807,%,11.9126019431417,t/ha,317.0026708040526,t,30.826383067787724,t/ha,820.3116170891176,t,18619.892000010725,s,7.1579698668048914,km/h,5.144955635083863,ha/h,526.8815443712126,l,19.79916749482948,l/ha,101.86812897385684,l/h,156.20435828129354,t/h,156.20435828129544,t/h,0.5900838836707358,t/l,,,,,38.644176700671785,%,,,,,17.983200000003915,mm,,,,,,,,,,,,,2026-01-07 13:57:49.182000,2026-01-07 22:04:21.355000,22.669711568129724,ha,ARROYITO,2026-01-07 00:00:00,2026-01-13 00:00:00,2026-10-06 13:10:48.366263,20261006_1310,2026-01-07 a 2026-01-13
EL PRADO SA,573387,La Fortuna SA,,Lote 2 hector magneano,EQUIPO 2-3491414795,1Z08600YKLF621070,Juan Carrizo,,Cosecha de forraje: Alfalfa - 8 ene 2026,Alfalfa,1.0584544359126868,ha,64.95240026205353,%,23.88603965277787,t/ha,25.28228462686907,t,68.15313981949011,t/ha,72.13699316331687,t,1344.569000000106,s,4.849645552033615,km/h,2.8339460223204296,ha/h,33.22847271064816,l,31.393389817480365,l/ha,88.96717220040294,l/h,191.9870352269974,t/h,191.98703522699836,t/h,0.7552837824055771,t/l,,,,,35.04759973794649,%,,,,,21.99639999999785,mm,0.1961987442732044,l/t,,,14.153187474287543,l,,,,,,,2026-01-08 13:42:01.898000,2026-01-08 14:21:23.827000,,,ARROYITO,2026-01-07 00:00:00,2026-01-13 00:00:00,2026-10-06 13:10:48.366263,20261006_1310,2026-01-07 a 2026-01-13
EL PRADO SA,573387,La Fortuna SA,,Lote 2 hector magneano,EQUIPO 2-3491414795,1Z08600YKLF621070,Cristiangutierrez,,Cosecha de forraje: Alfalfa - 12 ene 2026,Alfalfa,36.05722872167387,ha,64.64764197063398,%,20.55259391597858,t/ha,741.0695796521227,t,58.136415961011465,t/ha,2096.238047364562,t,37531.60499998855,s,5.878775209743269,km/h,3.45852427782061,ha/h,1007.9035085603412,l,27.95233983271376,l/ha,96.67725722942984,l/h,197.9319623266434,t/h,197.93196232664368,t/h,0.7165717025869104,t/l,,,,,35.352358029366286,%,,,,,21.357604162946988,mm,0.0429965296842017,l/t,,,89.63397959605688,l,,,,,,,2026-01-12 09:25:58.542000,2026-01-13 22:49:55.888000,16.470872552818058,ha,ARROYITO,2026-01-07 00:00:00,2026-01-13 00:00:00,2026-10-06 13:10:48.366263,20261006_1310,2026-01-07 a 2026-01-13
EL PRADO SA,573387,La San Francisco,Firlo,1,EQUIPO 2-3491414795,1Z08600YKLF621070,Juan Carrizo,,Cosecha de forraje: Alfalfa - 7 ene 2026,Alfalfa,0.0003813202185652,ha,64.99999999999999,%,12.873278858915358,t/ha,0.0049088415081328,t,36.78079673975816,t/ha,0.0140252614518082,t,0.3989999999999998,s,6.287423134646271,km/h,3.4404831750247173,ha/h,0.0088004791666666,l,23.078973362019628,l/ha,79.40281954887224,l/h,126.543712347142,t/h,126.54371234714196,t/h,0.5577925264258295,t/l,,,,,34.99999999999999,%,,,,,11.98880000000001,mm,0.2000000000000001,l/t,,,0.0028050522903616,l,,,,,,,2026-01-07 10:20:04.897000,2026-01-07 10:28:12.081000,0.0001891520539634,ha,ARROYITO,2026-01-07 00:00:00,2026-01-13 00:00:00,2026-10-06 13:10:48.366263,20261006_1310,2026-01-07 a 2026-01-13
LOS ALGARROBOS GRANDES SRL,2754901,Los Algarrobos Grandes S.R.L,Tambo Don Gabriel,Lote 2,Picadora JD 8500i,1Z08500YKGF516084,Felix,,Cosecha de forraje: Maíz para ensilado - 12 ene 2026,Maíz para ensilado,54.32297006316743,ha,69.74560900440265,%,7.030209886171799,t/ha,381.9018811842943,t,23.236990251084517,t/ha,1262.3023257677771,t,54339.58000003056,s,6.363276492411281,km/h,3.5988805903044567,ha/h,779.9511983763351,l,14.357744344067786,l/ha,51.67180744041873,l/h,77.67256850829985,t/h,77.67256850829942,t/h,0.4538437447385932,t/l,7.784836837126364,%,25.79771463415114,%,30.25439099559708,%,,,28.15919589679276,%,17.12708028252626,mm,0.5425504013650667,l/t,,,684.7737650097483,l,,,,,,,2026-01-12 12:08:16.518000,2026-01-13 17:58:19.735000,28.970714679846825,ha,ARROYITO,2026-01-07 00:00:00,2026-01-13 00:00:00,2026-10-06 13:10:48.366263,20261006_1310,2026-01-07 a 2026-01-13
SILAJES CORDES,330434,Los Pinos SRL,La Laura,1,Picadora 3,1Z08500YCSF627259,Marcelo,1~2,Cosecha de forraje: Maíz para ensilado - 7 ene 2026,Maíz para ensilado,8.222947955158565,ha,59.88018059493516,%,12.159747072568758,t/ha,99.9889673256246,t,30.308578784463226,t/ha,249.22586593946411,t,9223.834999998984,s,5.063241241277883,km/h,3.20936060094029,ha/h,152.00233522675708,l,18.48513891315594,l/ha,59.325476530790695,l/h,95.04388938003942,t/h,95.04388938003912,t/h,0.6358959596130999,t/l,7.227383138538455,%,32.28091115042611,%,40.1198194050658,%,42.27773043829966,%,22.0145474813085,%,16.99259999999921,mm,,,0.073046829795036,l/t,,,18.202266790323865,l,4.860994646985587,%,3.6808387697518894,%,2026-01-07 12:48:57.071000,2026-01-07 19:43:23.335000,4.070408718298082,ha,ARROYITO,2026-01-07 00:00:00,2026-01-13 00:00:00,2026-10-06 13:10:48.366263,20261006_1310,2026-01-07 a 2026-01-13
SILAJES CORDES,330434,Los Pinos SRL,La Laura,13,Picadora 3,1Z08500YCSF627259,Marcelo,,Cosecha de forraje: Alfalfa - 12 ene 2026,Alfalfa,0.000219705,ha,47.97258365369592,%,77001.41751394767,t/ha,16.91759643490188,t,148001.61707322177,t/ha,32.5166952790722,t,0.0,s,0.0,km/h,,,,,,,0.0,l/h,,,,,,,15.66690940075455,%,,,52.02741634630365,%,38.85928781185237,%,33.2877319898349,%,21.9964,mm,,,0.0844641610154593,l/t,,,2.7464953857421954,l,2.6166311307429684,%,13.366744989308565,%,2026-01-12 09:34:09.351000,2026-01-12 09:34:09.351000,,,ARROYITO,2026-01-07 00:00:00,2026-01-13 00:00:00,2026-10-06 13:10:48.366263,20261006_1310,2026-01-07 a 2026-01-13
LyS AGRO SA,5669981,Malasi srl,Campo1,Acastelo,1Z08500YCMF622008,1Z08500YCMF622008,Operador desconocido,,Cosecha de forraje: Maíz para ensilado - 10 ene 2026,Maíz para ensilado,8.571566924702463,ha,64.89557974374931,%,5.955057763835045,t/ha,51.04417616318108,t,16.963840224008678,t/ha,145.40669178005,t,8197.483999997878,s,6.856904810632997,km/h,3.764211598697323,ha/h,155.69038436350863,l,18.16392438691065,l/ha,68.37285485507219,l/h,62.7045928367211,t/h,62.70459283672007,t/h,0.320984220117354,t/l,,,,,35.10442025625124,%,,,,,15.99987428731358,mm,0.0129495311858461,l/t,,,1.8743527290485824,l,,,,,,,2026-01-10 20:28:37.067000,2026-01-11 06:37:56.045000,6.884110832050574,ha,ARROYITO,2026-01-07 00:00:00,2026-01-13 00:00:00,2026-10-06 13:10:48.366263,20261006_1310,2026-01-07 a 2026-01-13
COOPERATIVA TAMBERA LAS CAÑITAS LTDA,526845,Marcos Fissore,,Lote 4,8500,1Z08500YHRF625480,Santiago,,Cosecha de forraje: Maíz para ensilado - 7 ene 2026,Maíz para ensilado,24.67973252533551,ha,64.9387475317008,%,12.35146290476656,t/ha,304.8308007862423,t,35.228242105539444,t/ha,869.4235925024757,t,21405.68699999795,s,7.354299455753257,km/h,4.15062768558722,ha/h,548.7934926919928,l,22.23660617588201,l/ha,92.2958732271176,l/h,143.0909799007907,t/h,143.090979900791,t/h,0.5426227762322324,t/l,6.3645583502905305,%,30.471770224853657,%,35.06125246829845,%,45.43759076508746,%,23.634989955751667,%,21.99640000000296,mm,0.1867066501520969,l/t,,,162.32716651934075,l,,,6.931594947659317,%,4.4234998871346045,%,2026-01-07 20:15:04.394000,2026-01-12 15:28:08.018000,23.03259909695125,ha,ARROYITO,2026-01-07 00:00:00,2026-01-13 00:00:00,2026-10-06 13:10:48.366263,20261006_1310,2026-01-07 a 2026-01-13
COOPERATIVA TAMBERA LAS CAÑITAS LTDA,526845,Marcos Fissore,,Lote 5,8500,1Z08500YHRF625480,Santiago,,Cosecha de forraje: Maíz para ensilado - 8 ene 2026,Maíz para ensilado,18.97170858578771,ha,64.93152518628179,%,13.84015854235992,t/ha,262.5714546467528,t,39.46609772988158,t/ha,748.7393051495312,t,16996.931000011013,s,7.163511393722157,km/h,4.018263703535411,ha/h,451.7781534168537,l,23.813256005591978,l/ha,95.68794227026108,l/h,155.093934947711,t/h,155.0939349477127,t/h,0.5672906736606741,t/l,6.816173253142347,%,29.41163602302643,%,35.068474813715284,%,44.35106073099832,%,23.477210587855268,%,21.99640000002645,mm,0.3594952803174604,l/t,,,253.8529431642695,l,,,6.735357672168845,%,4.93103748862545,%,2026-01-08 11:13:48.829000,2026-01-12 23:00:30.317000,17.570468860423535,ha,ARROYITO,2026-01-07 00:00:00,2026-01-13 00:00:00,2026-10-06 13:10:48.366263,20261006_1310,2026-01-07 a 2026-01-13
COOPERATIVA TAMBERA LAS CAÑITAS LTDA,526845,Marcos Fissore,,Lote 6,8500,1Z08500YHRF625480,Santiago,,Cosecha de forraje: Maíz para ensilado - 12 ene 2026,Maíz para ensilado,7.749496400793033,ha,64.90815929210072,%,11.527976042628405,t/ha,89.3360088507771,t,32.850873052188724,t/ha,254.57772248084532,t,6103.491999997847,s,8.130053572784181,km/h,4.570743357878879,ha/h,161.4435828959823,l,20.83330018039523,l/ha,95.22366842223175,l/h,149.56863473056478,t/h,149.568634730565,t/h,0.5497480093244931,t/l,5.716035751154969,%,38.46960234872896,%,35.09184070789972,%,40.1034571214724,%,21.16842878591787,%,21.99640000000143,mm,0.361012910200612,l/t,,,91.83797502911624,l,,,6.977933771380074,%,3.198129526974031,%,2026-01-12 08:40:31.158000,2026-01-12 11:13:19.043000,7.358390006613654,ha,ARROYITO,2026-01-07 00:00:00,2026-01-13 00:00:00,2026-10-06 13:10:48.366263,20261006_1310,2026-01-07 a 2026-01-13
SILAJES SAS,449524,mario gola,Fabrica,Carrilobo~1,1Z08600YCRF625485,1Z08600YCRF625485,Juan,,Cosecha de forraje: Maíz para ensilado - 11 ene 2026,Maíz para ensilado,0.0151928030584368,ha,62.42938469382581,%,4.325639865997283,t/ha,0.0657185945858198,t,11.513359125865652,t/ha,0.1749201977403335,t,9.190000000000005,s,7.909132424419975,km/h,5.951478891226618,ha/h,0.1962720069444444,l,12.91874884374618,l/ha,76.88566104461364,l/h,66.87167979909432,t/h,66.87167979909434,t/h,0.3133759926177106,t/l,6.432768291975277,%,22.577819906985425,%,37.57061530617417,%,48.89601741257797,%,24.272512509125026,%,13.99540000000001,mm,0.7284820675921782,l/t,,,0.1274262273135108,l,,,7.298368046278676,%,2.9856354551042537,%,2026-01-11 18:21:05.303000,2026-01-11 18:56:11.843000,,,ARROYITO,2026-01-07 00:00:00,2026-01-13 00:00:00,2026-10-06 13:10:48.366263,20261006_1310,2026-01-07 a 2026-01-13
SILAJES SAS,449524,mario gola,Fabrica,Carrilobo~1,1Z08600YCRF625485,1Z08600YCRF625485,Juan,,Cosecha de forraje: Alfalfa - 13 ene 2026,Alfalfa,0.0005191546426819,ha,66.94958864562857,%,6.216208806254926,t/ha,0.0032271736616477,t,18.80826456168371,t/ha,0.0097643978679887,t,0.3999999999999999,s,10.04169549996,km/h,4.672391784137681,ha/h,0.0065210277777777,l,12.560858059729556,l/ha,58.68924999999998,l/h,43.27425026451721,t/h,43.27425026451723,t/h,0.2411119555369532,t/l,20.62728509407913,%,,,33.05041135437143,%,43.1243386911266,%,31.935277207202613,%,17.983200000000007,mm,1.0917555175477338,l/t,,,0.010660335247908,l,,,10.090126814989294,%,12.414377034389387,%,2026-01-13 15:10:38.219000,2026-01-13 15:10:38.619000,,,ARROYITO,2026-01-07 00:00:00,2026-01-13 00:00:00,2026-10-06 13:10:48.366263,20261006_1310,2026-01-07 a 2026-01-13
SILAJES SAS,449524,mario gola,tambo,cft,1Z08600YCRF625485,1Z08600YCRF625485,Juan,,Cosecha de forraje: Maíz para ensilado - 11 ene 2026,Maíz para ensilado,36.09944047914308,ha,63.4821727793374,%,9.017140338699807,t/ha,325.5137209489738,t,24.692433874044276,t/ha,891.3830469212376,t,26052.523999991758,s,7.074639923292902,km/h,4.988257923689722,ha/h,700.8432182902841,l,19.41443115879923,l/ha,96.84419006180828,l/h,120.5371724606991,t/h,120.53717246069888,t/h,0.4540346965194414,t/l,6.4317193251847184,%,28.049731002928983,%,36.517827220662575,%,48.647114564020455,%,25.841231320665,%,12.86937311446988,mm,0.4836023366249641,l/t,,,431.05035881832737,l,,,7.352504652142658,%,3.80431936525152,%,2026-01-11 18:21:05.503000,2026-01-12 15:40:13.977000,24.511492334522032,ha,ARROYITO,2026-01-07 00:00:00,2026-01-13 00:00:00,2026-10-06 13:10:48.366263,20261006_1310,2026-01-07 a 2026-01-13
SILAJES SAS,449524,mario gola,tambo,cft,1Z08600YCRF625485,1Z08600YCRF625485,Juan,,Cosecha de forraje: Alfalfa - 13 ene 2026,Alfalfa,1.3049395116106424,ha,71.3032881146426,%,2.6622405787988703,t/ha,3.474062920687832,t,9.277162447859808,t/ha,12.10613583384277,t,834.0929999999988,s,12.72269796185262,km/h,5.631654074303806,ha/h,17.433527824792456,l,13.360949830062312,l/ha,75.2442475470397,l/h,50.48250396592925,t/h,50.48250396592913,t/h,0.1897981047538216,t/l,19.169588056831586,%,,,28.696711885357143,%,45.75453463735217,%,31.186323141292505,%,16.870872039022355,mm,0.8862013192771124,l/t,,,10.728473547299378,l,,,8.193245947232402,%,11.40238985136272,%,2026-01-13 13:28:35.527000,2026-01-13 15:10:38.219000,,,ARROYITO,2026-01-07 00:00:00,2026-01-13 00:00:00,2026-10-06 13:10:48.366263,20261006_1310,2026-01-07 a 2026-01-13
MIRETTI RODOLFO,6187951,Miretti,Lorenzo,LOTE 6,8500,1Z08500YAJF517667,Operador desconocido,1,Cosecha de forraje: Alfalfa - 12 ene 2026,Alfalfa,71.02354045628357,ha,65.0000000000003,%,7.892736584183404,t/ha,560.5700960975394,t,22.550675954809677,t/ha,1601.628845992966,t,30009.648000003188,s,7.960904399988149,km/h,8.51939701762093,ha/h,452.6877978333314,l,6.374285775949072,l/ha,54.30507122908692,l/h,192.1336713304363,t/h,192.1336713304367,t/h,1.2383150126434976,t/l,,,,,35.000000000000135,%,,,,,20.063975139650747,mm,0.0169249938549746,l/t,0.0,l/t,27.10755837638133,l,0.0,l,,,,,2026-01-12 19:23:14.600000,2026-01-13 09:14:35.483000,,,ARROYITO,2026-01-07 00:00:00,2026-01-13 00:00:00,2026-10-06 13:10:48.366263,20261006_1310,2026-01-07 a 2026-01-13
MIRETTI RODOLFO,6187951,Miretti,Lorenzo,LOTE 7,8500,1Z08500YAJF517667,Operador desconocido,1,Cosecha de forraje: Alfalfa - 12 ene 2026,Alfalfa,11.96637601208496,ha,64.99999999999997,%,6.675148250547264,t/ha,79.87733390245965,t,19.071852144420752,t/ha,228.2209540070276,t,3740.973000000001,s,8.766897448186482,km/h,11.512930302234633,ha/h,56.64244020833325,l,4.734498751950492,l/ha,54.50795414722319,l/h,219.6207870052252,t/h,219.6207870052251,t/h,1.410202908078596,t/l,,,,,34.99999999999997,%,,,,,21.682502989238746,mm,0.0151322394009341,l/t,0.0,l/t,3.4534941123439085,l,0.0,l,,,,,2026-01-12 19:36:55.582000,2026-01-13 10:21:14.569000,,,ARROYITO,2026-01-07 00:00:00,2026-01-13 00:00:00,2026-10-06 13:10:48.366263,20261006_1310,2026-01-07 a 2026-01-13
MEDITERRANEA FORRAJES SRL,5937812,Monti,Negro,Maiz vigñola,8600,1Z08600YCRF625499,Operador desconocido,VARIEDAD1,Cosecha de forraje: Maíz para ensilado - 13 ene 2026,Maíz para ensilado,27.084513237795115,ha,57.06932142849189,%,7.521061939318418,t/ha,203.7043016577467,t,17.519084695553694,t/ha,474.4958813507778,t,13672.891999997484,s,9.783485988533592,km/h,7.131016653688285,ha/h,326.0057270908711,l,12.036128521384416,l/ha,85.83558017772336,l/h,123.81072701247648,t/h,123.8107270124763,t/h,0.6172924791496284,t/l,,,,,42.93067857150778,%,,,,,15.01234815368228,mm,0.3493565415612328,l/t,,,137.0954298943392,l,,,,,,,2026-01-13 08:48:00.259000,2026-01-13 15:37:12.089000,19.31879765020441,ha,ARROYITO,2026-01-07 00:00:00,2026-01-13 00:00:00,2026-10-06 13:10:48.366263,20261006_1310,2026-01-07 a 2026-01-13
MEDITERRANEA FORRAJES SRL,5937812,Monti,Tarditi,Maiz lote S,8600,1Z08600YCRF625499,Operador desconocido,VARIEDAD1,Cosecha de forraje: Maíz para ensilado - 13 ene 2026,Maíz para ensilado,28.084183165921477,ha,61.74883537551333,%,6.7666351272674286,t/ha,190.0354203311369,t,17.690010732211235,t/ha,496.8095016105369,t,13856.52199999526,s,9.899735338986943,km/h,7.296423979794372,ha/h,338.3762872476941,l,12.048565161659411,l/ha,87.91200519813823,l/h,128.13342763421264,t/h,128.13342763421187,t/h,0.5556021063035994,t/l,,,,,38.25116462448669,%,,,,,14.98599999999998,mm,0.3431982047543886,l/t,,,170.50412905765907,l,,,,,,,2026-01-13 15:54:07.359000,2026-01-13 22:40:51.972000,23.049983638316107,ha,ARROYITO,2026-01-07 00:00:00,2026-01-13 00:00:00,2026-10-06 13:10:48.366263,20261006_1310,2026-01-07 a 2026-01-13
SILAJES SAS,449524,Motivar,Barredo Carrilobo,Barredo Carrilobo 1,1Z08400YJGF515635,1Z08400YJGF515635,Mayco,2,Cosecha de forraje: Alfalfa - 12 ene 2026,Alfalfa,0.0740477197265625,ha,61.48714328627216,%,1.731441568672759,t/ha,0.1282093000000001,t,4.495749514357859,t/ha,0.3329000000000002,t,32.001000000000005,s,9.255675725953877,km/h,8.330108153358486,ha/h,0.4051822916666668,l,5.4719077530394165,l/ha,45.58158338801915,l/h,37.45007968500985,t/h,37.45007968500987,t/h,0.3164237495983033,t/l,25.05953134523001,%,,,38.51285671372786,%,33.64856827780813,%,33.69608237077963,%,16.0,mm,0.0024467407629918,l/t,0.0,l/t,0.00081452,l,0.0,l,16.121160817507,%,,,2026-01-12 16:54:59.794000,2026-01-12 16:55:31.795000,,,ARROYITO,2026-01-07 00:00:00,2026-01-13 00:00:00,2026-10-06 13:10:48.366263,20261006_1310,2026-01-07 a 2026-01-13
SILAJES SAS,449524,Motivar,Barredo Carrilobo,Barredo Carrilobo 3,1Z08400YJGF515635,1Z08400YJGF515635,Mayco,2,Cosecha de forraje: Alfalfa - 12 ene 2026,Alfalfa,0.2063304875335693,ha,68.86551143981252,%,1.8421409307285697,t/ha,0.3800898363427689,t,5.916721346385511,t/ha,1.2207999999999992,t,84.998,s,9.656559632170568,km/h,8.690903668953514,ha/h,1.4077089722222222,l,6.860278336546387,l/ha,59.62201816513328,l/h,51.70568719263982,t/h,51.70568719263981,t/h,0.2700059769760192,t/l,20.931059685071897,%,,,31.134488560187524,%,47.8671038513503,%,28.4393634625885,%,16.0,mm,0.5988274115531672,l/t,0.0,l/t,0.7310485040241065,l,0.0,l,7.042995217594274,%,,,2026-01-12 16:35:45.800000,2026-01-12 16:48:39.796000,,,ARROYITO,2026-01-07 00:00:00,2026-01-13 00:00:00,2026-10-06 13:10:48.366263,20261006_1310,2026-01-07 a 2026-01-13
SILAJES SAS,449524,Motivar,Barredo Carrilobo,Barredo Carrilobo 4,1Z08400YJGF515635,1Z08400YJGF515635,Mayco,2,Cosecha de forraje: Alfalfa - 12 ene 2026,Alfalfa,39.125359353818894,ha,68.20219637749017,%,1.674658919186223,t/ha,65.52163200823892,t,5.266586771423158,t/ha,206.0570999999999,t,19360.632000000573,s,9.875970691841143,km/h,7.27397438414059,ha/h,297.6031697777782,l,7.607619026144333,l/ha,55.337625920474366,l/h,38.31260467116865,t/h,38.31260467116873,t/h,0.22014452883137,t/l,21.58242180159464,%,,,31.797803622510006,%,45.5623333174542,%,28.948566103275333,%,15.66734407648052,mm,0.6766310667484476,l/t,0.0,l/t,139.42463538409137,l,0.0,l,8.602005270474798,%,,,2026-01-12 11:03:09.800000,2026-01-12 20:02:40.305000,,,ARROYITO,2026-01-07 00:00:00,2026-01-13 00:00:00,2026-10-06 13:10:48.366263,20261006_1310,2026-01-07 a 2026-01-13
SILAJES SAS,449524,Motivar,Ceballos,Ceballos 5,1Z08400YJGF515635,1Z08400YJGF515635,Mayco,2,Cosecha de forraje: Alfalfa - 11 ene 2026,Alfalfa,0.059684499343872,ha,63.11017428482352,%,2.001045537059002,t/ha,0.1194314010436561,t,5.424383277136962,t/ha,0.3237516001451916,t,66.00800000000001,s,3.616803983994187,km/h,3.255123585594767,ha/h,0.3869251944444439,l,6.482842257169244,l/ha,21.102452733002025,l/h,17.657037942714357,t/h,17.657037942714357,t/h,0.3086679357107735,t/l,23.73179008117133,%,,,36.88982571517646,%,38.71046829872959,%,31.27645495647502,%,18.0,mm,1.2252409807926476,l/t,0.0,l/t,0.3966737280950835,l,0.0,l,13.415882340450324,%,,,2026-01-11 12:23:21.001000,2026-01-11 12:26:24.995000,,,ARROYITO,2026-01-07 00:00:00,2026-01-13 00:00:00,2026-10-06 13:10:48.366263,20261006_1310,2026-01-07 a 2026-01-13
SILAJES SAS,449524,Motivar,Ceballos,Lote 4,1Z08400YJGF515635,1Z08400YJGF515635,Mayco,2,Cosecha de forraje: Alfalfa - 11 ene 2026,Alfalfa,31.25778068178177,ha,66.58450089581882,%,2.422741689447541,t/ha,75.72952837736068,t,7.250353142695837,t/ha,226.62994839985365,t,16242.608000001606,s,9.8482932595908,km/h,6.927859443833858,ha/h,251.16479844444237,l,8.035380398507964,l/ha,55.66798597860077,l/h,50.23009939286821,t/h,50.23009939286826,t/h,0.3015133045967514,t/l,21.29358511544817,%,,,33.4154991041819,%,47.596045792627805,%,29.44969708083483,%,18.0,mm,1.4798368023135746,l/t,0.0,l/t,335.3753381485297,l,0.0,l,8.522983853540994,%,,,2026-01-11 12:16:28,2026-01-11 17:39:48.284000,,,ARROYITO,2026-01-07 00:00:00,2026-01-13 00:00:00,2026-10-06 13:10:48.366263,20261006_1310,2026-01-07 a 2026-01-13
SILAJES SAS,449524,Motivar,Michelutti Giordanengo,Giordanengo,1Z08400YJGF515635,1Z08400YJGF515635,Mayco,2,Cosecha de forraje: Alfalfa - 7 ene 2026,Alfalfa,0.0007411693496704,ha,66.35000000000001,%,4.45870505843877,t/ha,0.0033046555285352,t,13.25023791512265,t/ha,0.0098206702185296,t,1.001,s,8.885147048995925,km/h,2.6655441146987777,ha/h,0.0121649305555555,l,16.413159234074055,l/ha,43.74999999999999,l/h,35.31909369301378,t/h,35.319093693013784,t/h,0.2716542863474088,t/l,20.309999999999963,%,,,33.64999999999999,%,50.19000000000009,%,30.00000000000004,%,10.0,mm,2.0797,l/t,0.0,l/t,0.0204240478534761,l,0.0,l,6.5900000000000105,%,,,2026-01-07 17:34:26.182000,2026-01-07 17:34:27.183000,,,ARROYITO,2026-01-07 00:00:00,2026-01-13 00:00:00,2026-10-06 13:10:48.366263,20261006_1310,2026-01-07 a 2026-01-13
SILAJES SAS,449524,Motivar,Prataviera,Lote 1,1Z08400YJGF515635,1Z08400YJGF515635,Mayco,2,Cosecha de forraje: Alfalfa - 13 ene 2026,Alfalfa,45.5429935500412,ha,68.56530175227161,%,2.122131125504985,t/ha,96.6482041612152,t,6.750919346452845,t/ha,307.4570762523503,t,21735.60800000196,s,10.183438680283732,km/h,7.542840119432178,ha/h,343.938339069443,l,7.55225064680037,l/ha,56.96541917069412,l/h,50.92294507244396,t/h,50.92294507244424,t/h,0.2810031060096947,t/l,21.974891870421917,%,,,31.43469824772841,%,45.64085852303473,%,29.11647105854963,%,17.991435640423777,mm,1.0393174012827302,l/t,0.0,l/t,319.5454894965792,l,0.0,l,8.385045759996121,%,,,2026-01-13 10:03:44.800000,2026-01-13 18:30:20.538000,,,ARROYITO,2026-01-07 00:00:00,2026-01-13 00:00:00,2026-10-06 13:10:48.366263,20261006_1310,2026-01-07 a 2026-01-13
SILAJES SAS,449524,Motivar,Prataviera,Prataviera Bajo,1Z08400YJGF515635,1Z08400YJGF515635,Mayco,2,Cosecha de forraje: Alfalfa - 13 ene 2026,Alfalfa,0.1034144545440673,ha,73.8468041243451,%,1.4837231873833905,t/ha,0.1534384241176384,t,5.673200301935333,t/ha,0.5866909147438809,t,32.993,s,12.53774492093079,km/h,11.283970428837714,ha/h,0.5753462777777772,l,5.563499612451259,l/ha,62.77836510775008,l/h,64.01622444391143,t/h,64.01622444391145,t/h,0.2666888273098426,t/l,21.875832084488053,%,,,26.153195875654863,%,47.5210354221839,%,28.985053790073653,%,18.0,mm,0.8041625413296385,l/t,0.0,l/t,0.4717948569754494,l,0.0,l,7.129828335205715,%,,,2026-01-13 10:13:29.789000,2026-01-13 10:27:07.769000,,,ARROYITO,2026-01-07 00:00:00,2026-01-13 00:00:00,2026-10-06 13:10:48.366263,20261006_1310,2026-01-07 a 2026-01-13
SILAJES SAS,449524,Motivar 1,prataviera  1,calchin ostes - Archivado,1Z08400YJGF515635,1Z08400YJGF515635,Mayco,2,Cosecha de forraje: Alfalfa - 13 ene 2026,Alfalfa,0.0018766314697265,ha,67.31510151854634,%,3.401992724129305,t/ha,0.0063842866058818,t,10.408454308217271,t/ha,0.0195328329060115,t,2.001,s,11.262604469476743,km/h,3.3762485212471898,ha/h,0.0224937083333333,l,11.986215032731378,l/ha,40.46844077961014,l/h,35.14152846658749,t/h,35.141528466587495,t/h,0.2838254373744595,t/l,20.621478503224584,%,,,32.68489848145366,%,47.98560561062944,%,29.27006168045345,%,18.0,mm,1.1461498298132349,l/t,0.0,l/t,0.0223875531109954,l,0.0,l,7.794414949521879,%,,,2026-01-13 15:36:28.742000,2026-01-13 15:45:14.733000,,,ARROYITO,2026-01-07 00:00:00,2026-01-13 00:00:00,2026-10-06 13:10:48.366263,20261006_1310,2026-01-07 a 2026-01-13
SILAJES SAS,449524,Motivar 2,morelo,los zorros - Archivado,1Z08400YJGF515635,1Z08400YJGF515635,Mayco,2,Cosecha de forraje: Alfalfa - 7 ene 2026,Alfalfa,8.714303256008147,ha,69.02563591796202,%,2.8166311444089103,t/ha,24.54497795269652,t,9.093426864063614,t/ha,79.24287932978153,t,8610.876000000044,s,5.874358897762749,km/h,3.642883624533944,ha/h,128.5080955833334,l,14.748245410272029,l/ha,53.726141695687865,l/h,33.12954054700264,t/h,33.12954054700264,t/h,0.1909994684870251,t/l,21.065145911402613,%,,,30.97436408203785,%,47.893944066125,%,28.63897869270268,%,10.0,mm,0.8797045307053826,l/t,0.0,l/t,69.71031997254867,l,0.0,l,7.198993360538343,%,,,2026-01-07 15:35:59.600000,2026-01-07 18:59:56.107000,,,ARROYITO,2026-01-07 00:00:00,2026-01-13 00:00:00,2026-10-06 13:10:48.366263,20261006_1310,2026-01-07 a 2026-01-13
SILAJES SAS,449524,nico gola alfa,Fabrica,Carrilobo1,1Z08600YCRF625485,1Z08600YCRF625485,Juan,,Cosecha de forraje: Alfalfa - 13 ene 2026,Alfalfa,21.08144527532232,ha,69.8437169502538,%,2.7950970376778845,t/ha,58.92468523902184,t,9.268705407318317,t/ha,195.39770581746512,t,13114.592999998047,s,12.6309799354512,km/h,5.78690022566261,ha/h,278.682330923137,l,13.219381111273366,l/ha,76.49923953594617,l/h,52.67960196336551,t/h,52.67960196336597,t/h,0.2061646889912387,t/l,19.69549861384844,%,,,30.156283049744733,%,41.78807855662856,%,30.71407612441561,%,18.87083919254805,mm,0.7093070212481803,l/t,,,138.5212829750986,l,,,9.103895606335852,%,11.26039769633585,%,2026-01-13 13:34:16.282000,2026-01-13 20:26:42.095000,,,ARROYITO,2026-01-07 00:00:00,2026-01-13 00:00:00,2026-10-06 13:10:48.366263,20261006_1310,2026-01-07 a 2026-01-13
SILAJES SAS,449524,nico gola alfa,john deere,cft,1Z08600YCRF625485,1Z08600YCRF625485,Juan,,Cosecha de forraje: Maíz para ensilado - 11 ene 2026,Maíz para ensilado,22.18530112795983,ha,65.54740329475929,%,10.506678948405169,t/ha,233.09383632516492,t,30.496043704032736,t/ha,676.5639127853897,t,16859.5960000033,s,6.743855385715232,km/h,4.737111905953055,ha/h,480.6422645252932,l,21.66500730250662,l/ha,102.63070077662084,l/h,142.23977212821083,t/h,142.2397721282125,t/h,0.4756331811634659,t/l,6.713313997736914,%,26.02524646975088,%,34.45259670524273,%,49.57415915734391,%,26.72269337481281,%,13.995323579890686,mm,0.3500228889700542,l/t,,,236.78814471936775,l,,,7.214144187494009,%,4.206174741390881,%,2026-01-11 11:51:33.619000,2026-01-11 18:16:23.938000,16.525497118381455,ha,ARROYITO,2026-01-07 00:00:00,2026-01-13 00:00:00,2026-10-06 13:10:48.366263,20261006_1310,2026-01-07 a 2026-01-13
SILAJES SAS,449524,nico gola alfa,john deere,cft,1Z08600YCRF625485,1Z08600YCRF625485,Juan,,Cosecha de forraje: Alfalfa - 13 ene 2026,Alfalfa,1.0303997074066706,ha,65.61304294365965,%,2.632698166613469,t/ha,2.7127314205685966,t,7.656095194174997,t/ha,7.888838247955535,t,655.1109999999959,s,12.779038153161594,km/h,5.662306001065531,ha/h,11.740046226668843,l,11.393681638571522,l/ha,64.51451191631368,l/h,42.68493611351615,t/h,42.68493611351613,t/h,0.2265403470710414,t/l,20.864653624404536,%,,,34.386957056340066,%,40.67126215445092,%,30.93058429923102,%,18.872447103576235,mm,0.9954581306632578,l/t,,,7.853008175414615,l,,,10.848450380764229,%,12.25583860539466,%,2026-01-13 13:36:36.468000,2026-01-13 20:05:21.107000,,,ARROYITO,2026-01-07 00:00:00,2026-01-13 00:00:00,2026-10-06 13:10:48.366263,20261006_1310,2026-01-07 a 2026-01-13
COOPERATIVA TAMBERA LAS CAÑITAS LTDA,526845,Nico Scienza,,Lote 1,8500,1Z08500YHRF625480,Santiago,,Cosecha de forraje: Maíz para ensilado - 7 ene 2026,Maíz para ensilado,5.409300797459966,ha,64.8894190467465,%,8.927862512063124,t/ha,48.29349380611598,t,25.42784046766418,t/ha,137.54683771942064,t,4525.615999998817,s,7.7586471183528465,km/h,4.302798540322833,ha/h,98.83532852863154,l,18.27199623976991,l/ha,78.6207187492635,l/h,104.76732877381022,t/h,104.76732877380805,t/h,0.4665051169735451,t/l,5.240909733073338,%,37.1583627592839,%,35.1105809532529,%,44.61945904023904,%,20.97833660913265,%,19.98980000000613,mm,0.3601094520002846,l/t,,,49.4792688154517,l,,,7.048737810378619,%,3.271295957414308,%,2026-01-07 11:39:29.344000,2026-01-07 13:21:58.568000,5.365541565044403,ha,ARROYITO,2026-01-07 00:00:00,2026-01-13 00:00:00,2026-10-06 13:10:48.366263,20261006_1310,2026-01-07 a 2026-01-13
COOPERATIVA TAMBERA LAS CAÑITAS LTDA,526845,Nico Scienza,,Lote 2,8500,1Z08500YHRF625480,Santiago,,Cosecha de forraje: Maíz para ensilado - 7 ene 2026,Maíz para ensilado,10.58135460529591,ha,64.90636003678762,%,7.182754384361873,t/ha,76.0032711836769,t,20.46739634843109,t/ha,216.57277860988805,t,7941.374999996495,s,8.560647889661729,km/h,4.796760835381992,ha/h,164.25611673915023,l,15.523165309755544,l/ha,74.46091139899676,l/h,94.3556582025644,t/h,94.35565820256292,t/h,0.4435143184581381,t/l,4.960971473697569,%,34.65139633942964,%,35.09363996321134,%,48.370481479701695,%,22.98464641811976,%,19.98980000000647,mm,0.3624943614522779,l/t,,,78.50641109013769,l,,,7.269678157354995,%,3.687264007099493,%,2026-01-07 13:23:29.554000,2026-01-07 16:45:57.598000,9.697891737020916,ha,ARROYITO,2026-01-07 00:00:00,2026-01-13 00:00:00,2026-10-06 13:10:48.366263,20261006_1310,2026-01-07 a 2026-01-13
COOPERATIVA TAMBERA LAS CAÑITAS LTDA,526845,Nico Scienza,,Lote 3,8500,1Z08500YHRF625480,Santiago,,Cosecha de forraje: Maíz para ensilado - 7 ene 2026,Maíz para ensilado,4.366855585219248,ha,64.91292887727948,%,5.715888139315619,t/ha,24.96045804565887,t,16.290582133013483,t/ha,71.13861957402283,t,3648.513000000217,s,8.045446059499987,km/h,4.308791035358395,ha/h,65.79048631365735,l,15.065871776557575,l/ha,64.91569325068959,l/h,67.26286208375389,t/h,67.26286208375426,t/h,0.3626550153042349,t/l,5.7325850899798025,%,32.64536013120525,%,35.087071122720296,%,49.96167974754096,%,24.291403008048604,%,18.5544888361022,mm,0.3710933810491875,l/t,,,26.39907086089604,l,,,7.248226597786568,%,3.9504230761863854,%,2026-01-07 16:53:54.939000,2026-01-07 18:18:19.889000,2.410481656128281,ha,ARROYITO,2026-01-07 00:00:00,2026-01-13 00:00:00,2026-10-06 13:10:48.366263,20261006_1310,2026-01-07 a 2026-01-13
COOPERATIVA AGROPECUARIA LTDA. DE BALNEARIA,2839981,porchetto cristian,tranquera,lote1,8500,1Z08500YTJ0619027,Emiliano,2,Cosecha de forraje: Maíz para ensilado - 13 ene 2026,Maíz para ensilado,5.898605976628661,ha,64.99999999999991,%,12.982811583520878,t/ha,76.58049000000005,t,37.09374738148824,t/ha,218.80140000000023,t,8354.689000000079,s,3.4824086266500167,km/h,2.5415726766554334,ha/h,173.5046281249996,l,29.415805383396226,l/ha,74.76240722425369,l/h,94.28059380785956,t/h,94.28059380785965,t/h,0.4413724915660795,t/l,,,,,34.99999999999994,%,,,,,20.0,mm,0.0,l/t,0.0,l/t,0.0,l,0.0,l,,,,,2026-01-13 18:22:23.600000,2026-01-13 21:09:32.589000,,,ARROYITO,2026-01-07 00:00:00,2026-01-13 00:00:00,2026-10-06 13:10:48.366263,20261006_1310,2026-01-07 a 2026-01-13
SILAJES CORDES,330434,Rancho Pe S.A.,Santa Rosa,6,Picadora 2,1Z08500YJRF627030,Elias,1~2,Cosecha de forraje: Maíz para ensilado - 12 ene 2026,Maíz para ensilado,71.57381335374308,ha,61.41231611071326,%,8.743380618588724,t/ha,625.7970924756039,t,22.658474770537065,t/ha,1621.7534441069165,t,53568.959999994106,s,6.748828238525114,km/h,4.809946554579795,ha/h,1286.4519983747018,l,17.97391241040463,l/ha,86.45355807074556,l/h,136.82239799942,t/h,136.8223979994192,t/h,0.6102618078507409,t/l,5.880664452182389,%,32.71916078561589,%,38.58768388928736,%,44.468301776892574,%,23.305217355819373,%,13.355695193965795,mm,,,0.0496978458161819,l/t,,,102.39968592363704,l,7.040194991326626,%,3.125083770183465,%,2026-01-12 10:21:15.135000,2026-01-13 22:39:24.713000,44.92852468894958,ha,ARROYITO,2026-01-07 00:00:00,2026-01-13 00:00:00,2026-10-06 13:10:48.366263,20261006_1310,2026-01-07 a 2026-01-13
PICADO EL ARBOLITO,458447,Rasino Juan C,cabaña,Don Ramon,Picadora 8400 Rasino,1Z08400YCJF517676,Ricardo,pwue 510,Cosecha de forraje: Maíz para ensilado - 13 ene 2026,Maíz para ensilado,0.6379502290649414,ha,0.0,%,4.560073603647631,t/ha,2.909099999999999,t,4.560073603647631,t/ha,2.909099999999999,t,562.9939999999996,s,6.790443583109073,km/h,4.074266149865442,ha/h,12.327780416666672,l,19.347917580483568,l/ha,78.8285656685507,l/h,18.566734281360027,t/h,18.56673428136,t/h,0.2355330726100905,t/l,,,,,100.0,%,,,,,20.0,mm,0.0,l/t,0.0,l/t,0.0,l,0.0,l,,,,,2026-01-13 21:04:23.800000,2026-01-13 21:13:49.788000,,,ARROYITO,2026-01-07 00:00:00,2026-01-13 00:00:00,2026-10-06 13:10:48.366263,20261006_1310,2026-01-07 a 2026-01-13
LyS AGRO SA,5669981,Reyuno 12/01,Balanza 12/01/26,Alfa,1Z08500YCMF622008,1Z08500YCMF622008,Operador desconocido,,Cosecha de forraje: Alfalfa - 13 ene 2026,Alfalfa,13.837440050648247,ha,64.33058244475929,%,1.8429627866184357,t/ha,25.50188707540824,t,5.1667868805659145,t/ha,71.49510371430672,t,5862.3740000003445,s,7.925836570336916,km/h,8.497135961597081,ha/h,92.84197383730154,l,6.709664067335202,l/ha,57.01292783678869,l/h,43.18197679390287,t/h,43.18197679390281,t/h,0.2650923650357349,t/l,,,,,35.669417555240464,%,,,,,11.988800000000222,mm,2.080865439025587,l/t,,,148.67722084994432,l,,,,,,,2026-01-13 15:48:58.515000,2026-01-13 19:40:46.257000,7.049065259175689,ha,ARROYITO,2026-01-07 00:00:00,2026-01-13 00:00:00,2026-10-06 13:10:48.366263,20261006_1310,2026-01-07 a 2026-01-13
LyS AGRO SA,5669981,Reyuno 12/01,El palomar,Alfa,1Z08500YCMF622008,1Z08500YCMF622008,Operador desconocido,,Cosecha de forraje: Maíz para ensilado - 13 ene 2026,Maíz para ensilado,4.973920006285814,ha,64.47699547878123,%,1.2111476818001037,t/ha,6.024151685072219,t,3.4094742213503983,t/ha,16.958452040490496,t,1448.937000000052,s,9.740810940831834,km/h,12.35662297437925,ha/h,24.019928409722137,l,4.829752890518864,l/ha,59.67943552756039,l/h,41.44393313361835,t/h,41.44393313361836,t/h,0.2430548558065318,t/l,,,,,35.52300452121956,%,,,,,13.29586615488348,mm,2.590765952496185,l/t,,,43.61775781027484,l,,,,,,,2026-01-13 09:28:29.806000,2026-01-13 10:08:37.098000,,,ARROYITO,2026-01-07 00:00:00,2026-01-13 00:00:00,2026-10-06 13:10:48.366263,20261006_1310,2026-01-07 a 2026-01-13
LyS AGRO SA,5669981,Reyuno 12/01,El palomar,Alfa,1Z08500YCMF622008,1Z08500YCMF622008,Operador desconocido,,Cosecha de forraje: Alfalfa - 13 ene 2026,Alfalfa,31.38181331838363,ha,64.87365734131579,%,1.7855439031284883,t/ha,56.0336054397563,t,5.083204706160655,t/ha,159.5201811478628,t,9147.9359999967,s,8.822265650429598,km/h,12.349199223324078,ha/h,177.53739010033067,l,5.657576270941559,l/ha,69.86653649100987,l/h,61.76901743041029,t/h,61.76901743040984,t/h,0.3094476151771964,t/l,,,,,35.1263426586863,%,,,,,11.988799999997438,mm,1.5647871289589903,l/t,,,249.54705950848168,l,,,,,,,2026-01-13 10:08:37.171000,2026-01-13 15:30:31.560000,26.210439407254807,ha,ARROYITO,2026-01-07 00:00:00,2026-01-13 00:00:00,2026-10-06 13:10:48.366263,20261006_1310,2026-01-07 a 2026-01-13
SILAJES CORDES,330434,Reyunos S.A.,Ticino,10,Picadora 2,1Z08500YJRF627030,Elias,1~2,Cosecha de forraje: Maíz para ensilado - 8 ene 2026,Maíz para ensilado,36.0000000000005,ha,61.362231645519,%,14.31561514845929,t/ha,515.3621453445415,t,37.0508333119062,t/ha,1333.8299992286416,t,32792.43699999827,s,5.619668048128633,km/h,3.95203488608794,ha/h,896.6368502785876,l,24.907183591833515,l/ha,98.43405846912368,l/h,161.12865587872346,t/h,161.1286558787248,t/h,0.6318835125437487,t/l,6.398081849448749,%,30.679767871415397,%,38.6377683544813,%,42.41121235641171,%,20.967482168838863,%,10.998155057053545,mm,,,0.0286494275234255,l/t,,,42.71823591104096,l,6.334181392576533,%,3.397960863467972,%,2026-01-08 14:15:26.118000,2026-01-09 14:19:06.034000,25.605897980466704,ha,ARROYITO,2026-01-07 00:00:00,2026-01-13 00:00:00,2026-10-06 13:10:48.366263,20261006_1310,2026-01-07 a 2026-01-13
SILAJES CORDES,330434,Reyunos S.A.,Ticino,12,Picadora 2,1Z08500YJRF627030,Elias,1~2,Cosecha de forraje: Maíz para ensilado - 10 ene 2026,Maíz para ensilado,0.0225451631906601,ha,0.0,%,0.0,t/ha,0.0,t,0.0,t/ha,0.0,t,92.48599999999996,s,1.4164812134768223,km/h,0.8775661990612255,ha/h,0.2097403393022485,l,5.473017099673276,l/ha,8.16410290733836,l/h,0.0,t/h,0.0,t/h,0.0,t/l,0.0,%,0.0,%,0.0,%,0.0,%,0.0,%,10.99820000000004,mm,,,0.0,l/t,,,0.0,l,0.0,%,0.0,%,2026-01-10 21:18:13.649000,2026-01-10 21:19:46.135000,,,ARROYITO,2026-01-07 00:00:00,2026-01-13 00:00:00,2026-10-06 13:10:48.366263,20261006_1310,2026-01-07 a 2026-01-13
SILAJES CORDES,330434,Reyunos S.A.,Ticino,16,Picadora 2,1Z08500YJRF627030,Elias,1~2,Cosecha de forraje: Maíz para ensilado - 10 ene 2026,Maíz para ensilado,15.49999999999998,ha,56.34506649678237,%,12.306466517942408,t/ha,190.75023102810704,t,28.19032244553837,t/ha,436.9499979058442,t,13219.37999999924,s,6.183041759101936,km/h,4.22097985312538,ha/h,343.7895558081265,l,22.18047352316516,l/ha,93.623331874061,l/h,147.34183871050465,t/h,147.34183871050394,t/h,0.6870154239321523,t/l,5.647703767158025,%,34.332217846711096,%,43.65493350321778,%,43.677344474099975,%,20.55508441145976,%,10.998140632284748,mm,,,0.0362184314087432,l/t,,,19.87604319139372,l,6.534846741124973,%,2.278297886118095,%,2026-01-10 16:17:44.141000,2026-01-11 09:00:02.039000,0.371558472057808,ha,ARROYITO,2026-01-07 00:00:00,2026-01-13 00:00:00,2026-10-06 13:10:48.366263,20261006_1310,2026-01-07 a 2026-01-13
SILAJES CORDES,330434,Reyunos S.A.,Ticino,19,Picadora 2,1Z08500YJRF627030,Elias,1~2,Cosecha de forraje: Maíz para ensilado - 7 ene 2026,Maíz para ensilado,58.86484599893542,ha,60.06702195696077,%,13.08609406199297,t/ha,770.3109116867995,t,32.77014313304942,t/ha,1929.0094288900252,t,49276.33100003409,s,6.044578312373969,km/h,4.300483471385545,ha/h,1312.0090100149937,l,22.28864523279992,l/ha,95.8519504232294,l/h,157.08443159588236,t/h,157.08443159588188,t/h,0.6546502295219513,t/l,5.8088456937240025,%,32.54954123481696,%,39.93297804303869,%,43.343006426145806,%,21.036653813486904,%,10.998199999987444,mm,,,0.033342534474035,l/t,,,73.00975809932063,l,6.199978401202313,%,3.0047460211532298,%,2026-01-07 08:08:37.308000,2026-01-08 13:35:44.403000,49.77818635061535,ha,ARROYITO,2026-01-07 00:00:00,2026-01-13 00:00:00,2026-10-06 13:10:48.366263,20261006_1310,2026-01-07 a 2026-01-13
SILAJES CORDES,330434,Reyunos S.A.,Ticino,5,Picadora 2,1Z08500YJRF627030,Elias,1~2,Cosecha de forraje: Maíz para ensilado - 9 ene 2026,Maíz para ensilado,36.02111242990551,ha,59.2510135635537,%,14.813643084005507,t/ha,533.6039030254547,t,36.35340257385104,t/ha,1309.4900013223048,t,31152.918000004745,s,5.828544621637961,km/h,4.162529782442962,ha/h,871.8517701592743,l,24.2041072476997,l/ha,100.75031727599138,l/h,165.22020085220126,t/h,165.2202008522017,t/h,0.6678308102864027,t/l,5.735670281490552,%,34.54393826903014,%,40.74898643644723,%,41.359331768276704,%,20.46041835356313,%,10.998199999998455,mm,,,0.0267177027639268,l/t,,,38.74655274778443,l,6.316970579164026,%,2.830359434626588,%,2026-01-09 14:22:02.211000,2026-01-10 14:39:43.600000,25.612691094706737,ha,ARROYITO,2026-01-07 00:00:00,2026-01-13 00:00:00,2026-10-06 13:10:48.366263,20261006_1310,2026-01-07 a 2026-01-13
SILAJES SACANTA,425003,rochetti 28.03.25,tambo,3,silaje sacanta sa,1Z08600YVSF627342,Operador desconocido,12,Cosecha de forraje: Alfalfa - 11 ene 2026,Alfalfa,1.090604960885327,ha,78.38127685029073,%,8.125123891102731,t/ha,8.86130042344453,t,37.583736258781016,t/ha,40.98900921243232,t,864.2940000000491,s,6.199234787408353,km/h,4.542641577040848,ha/h,20.872361111111104,l,19.138333181766736,l/ha,86.93858802675446,l/h,166.61270539347737,t/h,166.61270539347717,t/h,0.4014537384488034,t/l,,,,,21.618723149709105,%,,,,,20.258535360988837,mm,,,,,,,,,,,,,2026-01-11 09:17:01.526000,2026-01-11 09:57:16.036000,,,ARROYITO,2026-01-07 00:00:00,2026-01-13 00:00:00,2026-10-06 13:10:48.366263,20261006_1310,2026-01-07 a 2026-01-13
COOP DE PROV DE SERV AGROP SAN MARTIN LTDA,534599,Rodolfo Baldo,Her-bal,Valdez,1Z08600YKRF627041,1Z08600YKRF627041,Operador desconocido,12,Cosecha de forraje: Maíz para ensilado - 13 ene 2026,Maíz para ensilado,0.2802139338178728,ha,54.73492400169371,%,9.046700462571032,t/ha,2.535011524688999,t,19.98604942784048,t/ha,5.600369531653625,t,200.3599999999998,s,7.597731592833268,km/h,5.034788189979732,ha/h,4.867093490740739,l,17.36920582223491,l/ha,87.45027234311583,l/h,94.0404234945882,t/h,94.04042349458824,t/h,0.4951622843383804,t/l,,,,,45.26507599830616,%,,,,,14.986000000000065,mm,0.0,l/t,,,0.0,l,,,,,,,2026-01-13 09:27:01.079000,2026-01-13 12:23:38.928000,0.0043455298588721,ha,ARROYITO,2026-01-07 00:00:00,2026-01-13 00:00:00,2026-10-06 13:10:48.366263,20261006_1310,2026-01-07 a 2026-01-13
LyS AGRO SA,5669981,Rodriguez ticino 11/01/26,Olga,Lote arroyo,1Z08500YCMF622008,1Z08500YCMF622008,Operador desconocido,,Cosecha de forraje: Maíz para ensilado - 12 ene 2026,Maíz para ensilado,16.628746054255373,ha,64.88752156486916,%,8.535725303633203,t/ha,141.9384084629984,t,24.309663356297555,t/ha,404.2392186163095,t,15574.42799999504,s,7.01054836159452,km/h,3.843659795309264,ha/h,340.9915885118802,l,20.506385643264828,l/ha,78.81957004412348,l/h,92.4137831629826,t/h,92.4137831629831,t/h,0.4103653964229619,t/l,,,,,35.11247843513219,%,,,,,13.995399999996868,mm,0.0267358805139477,l/t,,,10.805761150793892,l,,,,,,,2026-01-12 10:34:59.587000,2026-01-12 17:35:38.050000,13.584479756791456,ha,ARROYITO,2026-01-07 00:00:00,2026-01-13 00:00:00,2026-10-06 13:10:48.366263,20261006_1310,2026-01-07 a 2026-01-13
LyS AGRO SA,5669981,Rodriguez ticino 11/01/26,Olga,Lote entrada,1Z08500YCMF622008,1Z08500YCMF622008,Operador desconocido,,Cosecha de forraje: Maíz para ensilado - 12 ene 2026,Maíz para ensilado,7.310343238219811,ha,64.85525348793573,%,9.772771049593088,t/ha,71.44231076106315,t,27.80720312277148,t/ha,203.28019932235725,t,7662.29899999855,s,6.286657895879396,km/h,3.434570677233599,ha/h,166.6541458804777,l,22.797491895753044,l/ha,78.29959717962387,l/h,92.56482219638391,t/h,92.56482219638416,t/h,0.4137657016857012,t/l,,,,,35.144746512065026,%,,,,,13.995400000001103,mm,0.0426261081735067,l/t,,,8.663487926929765,l,,,,,,,2026-01-12 06:55:34.939000,2026-01-12 10:29:30.590000,5.582167270758162,ha,ARROYITO,2026-01-07 00:00:00,2026-01-13 00:00:00,2026-10-06 13:10:48.366263,20261006_1310,2026-01-07 a 2026-01-13
LyS AGRO SA,5669981,Rodriguez ticino 11/01/26,Olga,Olga maiz,1Z08500YCMF622008,1Z08500YCMF622008,Operador desconocido,,Cosecha de forraje: Maíz para ensilado - 11 ene 2026,Maíz para ensilado,24.081149210629395,ha,64.93916939646529,%,7.459254995967249,t/ha,179.62743255802008,t,21.275180500758648,t/ha,512.330796121842,t,23134.211999999,s,6.812629444195005,km/h,3.747286151880863,ha/h,471.5435669166109,l,19.581806550688537,l/ha,73.3786325161996,l/h,78.91668791449882,t/h,78.9166879144977,t/h,0.3764370188671049,t/l,,,,,35.06083060353456,%,,,,,14.171787273960732,mm,0.5215133996612836,l/t,,,262.8320790466685,l,,,,,,,2026-01-11 15:31:55.983000,2026-01-11 23:10:46.518000,20.81601206900907,ha,ARROYITO,2026-01-07 00:00:00,2026-01-13 00:00:00,2026-10-06 13:10:48.366263,20261006_1310,2026-01-07 a 2026-01-13
LyS AGRO SA,5669981,Ronal mareng 08/01/26,Alfa,Alfa fabrica,1Z08500YCMF622008,1Z08500YCMF622008,Operador desconocido,,Cosecha de forraje: Alfalfa - 8 ene 2026,Alfalfa,14.564956261795915,ha,64.15381958548458,%,1.430554222877585,t/ha,20.83595968633947,t,3.990813543688738,t/ha,58.12602471280925,t,4442.030999999872,s,8.643058420455638,km/h,11.803792261347636,ha/h,61.43727976157407,l,4.218240493356608,l/ha,49.79123449198633,l/h,46.33571657579476,t/h,46.33571657579487,t/h,0.3257099561196527,t/l,,,,,35.84618041451572,%,,,,,21.99639999999802,mm,0.0,l/t,0.0771273962081823,l/t,0.0,l,4.483108938031442,l,,,,,2026-01-08 10:07:35.542000,2026-01-08 11:57:07.278000,9.12412580794166,ha,ARROYITO,2026-01-07 00:00:00,2026-01-13 00:00:00,2026-10-06 13:10:48.366263,20261006_1310,2026-01-07 a 2026-01-13
LyS AGRO SA,5669981,Ronal mareng 08/01/26,Alfa,Lote entrada alfa,1Z08500YCMF622008,1Z08500YCMF622008,Operador desconocido,,Cosecha de forraje: Alfalfa - 8 ene 2026,Alfalfa,17.31279056972502,ha,64.51414909069315,%,1.7379423796128994,t/ha,30.08863244048767,t,4.897564339247907,t/ha,84.7905057071527,t,4698.218000000261,s,9.897697553792598,km/h,13.26589061022849,ha/h,79.46837178703697,l,4.590153821071679,l/ha,60.89247847445938,l/h,60.8486049909629,t/h,60.84860499096275,t/h,0.3497478223976352,t/l,,,,,35.48585090930714,%,,,,,21.99601508940797,mm,0.0,l/t,0.0745479219250239,l/t,0.0,l,6.320955999440112,l,,,,,2026-01-08 12:24:48.212000,2026-01-09 15:42:35.810000,12.955176550098834,ha,ARROYITO,2026-01-07 00:00:00,2026-01-13 00:00:00,2026-10-06 13:10:48.366263,20261006_1310,2026-01-07 a 2026-01-13
LyS AGRO SA,5669981,Ronal marengo10/01/26,Alfa 10/01/26,Alfa,1Z08500YCMF622008,1Z08500YCMF622008,Operador desconocido,,Cosecha de forraje: Alfalfa - 10 ene 2026,Alfalfa,13.06762482607025,ha,64.16425819208195,%,1.557561377820741,t/ha,20.353627728938505,t,4.346390779823517,t/ha,56.79700405822464,t,3683.355000000171,s,9.576783407669607,km/h,12.77190207673468,ha/h,55.27484053356476,l,4.229907214912544,l/ha,54.02396074253609,l/h,54.25539828081589,t/h,54.25539828081598,t/h,0.3514993928117169,t/l,,,,,35.83574180791873,%,,,,,21.80525101608091,mm,1.274883264033812,l/t,,,72.38609267983361,l,,,,,,,2026-01-10 13:31:59.160000,2026-01-10 14:48:34.170000,6.585378998422412,ha,ARROYITO,2026-01-07 00:00:00,2026-01-13 00:00:00,2026-10-06 13:10:48.366263,20261006_1310,2026-01-07 a 2026-01-13
LyS AGRO SA,5669981,Ronal marengo10/01/26,Maiz,Maiz,1Z08500YCMF622008,1Z08500YCMF622008,Operador desconocido,,Cosecha de forraje: Maíz para ensilado - 10 ene 2026,Maíz para ensilado,9.757119881397289,ha,64.89046678372233,%,9.006080811218107,t/ha,87.87341013660682,t,25.651382932776414,t/ha,250.2836183987279,t,9279.581999998263,s,6.803181417275175,km/h,3.7852061065938174,ha/h,208.0097193291764,l,21.31405029089453,l/ha,80.6970604478925,l/h,95.14716477900208,t/h,95.14716477900213,t/h,0.4126731195389006,t/l,,,,,35.10953321627906,%,,,,,21.99640000000376,mm,0.1233221677112135,l/t,,,30.865518363537337,l,,,,,,,2026-01-10 15:28:17.592000,2026-01-10 18:43:01.515000,7.688880356727194,ha,ARROYITO,2026-01-07 00:00:00,2026-01-13 00:00:00,2026-10-06 13:10:48.366263,20261006_1310,2026-01-07 a 2026-01-13
visconti,418068,Rossi,Maiz 1,1,Visconti,1Z08500YKHF516569,Operador desconocido,1,Cosecha de forraje: Maíz para ensilado - 13 ene 2026,Maíz para ensilado,11.580980662968848,ha,0.0,%,32.4335199771207,t/ha,375.6119676870487,t,32.4335199771207,t/ha,375.6119676870487,t,9022.84699999909,s,6.451207562394353,km/h,4.620662456837874,ha/h,235.52271770548424,l,20.33702711019868,l/ha,93.97053765178856,l/h,147.80463377826757,t/h,147.80463377826752,t/h,1.5728827084715002,t/l,,,,,100.00000000000024,%,,,,,17.98320000000178,mm,,,,,,,,,,,,,2026-01-13 08:13:26.760000,2026-01-13 12:14:09.934000,5.435777301013618,ha,ARROYITO,2026-01-07 00:00:00,2026-01-13 00:00:00,2026-10-06 13:10:48.366263,20261006_1310,2026-01-07 a 2026-01-13
MEDITERRANEA FORRAJES SRL,5937812,s,s,s,8600,1Z08600YCRF625499,Operador desconocido,VARIEDAD1,Cosecha de forraje: Maíz para ensilado - 7 ene 2026,Maíz para ensilado,0.0070678604179706,ha,52.21976666253566,%,2173.291297347232,t/ha,15.360519537240595,t,4548.515454074107,t/ha,32.1482723383782,t,11.005000000000004,s,8.553678470659854,km/h,2.3120670154197507,ha/h,0.240767986111111,l,34.065186898560896,l/ha,78.76099500227168,l/h,125.04699696320326,t/h,125.0469969632032,t/h,0.7470532357225403,t/l,,,,,47.78023333746434,%,,,,,16.992600000000007,mm,,,,,,,,,,,,,2026-01-07 19:49:25.504000,2026-01-08 01:01:38.834000,0.0031239119893888,ha,ARROYITO,2026-01-07 00:00:00,2026-01-13 00:00:00,2026-10-06 13:10:48.366263,20261006_1310,2026-01-07 a 2026-01-13
SILAJES SAS,449524,taca,john deere,cft,1Z08600YCRF625485,1Z08600YCRF625485,Juan,,Cosecha de forraje: Maíz para ensilado - 7 ene 2026,Maíz para ensilado,36.56268441017928,ha,68.96692106362231,%,6.260798740930311,t/ha,228.91160852028275,t,20.1745974151189,t/ha,737.637438391411,t,23232.27299999605,s,8.2104230064323,km/h,5.665518821406216,ha/h,621.5540479053916,l,17.000042647490226,l/ha,96.3140615840642,l/h,111.5032989012554,t/h,111.50329890125552,t/h,0.3579295206334038,t/l,7.260746722707331,%,22.480414472902005,%,31.033078936377784,%,50.77564552666731,%,27.02653321599012,%,13.413057933932045,mm,0.6336804560086847,l/t,,,467.3270706329414,l,,,6.984685037770651,%,5.306577005926594,%,2026-01-07 18:48:48.907000,2026-01-10 13:49:03.608000,18.480516142000575,ha,ARROYITO,2026-01-07 00:00:00,2026-01-13 00:00:00,2026-10-06 13:10:48.366263,20261006_1310,2026-01-07 a 2026-01-13
SILAJES SAS,449524,taca nuevo,Tambo viejo,Carrilobo,1Z08600YCRF625485,1Z08600YCRF625485,Juan,,Cosecha de forraje: Maíz para ensilado - 7 ene 2026,Maíz para ensilado,10.766680732528116,ha,60.89862686014119,%,10.44372688904154,t/ha,112.44427307202936,t,26.709360951816414,t/ha,287.5711619380607,t,8300.718999997525,s,6.5744499802108285,km/h,4.669280085052029,ha/h,217.7004730606361,l,20.214648170292637,l/ha,94.4161226296805,l/h,120.46190678726914,t/h,120.46190678726823,t/h,0.4958441663455165,t/l,5.918053630667655,%,30.276895107932475,%,39.10137313985903,%,46.70895655393632,%,24.971686972868653,%,13.681882584549292,mm,0.5676541540160666,l/t,,,163.1696679574163,l,,,6.977143168486194,%,3.599063881559737,%,2026-01-07 12:49:18.912000,2026-01-07 18:23:14.493000,8.646976621922033,ha,ARROYITO,2026-01-07 00:00:00,2026-01-13 00:00:00,2026-10-06 13:10:48.366263,20261006_1310,2026-01-07 a 2026-01-13
SILAJES SAS,449524,takar,Fabrica,Carrilobo,1Z08600YCRF625485,1Z08600YCRF625485,Juan,,Cosecha de forraje: Maíz para ensilado - 7 ene 2026,Maíz para ensilado,0.7729998600391719,ha,70.90037535711551,%,6.526427964233292,t/ha,5.044927902908073,t,22.42787680022248,t/ha,17.336745627547767,t,604.9299999999904,s,6.678550109125392,km/h,4.600200843305942,ha/h,14.461847699074069,l,18.70873262298032,l/ha,86.06392758941934,l/h,86.82019480342431,t/h,86.82019480342426,t/h,0.2893301909791559,t/l,7.528287445980882,%,21.686699771677677,%,29.09962464288437,%,52.09865123982519,%,26.888631995072416,%,12.805014068754517,mm,0.5679893286543629,l/t,,,9.847086510042304,l,,,7.068161122367039,%,5.6391255183600855,%,2026-01-07 18:46:59.122000,2026-01-10 13:49:11.808000,0.1431923357584325,ha,ARROYITO,2026-01-07 00:00:00,2026-01-13 00:00:00,2026-10-06 13:10:48.366263,20261006_1310,2026-01-07 a 2026-01-13
MEDITERRANEA FORRAJES SRL,5937812,Valma,Baschini,Sorgo,8600,1Z08600YCRF625499,Operador desconocido,VARIEDAD1,Cosecha de forraje: Maíz para ensilado - 11 ene 2026,Maíz para ensilado,0.0001176384481261,ha,69.10910831012858,%,1839.9958544359704,t/ha,0.2164542568744456,t,5956.434902911108,t/ha,0.7007057583430552,t,1.7950000000000004,s,9.827205607234289,km/h,0.2359322636513845,ha/h,0.0238505277777777,l,202.74432515631472,l/ha,47.83392757660166,l/h,64.56337582308421,t/h,64.56337582308423,t/h,0.3394480949804354,t/l,,,,,30.89089168987148,%,,,,,16.9926,mm,,,,,,,,,,,,,2026-01-11 16:16:01.599000,2026-01-11 16:25:54.129000,,,ARROYITO,2026-01-07 00:00:00,2026-01-13 00:00:00,2026-10-06 13:10:48.366263,20261006_1310,2026-01-07 a 2026-01-13
MEDITERRANEA FORRAJES SRL,5937812,Valma,La severina,Maiz baschini lote N,8600,1Z08600YCRF625499,Operador desconocido,VARIEDAD1,Cosecha de forraje: Maíz para ensilado - 11 ene 2026,Maíz para ensilado,7.528773402720027,ha,72.02629465515757,%,4.508573060277518,t/ha,33.94402494043742,t,16.11718220628505,t/ha,121.34261272147138,t,3886.5389999998256,s,9.637340163245232,km/h,6.973707005073988,ha/h,84.0295525625002,l,11.1611212169225,l/ha,77.83438921493244,l/h,111.2373660431808,t/h,111.23736604318007,t/h,0.3987338890094988,t/l,,,,,27.973705344842188,%,,,,,16.992599999998856,mm,,,,,,,,,,,,,2026-01-11 14:28:12.394000,2026-01-11 15:46:13.824000,5.531136432749411,ha,ARROYITO,2026-01-07 00:00:00,2026-01-13 00:00:00,2026-10-06 13:10:48.366263,20261006_1310,2026-01-07 a 2026-01-13
MEDITERRANEA FORRAJES SRL,5937812,Valma,La severina,Maiz campo frente N,8600,1Z08600YCRF625499,Operador desconocido,VARIEDAD1,Cosecha de forraje: Maíz para ensilado - 11 ene 2026,Maíz para ensilado,0.0058772957423085,ha,75.07800464098182,%,6.403529399968164,t/ha,0.0376354360781807,t,25.694288550017788,t/ha,0.1510129326966677,t,4.000000000000001,s,7.062486350039999,km/h,5.289566168077726,ha/h,0.0656748611111111,l,11.17433322919942,l/ha,59.10737499999998,l/h,135.83615963040413,t/h,135.83615963040413,t/h,0.5717799627164265,t/l,,,,,24.921995359018187,%,,,,,16.992600000000003,mm,,,,,,,,,,,,,2026-01-11 09:47:33.478000,2026-01-11 09:47:37.478000,,,ARROYITO,2026-01-07 00:00:00,2026-01-13 00:00:00,2026-10-06 13:10:48.366263,20261006_1310,2026-01-07 a 2026-01-13
MEDITERRANEA FORRAJES SRL,5937812,Valma,La severina,Maiz lote baschini S,8600,1Z08600YCRF625499,Operador desconocido,VARIEDAD1,Cosecha de forraje: Maíz para ensilado - 11 ene 2026,Maíz para ensilado,10.765626968818305,ha,71.66567655593025,%,4.262287288951839,t/ha,45.88619498679138,t,15.042841228820295,t/ha,161.94561722063966,t,5085.182999999593,s,10.45708006528767,km/h,7.6214085290045235,ha/h,113.10465193800876,l,10.506090566355876,l/ha,80.0712082489189,l/h,113.7520969640806,t/h,113.7520969640802,t/h,0.3995876750402385,t/l,,,,,28.334323444069792,%,,,,,16.992599999997687,mm,,,,,,,,,,,,,2026-01-11 15:49:02.804000,2026-01-11 17:48:44.514000,7.424432122765028,ha,ARROYITO,2026-01-07 00:00:00,2026-01-13 00:00:00,2026-10-06 13:10:48.366263,20261006_1310,2026-01-07 a 2026-01-13
MEDITERRANEA FORRAJES SRL,5937812,Valma,La severina,Maiz piquete bolsas,8600,1Z08600YCRF625499,Operador desconocido,VARIEDAD1,Cosecha de forraje: Maíz para ensilado - 11 ene 2026,Maíz para ensilado,7.351879786693112,ha,55.12899188847171,%,11.173535320409623,t/ha,82.14648846802108,t,24.90145818127686,t/ha,183.07252706211315,t,4433.209000000288,s,8.416415318786834,km/h,5.970114928507454,ha/h,115.5880366928246,l,15.722242480357062,l/ha,93.86359454159312,l/h,146.0190880504219,t/h,146.01908805042143,t/h,0.6957053362880511,t/l,,,,,44.871008111528695,%,,,,,16.992599999999708,mm,,,,,,,,,,,,,2026-01-11 08:37:46.998000,2026-01-11 11:41:28.638000,3.581782166390673,ha,ARROYITO,2026-01-07 00:00:00,2026-01-13 00:00:00,2026-10-06 13:10:48.366263,20261006_1310,2026-01-07 a 2026-01-13
MEDITERRANEA FORRAJES SRL,5937812,Valma,La severina,Sorgo22/04,8600,1Z08600YCRF625499,Operador desconocido,VARIEDAD1,Cosecha de forraje: Maíz para ensilado - 11 ene 2026,Maíz para ensilado,0.0031278479365455,ha,0.5382702926408484,%,3.893153482366341,t/ha,0.0121771920864747,t,3.914222579700709,t/ha,0.0122430930190969,t,2.405,s,6.354167190868438,km/h,4.68201770127405,ha/h,0.0152481944444444,l,4.874979459930102,l/ha,22.82474012474012,l/h,18.214072194165173,t/h,18.214072194165173,t/h,0.7936750301862223,t/l,,,,,99.46172970735924,%,,,,,16.99260000000001,mm,,,,,,,,,,,,,2026-01-11 08:41:02.573000,2026-01-11 08:41:08.978000,,,ARROYITO,2026-01-07 00:00:00,2026-01-13 00:00:00,2026-10-06 13:10:48.366263,20261006_1310,2026-01-07 a 2026-01-13
MEDITERRANEA FORRAJES SRL,5937812,Valma,La severina,Sorgo4,8600,1Z08600YCRF625499,Operador desconocido,VARIEDAD1,Cosecha de forraje: Maíz para ensilado - 11 ene 2026,Maíz para ensilado,9.829893729397622,ha,70.0796706301313,%,8.03403276527847,t/ha,78.97368830118587,t,26.851418197852745,t/ha,263.9465873685059,t,6021.208999999363,s,8.082428245878281,km/h,5.877161451435235,ha/h,153.53194707947537,l,15.618881679292,l/ha,91.79468932006324,l/h,153.50586974585755,t/h,153.50586974585823,t/h,0.4979493324619736,t/l,,,,,29.920329369868934,%,,,,,16.99259999999827,mm,,,,,,,,,,,,,2026-01-11 09:45:08.498000,2026-01-11 13:25:45.274000,6.430862196404302,ha,ARROYITO,2026-01-07 00:00:00,2026-01-13 00:00:00,2026-10-06 13:10:48.366263,20261006_1310,2026-01-07 a 2026-01-13
MEDITERRANEA FORRAJES SRL,5937812,Valma,La severina,Sorgo6,8600,1Z08600YCRF625499,Operador desconocido,VARIEDAD1,Cosecha de forraje: Maíz para ensilado - 11 ene 2026,Maíz para ensilado,1.1583683328636114,ha,68.64789638491092,%,7.357616561877257,t/ha,8.522830030631454,t,23.467696624784992,t/ha,27.184236615401183,t,732.9100000000207,s,7.614955343813728,km/h,5.68982003016608,ha/h,16.945841964699035,l,14.629061831142396,l/ha,83.23672902936914,l/h,133.52697031755773,t/h,133.5269703175576,t/h,0.5029452091189025,t/l,,,,,31.352103615088573,%,,,,,16.992599999998674,mm,,,,,,,,,,,,,2026-01-11 14:15:35.489000,2026-01-11 14:27:50.398000,0.0452007821149983,ha,ARROYITO,2026-01-07 00:00:00,2026-01-13 00:00:00,2026-10-06 13:10:48.366263,20261006_1310,2026-01-07 a 2026-01-13
COOPERATIVA AGROPECUARIA LTDA. DE BALNEARIA,2839981,"Vecchiatto Elvio, Juan y Luis",Tambo Vecchiatto,Lote 1,8500,1Z08500YTJ0619027,Emiliano,2,Cosecha de forraje: Maíz para ensilado - 7 ene 2026,Maíz para ensilado,9.184902367973327,ha,64.99999999999984,%,9.098004709487016,t/ha,83.56428499999978,t,25.99429916996301,t/ha,238.7551000000004,t,7748.822000000221,s,5.886032149147539,km/h,4.266133103531882,ha/h,170.32433583333324,l,18.54851385695944,l/ha,79.13042898649387,l/h,110.90094468552442,t/h,110.9009446855245,t/h,0.49052344511564,t/l,,,,,34.99999999999992,%,,,,,17.0,mm,0.0,l/t,0.0,l/t,0.0,l,0.0,l,,,,,2026-01-07 00:08:41.600000,2026-01-07 16:24:34.274000,,,ARROYITO,2026-01-07 00:00:00,2026-01-13 00:00:00,2026-10-06 13:10:48.366263,20261006_1310,2026-01-07 a 2026-01-13
COOPERATIVA AGROPECUARIA LTDA. DE BALNEARIA,2839981,"Vecchiatto Elvio, Juan y Luis",Tambo Vecchiatto,Lote 2.,8500,1Z08500YTJ0619027,Emiliano,2,Cosecha de forraje: Maíz para ensilado - 7 ene 2026,Maíz para ensilado,19.00167750131607,ha,64.99999999999994,%,10.910428565353827,t/ha,207.316445,t,31.172653043868102,t/ha,592.3327000000005,t,18205.63600000112,s,5.105238546948445,km/h,3.7568528668103465,ha/h,425.8934009166676,l,22.41678722671134,l/ha,84.21657135734819,l/h,117.11924373308727,t/h,117.11924373308754,t/h,0.4867419160612012,t/l,,,,,34.99999999999997,%,,,,,17.0,mm,0.0,l/t,0.0,l/t,0.0,l,0.0,l,,,,,2026-01-07 16:45:06.400000,2026-01-07 22:07:22.666000,,,ARROYITO,2026-01-07 00:00:00,2026-01-13 00:00:00,2026-10-06 13:10:48.366263,20261006_1310,2026-01-07 a 2026-01-13
EL PRADO SA,573387,,,,EQUIPO 2-3491414795,1Z08600YKLF621070,Cristiangutierrez,,Cosecha de forraje: Maíz para ensilado - 14 ene 2026,Maíz para ensilado,5.911983921593554,ha,64.55170586881704,%,20.044011563356676,t/ha,118.49987408679993,t,56.54436145553274,t/ha,334.2893557818839,t,6342.800999999411,s,5.600376904248619,km/h,3.355354033295158,ha/h,166.29763521749317,l,28.12515415361994,l/ha,94.38597975611046,l/h,187.6703253344331,t/h,187.67032533443347,t/h,0.6959149445370928,t/l,,,,,35.44829413118329,%,,,,,19.00369805383846,mm,0.02137776040343612,l/t,,,7.146357753324117,l,,,,,,,2026-01-14 11:44:33.803000,2026-01-14 14:57:49.401000,1.8500243550059152,ha,ARROYITO,2026-01-14 00:00:00,2026-01-20 00:00:00,2026-10-06 13:13:42.015724,20261006_1313,2026-01-14 a 2026-01-20
LyS AGRO SA,5669981,509,Maiz 20/01/26,509 maiz,1Z08500YCMF622008,1Z08500YCMF622008,Operador desconocido,,Cosecha de forraje: Maíz para ensilado - 20 ene 2026,Maíz para ensilado,18.404711287226846,ha,64.91080984514258,%,7.243460262784181,t/ha,133.31379485704312,t,20.642996406633863,t/ha,379.9283889673575,t,15888.85099999753,s,7.616126416886461,km/h,4.17002844535614,ha/h,342.4890110039991,l,18.60876846471869,l/ha,77.59909383092482,l/h,84.72617198917924,t/h,84.72617198917948,t/h,0.38214570212409676,t/l,,,,,35.08919015485799,%,,,,,13.201349196170167,mm,,,,,,,,,,,,,2026-01-20 08:32:19.834000,2026-01-20 16:44:55.257000,11.74974898516179,ha,ARROYITO,2026-01-14 00:00:00,2026-01-20 00:00:00,2026-10-06 13:13:42.015724,20261006_1313,2026-01-14 a 2026-01-20
LyS AGRO SA,5669981,509,Maiz 20/01/26,Lote2,1Z08500YCMF622008,1Z08500YCMF622008,Operador desconocido,,Cosecha de forraje: Maíz para ensilado - 20 ene 2026,Maíz para ensilado,15.169391029374138,ha,64.93027848203873,%,7.537905692273096,t/ha,114.34543898863573,t,21.494056314113397,t/ha,326.0517450361743,t,12806.809999997617,s,7.723159212497657,km/h,4.264122580545532,ha/h,287.0165242000287,l,18.920767725233542,l/ha,80.68047289842615,l/h,90.56541189810252,t/h,90.56541189810189,t/h,0.39288185883890847,t/l,,,,,35.06972151796006,%,,,,,16.992600000003243,mm,,,,,,,,,,,,,2026-01-20 17:21:34.173000,2026-01-20 21:52:19.290000,11.250872915694526,ha,ARROYITO,2026-01-14 00:00:00,2026-01-20 00:00:00,2026-10-06 13:13:42.015724,20261006_1313,2026-01-14 a 2026-01-20
visconti,418068,Alacia mario,Casa,Maiz,Visconti,1Z08500YKHF516569,Operador desconocido,1,Cosecha de forraje: Maíz para ensilado - 13 ene 2026,Maíz para ensilado,7.431318281548265,ha,0.0,%,27.007241136761508,t/ha,200.6994047937981,t,27.007241136761508,t/ha,200.6994047937981,t,4835.867999998819,s,7.7797751850911006,km/h,5.532149722362216,ha/h,122.61075121759247,l,16.49919254865346,l/ha,91.27600347723384,l/h,140.1538801252343,t/h,140.15388012523502,t/h,1.5354953633590487,t/l,,,,,99.99999999999886,%,,,,,17.14174195434018,mm,,,,,,,,,,,,,2026-01-13 22:10:01.358000,2026-01-14 00:01:36.133000,6.730888507711015,ha,ARROYITO,2026-01-14 00:00:00,2026-01-20 00:00:00,2026-10-06 13:13:42.015724,20261006_1313,2026-01-14 a 2026-01-20
SILAJES CORDES,330434,Ambroggio,ARIEL Ambroggio,L 4,Picadora 3,1Z08500YCSF627259,Marcelo,,Cosecha de forraje: Maíz para ensilado - 16 ene 2026,Maíz para ensilado,0.10451528136924464,ha,62.55864138667268,%,31.217781850490642,t/ha,3.2627352538277283,t,83.3778019993607,t/ha,8.71425443591235,t,111.78300000000002,s,5.1869775023577835,km/h,3.3659412695067976,ha/h,2.5656870277777784,l,24.54843917717064,l/ha,82.62860452841663,l/h,134.0711786319739,t/h,134.07117863197402,t/h,0.6058135616486869,t/l,7.473978954599644,%,29.523980895283664,%,37.44135861332734,%,43.597091821377944,%,23.515890596203743,%,13.995400000000064,mm,,,0.05807714285482751,l/t,,,0.49568594811961864,l,4.833390387127596,%,4.155716183989905,%,2026-01-16 09:48:59.214000,2026-01-16 13:38:26.747000,0.00264454213988305,ha,ARROYITO,2026-01-14 00:00:00,2026-01-20 00:00:00,2026-10-06 13:13:42.015724,20261006_1313,2026-01-14 a 2026-01-20
SILAJES CORDES,330434,Ambroggio,ARIEL Ambroggio,L 5,Picadora 3,1Z08500YCSF627259,Marcelo,,Cosecha de forraje: Maíz para ensilado - 16 ene 2026,Maíz para ensilado,0.16244471453750017,ha,60.67752640451754,%,33.17165467668715,t/ha,5.388559974690976,t,84.35800610594856,t/ha,13.70351222083351,t,155.17500000000027,s,6.153944281531087,km/h,3.768654566360541,ha/h,3.8305682916666655,l,23.580750549950242,l/ha,88.86770323827928,l/h,163.90342887120096,t/h,163.90342887120087,t/h,0.7064910783050352,t/l,7.617157193971199,%,29.888850961109718,%,39.322473595482535,%,44.3456310873257,%,24.42227410199263,%,13.99540000000007,mm,,,0.05138947440693353,l/t,,,0.6835754624421957,l,4.49339824154154,%,4.169261409182964,%,2026-01-16 10:21:32.373000,2026-01-17 08:20:37.012000,0.022230568884065837,ha,ARROYITO,2026-01-14 00:00:00,2026-01-20 00:00:00,2026-10-06 13:13:42.015724,20261006_1313,2026-01-14 a 2026-01-20
SILAJES CORDES,330434,Ambroggio,ARIEL Ambroggio,L 7,Picadora 3,1Z08500YCSF627259,Marcelo,,Cosecha de forraje: Maíz para ensilado - 16 ene 2026,Maíz para ensilado,0.003815105931148131,ha,65.83962429455251,%,9.124996984322761,t/ha,0.034812830116598574,t,26.712226654075216,t/ha,0.10190997434213554,t,3.198999999999999,s,5.723189672393926,km/h,4.293335839991643,ha/h,0.046745187500000014,l,12.252657814387963,l/ha,52.60477492966553,l/h,113.4385351471832,t/h,113.43853514718315,t/h,0.7210495954138233,t/l,8.023403708064686,%,25.501185433662066,%,34.16037570544744,%,46.66588294443441,%,23.702428737145834,%,13.99540000000001,mm,,,0.08891872277343423,l/t,,,0.009061704756376146,l,5.274838293386575,%,4.578547060637628,%,2026-01-16 10:32:06.499000,2026-01-16 10:32:09.898000,0.001411445974180549,ha,ARROYITO,2026-01-14 00:00:00,2026-01-20 00:00:00,2026-10-06 13:13:42.015724,20261006_1313,2026-01-14 a 2026-01-20
SILAJES CORDES,330434,Ambrogio,Pueblo,Maiz,Picadora 3,1Z08500YCSF627259,Marcelo,,Cosecha de forraje: Maíz para ensilado - 16 ene 2026,Maíz para ensilado,38.93544690707505,ha,61.4846727883154,%,14.023725743879078,t/ha,546.0200291401854,t,36.410766204329704,t/ha,1417.6694543946019,t,28883.476000021506,s,6.687494041564479,km/h,4.852835429688596,ha/h,772.1954457470769,l,19.832831198034828,l/ha,96.24546590886136,l/h,173.0923785898924,t/h,173.09237858989547,t/h,0.6880166956414141,t/l,7.742267642352998,%,28.78122271304572,%,38.51532721168498,%,45.72151385701413,%,24.525941228168023,%,13.995400000011442,mm,,,0.014605431231885499,l/t,,,18.12539329696206,l,4.741632281388457,%,3.9004019987673564,%,2026-01-16 09:49:12.613000,2026-01-17 09:32:23.287000,33.847735273880566,ha,ARROYITO,2026-01-14 00:00:00,2026-01-20 00:00:00,2026-10-06 13:13:42.015724,20261006_1313,2026-01-14 a 2026-01-20
SILAJES SACANTA,425003,ambroguio,2,2,silaje sacanta sa,1Z08600YVSF627342,Operador desconocido,12,Cosecha de forraje: Alfalfa - 14 ene 2026,Alfalfa,16.365323678381806,ha,66.90130086860655,%,12.300909174384246,t/ha,201.3083601771745,t,37.16432819777369,t/ha,608.2062602461784,t,12199.903999995775,s,6.813037074571689,km/h,4.82914990496608,ha/h,321.07773600175716,l,19.619394172196795,l/ha,94.74499550215552,l/h,174.9188530689084,t/h,174.91885306890842,t/h,0.5988675192503519,t/l,,,,,33.09869913139228,%,,,,,15.97659999999868,mm,,,,,,,,,,,,,2026-01-14 07:13:57.321000,2026-01-14 13:08:25.833000,1.8456697786553726,ha,ARROYITO,2026-01-14 00:00:00,2026-01-20 00:00:00,2026-10-06 13:13:42.015724,20261006_1313,2026-01-14 a 2026-01-20
SILAJES SACANTA,425003,ambroguio,carrilobo,4,silaje sacanta sa,1Z08600YVSF627342,Operador desconocido,12,Cosecha de forraje: Alfalfa - 14 ene 2026,Alfalfa,4.405591221519369e-05,ha,61.19844970806495,%,1613.5373503765452,t/ha,0.07108585986412531,t,4158.435264149531,t/ha,0.18320365894993754,t,1.0,s,10.257482499840002,km/h,0.1586012839746973,ha/h,0.014424999999999999,l,327.42483981582853,l/ha,51.93,l/h,56.68642528290828,t/h,56.686425282908296,t/h,0.42332258630290975,t/l,,,,,38.80155029193509,%,,,,,15.9766,mm,,,,,,,,,,,,,2026-01-14 10:29:50.163000,2026-01-14 10:29:55.363000,,,ARROYITO,2026-01-14 00:00:00,2026-01-20 00:00:00,2026-10-06 13:13:42.015724,20261006_1313,2026-01-14 a 2026-01-20
visconti,418068,Ambrosino,Casco,Maiz,Visconti,1Z08500YKHF516569,Operador desconocido,1,Cosecha de forraje: Maíz para ensilado - 14 ene 2026,Maíz para ensilado,8.020514429917059,ha,0.0,%,27.599336994025453,t/ha,221.3608806167248,t,27.599336994025453,t/ha,221.3608806167248,t,5857.679999997354,s,6.889808780619581,km/h,4.929229993395724,ha/h,170.01275674889575,l,21.197238435821003,l/ha,104.48606347501065,l/h,134.7590705580331,t/h,134.75907055803427,t/h,1.28973248753182,t/l,,,,,100.00000000000014,%,,,,,17.138008759172905,mm,,,,,,,,,,,,,2026-01-14 12:26:07.872000,2026-01-14 14:53:08.367000,,,ARROYITO,2026-01-14 00:00:00,2026-01-20 00:00:00,2026-10-06 13:13:42.015724,20261006_1313,2026-01-14 a 2026-01-20
COOPERATIVA AGROPECUARIA LTDA. DE BALNEARIA,2839981,Baravalle Julio,Tambo Baravalle,Tambo,8500,1Z08500YTJ0619027,Emiliano,1,Cosecha de forraje: Alfalfa - 20 ene 2026,Alfalfa,12.605535964774704,ha,56.285617343473746,%,5.290096243363802,t/ha,66.68449845284196,t,12.101500517413852,t/ha,152.5459,t,10546.838000000122,s,4.580453664132513,km/h,4.300211852962618,ha/h,179.42648116666635,l,14.242194536836843,l/ha,61.24445375950513,l/h,52.06084585867722,t/h,52.06084585867709,t/h,0.37151747223261233,t/l,,,,,43.71438265652636,%,,,,,22.0,mm,0,l/t,0,l/t,0,l,0,l,,,,,2026-01-20 08:38:28,2026-01-20 12:57:51.611000,,,ARROYITO,2026-01-14 00:00:00,2026-01-20 00:00:00,2026-10-06 13:13:42.015724,20261006_1313,2026-01-14 a 2026-01-20
SILAJES CORDES,330434,Barotto,Los hermanos,1,Picadora 3,1Z08500YCSF627259,Marcelo,3619,Cosecha de forraje: Maíz para ensilado - 20 ene 2026,Maíz para ensilado,23.244727020660076,ha,63.12881812323548,%,10.362456099304364,t/ha,240.87246329190395,t,28.104485866330474,t/ha,653.2811020188512,t,15959.956999997854,s,7.337998701925232,km/h,5.243185634797557,ha/h,370.41457484009413,l,15.935423741946636,l/ha,83.55238484818697,l/h,143.50250801963227,t/h,143.5025080196333,t/h,0.6285616224557172,t/l,7.522100526244399,%,27.159694098602376,%,36.87118187676487,%,46.92194957231783,%,25.91170702756735,%,16.6412239427299,mm,,,0.04342282097716754,l/t,,,28.367308340731434,l,4.935778342227716,%,4.45129584733642,%,2026-01-20 15:09:13.257000,2026-01-20 21:36:43.487000,15.540725442924776,ha,ARROYITO,2026-01-14 00:00:00,2026-01-20 00:00:00,2026-10-06 13:13:42.015724,20261006_1313,2026-01-14 a 2026-01-20
SILAJES CORDES,330434,Barotto,Los hermanos,Maiz,Picadora 3,1Z08500YCSF627259,Marcelo,,Cosecha de forraje: Maíz para ensilado - 19 ene 2026,Maíz para ensilado,36.18887822279905,ha,63.84685449830976,%,12.006878512668901,t/ha,434.51546433091744,t,33.21115865867834,t/ha,1201.8745763369686,t,27832.27000000026,s,6.665197059691214,km/h,4.680874153293029,ha/h,655.5412814224632,l,18.114525086882516,l/ha,84.79181227836827,l/h,152.2454811792555,t/h,152.24548117925545,t/h,0.6451137245564618,t/l,7.834513176248805,%,27.027910891515475,%,36.153145501689416,%,47.08815199173579,%,26.367497313932404,%,16.992533531466922,mm,,,0.04225295066420232,l/t,,,50.78019092615554,l,4.890743903426752,%,4.483339239990041,%,2026-01-19 18:38:52.627000,2026-01-20 14:55:36.553000,22.0437060856616,ha,ARROYITO,2026-01-14 00:00:00,2026-01-20 00:00:00,2026-10-06 13:13:42.015724,20261006_1313,2026-01-14 a 2026-01-20
SILAJES CORDES,330434,Barotto Hnos.,Los Hermanos,L 2.1,Picadora 3,1Z08500YCSF627259,Marcelo,,Cosecha de forraje: Maíz para ensilado - 19 ene 2026,Maíz para ensilado,0.2708635969302935,ha,62.49432738771703,%,25.869811067026312,t/ha,7.007190077521862,t,68.97572891028202,t/ha,18.68301403352782,t,250.96299999999775,s,6.584549090912839,km/h,3.885468969326393,ha/h,5.4822762939814815,l,20.239989264383652,l/ha,78.64185022626242,l/h,140.5861512760155,t/h,140.58615127601576,t/h,0.6666249156490729,t/l,7.705686028253207,%,27.25857444142803,%,37.50567261228315,%,46.66988404510519,%,26.988389701371716,%,16.992600000000085,mm,,,0.0527030176598145,l/t,,,0.9846512185475791,l,4.7996673405996955,%,4.633090553444019,%,2026-01-19 18:50:35.542000,2026-01-20 13:40:33.497000,0.0037263083067294177,ha,ARROYITO,2026-01-14 00:00:00,2026-01-20 00:00:00,2026-10-06 13:13:42.015724,20261006_1313,2026-01-14 a 2026-01-20
SILAJES CORDES,330434,Barotto Hnos.,Los Hermanos,L 8,Picadora 3,1Z08500YCSF627259,Marcelo,,Cosecha de forraje: Maíz para ensilado - 20 ene 2026,Maíz para ensilado,0.09661610848354105,ha,61.42237528022892,%,16.096966827237107,t/ha,1.555226293236302,t,41.72617403006508,t/ha,4.031420556691881,t,76.58600000000013,s,7.146828804288451,km/h,4.541534882886502,ha/h,1.6216023611111112,l,16.78397512136765,l/ha,76.22500848719066,l/h,125.79466865754516,t/h,125.79466865754537,t/h,0.6471067209411846,t/l,7.468899460894322,%,27.419892674002902,%,38.577624719771165,%,49.38776023052668,%,30.456727965428836,%,16.99260000000009,mm,,,0.0482064922033446,l/t,,,0.1943406436345702,l,4.536436867930442,%,5.134450275706471,%,2026-01-20 15:17:36.197000,2026-01-20 21:27:02.142000,,,ARROYITO,2026-01-14 00:00:00,2026-01-20 00:00:00,2026-10-06 13:13:42.015724,20261006_1313,2026-01-14 a 2026-01-20
TRANSILOS SA,492425,Barra,Palo blanco,Lote 14,8600,1Z08600YCKF620026,Operador desconocido,,Cosecha de forraje: Maíz para ensilado - 14 ene 2026,Maíz para ensilado,7.702213012548443,ha,65.00000000000023,%,9.98607261679117,t/ha,76.91485845330261,t,28.53163604797489,t/ha,219.75673843800843,t,5775.655999998727,s,6.718627018939914,km/h,4.800834198778405,ha/h,160.10226772664953,l,20.786528166101142,l/ha,99.79267529369233,l/h,136.97565408622077,t/h,136.97565408621955,t/h,0.48041079958107147,t/l,,,,,34.999999999999616,%,,,,,20.990434654842982,mm,0.30923937478488916,l/t,,,67.95743639933625,l,,,,,,,2026-01-14 07:31:43.534000,2026-01-14 13:44:33.816000,7.11080760076123,ha,ARROYITO,2026-01-14 00:00:00,2026-01-20 00:00:00,2026-10-06 13:13:42.015724,20261006_1313,2026-01-14 a 2026-01-20
TRANSILOS SA,492425,BARRA JUAN,BRIZIO,LOTE,8600,1Z08600YCKF620026,Operador desconocido,,Cosecha de forraje: Maíz para ensilado - 14 ene 2026,Maíz para ensilado,14.96135673630072,ha,64.61739119534802,%,13.16163287762529,t/ha,196.91588471437618,t,37.198028416417564,t/ha,556.5329730250746,t,12477.191999999735,s,6.040867626250893,km/h,4.316690105648445,ha/h,367.4835052608037,l,24.562503017905083,l/ha,106.02871374736714,l/h,158.7536100192761,t/h,158.75361001927644,t/h,0.5240357695822434,t/l,,,,,35.38260880465536,%,,,,,21.008248623124956,mm,0.2148812281497829,l/t,,,119.58848874947846,l,,,,,,,2026-01-14 07:25:32.539000,2026-01-14 16:18:06.518000,14.53969407200219,ha,ARROYITO,2026-01-14 00:00:00,2026-01-20 00:00:00,2026-10-06 13:13:42.015724,20261006_1313,2026-01-14 a 2026-01-20
COOPERATIVA AGROPECUARIA LTDA. DE BALNEARIA,2839981,Bessone Agro S.A,Tambo Bessone,Lote 2,8600,1Z08600YEMF622022,Operador desconocido,,Cosecha de forraje: Maíz para ensilado - 14 ene 2026,Maíz para ensilado,26.440036107194686,ha,60.88818929529195,%,8.976779635479609,t/ha,237.3463776884108,t,22.95158284348933,t/ha,606.840679099128,t,15895.844000000445,s,8.165212722449603,km/h,5.9879884318124805,ha/h,407.66870333851773,l,15.41861371466074,l/ha,92.32648055797627,l/h,133.8083982890898,t/h,133.8083982890865,t/h,0.5640646323844426,t/l,,,,,39.11181070470702,%,,,,,17.98319999999335,mm,,,,,,,,,,,,,2026-01-14 14:10:42.005000,2026-01-14 21:33:43.076000,23.889482156457206,ha,ARROYITO,2026-01-14 00:00:00,2026-01-20 00:00:00,2026-10-06 13:13:42.015724,20261006_1313,2026-01-14 a 2026-01-20
COOPERATIVA AGROPECUARIA LTDA. DE BALNEARIA,2839981,Bessone Agro S.A,Tambo Bessone,Lote 3,8600,1Z08600YEMF622022,Operador desconocido,,Cosecha de forraje: Maíz para ensilado - 14 ene 2026,Maíz para ensilado,12.87037984649012,ha,58.12636503265911,%,10.332363824861792,t/ha,132.9814471381048,t,24.675106025355294,t/ha,317.5779872987397,t,8647.582999999491,s,7.391247257205648,km/h,5.3579557949737575,ha/h,217.806881248925,l,16.923112126199104,l/ha,90.67328668556014,l/h,129.4326663527446,t/h,129.43266635274406,t/h,0.5956026753130856,t/l,,,,,41.873634967341765,%,,,,,17.983200000000988,mm,,,,,,,,,,,,,2026-01-14 19:57:50.589000,2026-01-15 10:38:05.459000,10.059082938714578,ha,ARROYITO,2026-01-14 00:00:00,2026-01-20 00:00:00,2026-10-06 13:13:42.015724,20261006_1313,2026-01-14 a 2026-01-20
COOPERATIVA AGROPECUARIA LTDA. DE BALNEARIA,2839981,Bessone Agro S.A,Tambo Bessone,Lote 4,8600,1Z08600YEMF622022,Operador desconocido,MAIZ,Cosecha de forraje: Maíz para ensilado - 15 ene 2026,Maíz para ensilado,10.46360805011521,ha,54.18468246333031,%,11.443162443228514,t/ha,119.73676665974193,t,24.976717522626902,t/ha,261.3465825352125,t,6888.057999999702,s,7.528351929452427,km/h,5.468738645989291,ha/h,174.6960314152115,l,16.69558249683175,l/ha,91.30377721772759,l/h,133.02087697655023,t/h,133.02087697655003,t/h,0.6632651708469396,t/l,,,,,45.815317536669376,%,,,,,17.983200000001883,mm,,,,,,,,,,,,,2026-01-15 10:44:23.261000,2026-01-15 14:40:19.981000,8.101031278384966,ha,ARROYITO,2026-01-14 00:00:00,2026-01-20 00:00:00,2026-10-06 13:13:42.015724,20261006_1313,2026-01-14 a 2026-01-20
COOPERATIVA AGROPECUARIA LTDA. DE BALNEARIA,2839981,Bessone Agro S.A,Tambo Bessone,Lote 5,8600,1Z08600YEMF622022,Operador desconocido,MAIZ,Cosecha de forraje: Maíz para ensilado - 15 ene 2026,Maíz para ensilado,10.451949024424877,ha,57.08312901284257,%,12.445514431750414,t/ha,130.0798824233995,t,28.999118867436803,t/ha,303.0973121556872,t,7216.43499999923,s,7.321035809469305,km/h,5.214072667173431,ha/h,196.10559298842662,l,18.7625860526255,l/ha,97.82948710248382,l/h,147.7376616244063,t/h,147.73766162440566,t/h,0.6465661571309336,t/l,,,,,42.91687098715764,%,,,,,17.983200000001908,mm,,,,,,,,,,,,,2026-01-15 14:44:42.977000,2026-01-15 23:17:59.872000,7.76623732651035,ha,ARROYITO,2026-01-14 00:00:00,2026-01-20 00:00:00,2026-10-06 13:13:42.015724,20261006_1313,2026-01-14 a 2026-01-20
COOPERATIVA AGROPECUARIA LTDA. DE BALNEARIA,2839981,Bessone Agro S.A,Tambo Bessone,Lote 6,8600,1Z08600YEMF622022,Operador desconocido,MAIZ,Cosecha de forraje: Maíz para ensilado - 16 ene 2026,Maíz para ensilado,7.73522864036575,ha,58.28634427370616,%,13.665280262144728,t/ha,105.70406726236668,t,32.75972825736062,t/ha,253.403988266935,t,4867.851000000035,s,8.224091722695665,km/h,5.720557820137979,ha/h,122.02544141003074,l,15.775285655197008,l/ha,90.2434337197479,l/h,131.69979679683,t/h,131.6997967968305,t/h,0.6028753969511537,t/l,,,,,41.71365572629355,%,,,,,17.9832000000025,mm,,,,,,,,,,,,,2026-01-16 16:03:42.273000,2026-01-16 17:52:11.132000,4.75764856554185,ha,ARROYITO,2026-01-14 00:00:00,2026-01-20 00:00:00,2026-10-06 13:13:42.015724,20261006_1313,2026-01-14 a 2026-01-20
COOPERATIVA AGROPECUARIA LTDA. DE BALNEARIA,2839981,"Bessone, Emilio J. y German A.",Tambo 2,Lote 8,8500,1Z08500YTJ0619027,Emiliano,2,Cosecha de forraje: Maíz para ensilado - 14 ene 2026,Maíz para ensilado,34.927125419454576,ha,26.090713591750543,%,16.006901190535885,t/ha,559.0750454586636,t,21.657496599438506,t/ha,756.4340999999997,t,25636.497000001942,s,6.5936461110844276,km/h,4.904007315253379,ha/h,610.5956361944471,l,17.484225744520582,l/ha,85.74277095267098,l/h,106.22032487511044,t/h,106.22032487511034,t/h,0.9156151261464713,t/l,,,,,73.90928640824951,%,,,,,14.742554097575258,mm,0,l/t,0,l/t,0,l,0,l,,,,,2026-01-14 20:19:41.800000,2026-01-15 15:51:57.304000,,,ARROYITO,2026-01-14 00:00:00,2026-01-20 00:00:00,2026-10-06 13:13:42.015724,20261006_1313,2026-01-14 a 2026-01-20
COOPERATIVA AGROPECUARIA LTDA. DE BALNEARIA,2839981,"Bessone, Emilio J. y German A.",Tambo Ruta,lote 1,8500,1Z08500YTJ0619027,Emiliano,2,Cosecha de forraje: Maíz para ensilado - 14 ene 2026,Maíz para ensilado,9.78683050045967,ha,65.0,%,14.15619847441854,t/ha,138.54431500000004,t,40.446281355481524,t/ha,395.8408999999999,t,12357.718000000363,s,3.8537060532315492,km/h,2.8505782191617546,ha/h,280.1247765416664,l,28.62745765415526,l/ha,81.60480725891058,l/h,115.31475633284052,t/h,115.31475633284057,t/h,0.4945807247414,t/l,,,,,35.00000000000003,%,,,,,17.0,mm,0,l/t,0,l/t,0,l,0,l,,,,,2026-01-14 11:06:18.800000,2026-01-14 16:30:25.774000,,,ARROYITO,2026-01-14 00:00:00,2026-01-20 00:00:00,2026-10-06 13:13:42.015724,20261006_1313,2026-01-14 a 2026-01-20
COOPERATIVA AGROPECUARIA LTDA. DE BALNEARIA,2839981,"Bessone, Emilio J. y German A.",Tambo Ruta,Lote 3,8500,1Z08500YTJ0619027,Emiliano,2,Cosecha de forraje: Maíz para ensilado - 14 ene 2026,Maíz para ensilado,13.41200437986374,ha,65.00000000000003,%,6.343959306167812,t/ha,85.08521000000002,t,18.12559801762232,t/ha,243.10060000000007,t,11949.804000001086,s,5.440396320662357,km/h,4.0402613560678535,ha/h,251.86636544444355,l,18.780296052795034,l/ha,75.87730439762164,l/h,73.23652839828348,t/h,73.23652839828327,t/h,0.3378188661668216,t/l,,,,,34.999999999999986,%,,,,,17.0,mm,0,l/t,0,l/t,0,l,0,l,,,,,2026-01-14 16:35:36.800000,2026-01-14 19:56:19.576000,,,ARROYITO,2026-01-14 00:00:00,2026-01-20 00:00:00,2026-10-06 13:13:42.015724,20261006_1313,2026-01-14 a 2026-01-20
COOPERATIVA AGROPECUARIA LTDA. DE BALNEARIA,2839981,Bocco rene,Ana franco,Lote 1,8500,1Z08500YTJ0619027,Emiliano,1,Cosecha de forraje: Alfalfa - 19 ene 2026,Alfalfa,3.6249111720085145,ha,65.47714489084062,%,5.500925579135423,t/ha,19.9403665881954,t,15.93415597215751,t/ha,57.75989999999995,t,3255.937000000003,s,4.242509496106029,km/h,4.005791132619341,ha/h,52.115741055555524,l,14.384909185824926,l/ha,57.622941660111834,l/h,63.84628449506233,t/h,63.8462844950624,t/h,0.38249303923253847,t/l,,,,,34.52285510915945,%,,,,,17.0,mm,0,l/t,0,l/t,0,l,0,l,,,,,2026-01-19 18:33:13.200000,2026-01-19 19:28:41.133000,,,ARROYITO,2026-01-14 00:00:00,2026-01-20 00:00:00,2026-10-06 13:13:42.015724,20261006_1313,2026-01-14 a 2026-01-20
COOPERATIVA AGROPECUARIA LTDA. DE BALNEARIA,2839981,Bocco René,Tambo Bocco,Lote 14,8500,1Z08500YTJ0619027,Emiliano,1,Cosecha de forraje: Alfalfa - 20 ene 2026,Alfalfa,0.09774348265228273,ha,64.90081215581463,%,3.659177209846389,t/ha,0.35766072413224886,t,10.42524751880428,t/ha,1.019,t,86.97800000000001,s,4.18942656588627,km/h,3.9590081047625287,ha/h,1.1803206249999996,l,12.339759313467866,l/ha,48.85320713283815,l/h,42.17618248292671,t/h,42.17618248292671,t/h,0.30301997318080337,t/l,,,,,35.099187844185366,%,,,,,22.0,mm,0,l/t,0,l/t,0,l,0,l,,,,,2026-01-20 13:56:21.600000,2026-01-20 13:57:52.592000,,,ARROYITO,2026-01-14 00:00:00,2026-01-20 00:00:00,2026-10-06 13:13:42.015724,20261006_1313,2026-01-14 a 2026-01-20
SILAJES SACANTA,425003,Boiero,tambo,3,silaje sacanta sa,1Z08600YVSF627342,Operador desconocido,12,Cosecha de forraje: Alfalfa - 17 ene 2026,Alfalfa,0.10698805737881686,ha,66.49807185035476,%,4.933769154905779,t/ha,0.5278543774388962,t,14.72682149178938,t/ha,1.5755940227711553,t,52.990000000000144,s,7.867440340731841,km/h,7.268484743607087,ha/h,0.8311838194444443,l,7.768940195833621,l/ha,56.46842328741257,l/h,93.25241070362836,t/h,93.25241070362833,t/h,0.5392667411800897,t/l,,,,,33.50192814964518,%,,,,,19.98979999999997,mm,,,,,,,,,,,,,2026-01-17 10:36:38.986000,2026-01-17 13:27:18.170000,,,ARROYITO,2026-01-14 00:00:00,2026-01-20 00:00:00,2026-10-06 13:13:42.015724,20261006_1313,2026-01-14 a 2026-01-20
visconti,418068,Bolati,Galpon,Gaalpon,Visconti,1Z08500YKHF516569,Operador desconocido,1,Cosecha de forraje: Maíz para ensilado - 19 ene 2026,Maíz para ensilado,51.05411756320752,ha,0.0,%,28.033379249243836,t/ha,1431.2194398848767,t,28.03337924924383,t/ha,1431.2194398848767,t,30934.121999993993,s,8.412573384300753,km/h,5.941417519863111,ha/h,864.1174245684272,l,16.925351475003303,l/ha,100.5628260096387,l/h,162.8770079487507,t/h,162.87700794875073,t/h,1.6196542441352946,t/l,,,,,100.00000000000048,%,,,,,19.97044378150218,mm,,,,,,,,,,,,,2026-01-19 16:05:02.689000,2026-01-20 16:29:03.864000,26.587435238290617,ha,ARROYITO,2026-01-14 00:00:00,2026-01-20 00:00:00,2026-10-06 13:13:42.015724,20261006_1313,2026-01-14 a 2026-01-20
visconti,418068,Bolati,Tambo calecita,Las90,Visconti,1Z08500YKHF516569,Operador desconocido,1,Cosecha de forraje: Maíz para ensilado - 20 ene 2026,Maíz para ensilado,5.118434919876383,ha,0.0,%,39.88201791368391,t/ha,204.13351316453517,t,39.88201791368391,t/ha,204.13351316453517,t,4426.847000000049,s,5.7944697371886225,km/h,4.1624130473799,ha/h,119.53921476421976,l,23.354641923845477,l/ha,97.21166626070101,l/h,162.46513136259085,t/h,162.46513136259037,t/h,1.671251379714996,t/l,,,,,99.99999999999989,%,,,,,19.989800000004227,mm,,,,,,,,,,,,,2026-01-20 18:18:13.344000,2026-01-20 20:08:30.094000,,,ARROYITO,2026-01-14 00:00:00,2026-01-20 00:00:00,2026-10-06 13:13:42.015724,20261006_1313,2026-01-14 a 2026-01-20
EL PRADO SA,573387,Bonci,,Lote2 - Archivado,EQUIPO 2-3491414795,1Z08600YKLF621070,Cristiangutierrez,,Cosecha de forraje: Maíz para ensilado - 14 ene 2026,Maíz para ensilado,24.90216004338896,ha,64.77257132388964,%,12.040587947735558,t/ha,299.83664809101106,t,34.179582218275286,t/ha,851.1454266156625,t,27624.089000000626,s,5.539042097424411,km/h,3.245251383174726,ha/h,709.6663525862305,l,28.496548127642324,l/ha,92.4844569285292,l/h,109.30500959638474,t/h,109.30500959638425,t/h,0.4136560307457793,t/l,,,,,35.22742867611029,%,,,,,17.983199999998412,mm,0.005845175528869768,l/t,,,4.892136554849947,l,,,,,,,2026-01-14 16:59:32.194000,2026-01-15 17:16:47.419000,12.460294704069304,ha,ARROYITO,2026-01-14 00:00:00,2026-01-20 00:00:00,2026-10-06 13:13:42.015724,20261006_1313,2026-01-14 a 2026-01-20
MEDITERRANEA FORRAJES SRL,5937812,Bonno,Frontera,Maiz lote E 2,8600,1Z08600YCRF625499,Operador desconocido,VARIEDAD1,Cosecha de forraje: Maíz para ensilado - 14 ene 2026,Maíz para ensilado,23.672387868659055,ha,64.0004884259779,%,10.796504865691496,t/ha,255.57905080651378,t,29.99069818903417,t/ha,709.9514399827075,t,14287.82099999609,s,8.242789440508679,km/h,5.96456214892343,ha/h,404.140602235398,l,17.07148239306712,l/ha,101.82841512696977,l/h,174.01044554679777,t/h,174.0104455467973,t/h,0.6137391377140228,t/l,,,,,35.99951157402241,%,,,,,16.992599999998593,mm,,,,,,,,,,,,,2026-01-14 16:33:42.732000,2026-01-14 23:56:58.125000,19.895330129293338,ha,ARROYITO,2026-01-14 00:00:00,2026-01-20 00:00:00,2026-10-06 13:13:42.015724,20261006_1313,2026-01-14 a 2026-01-20
SILAJES CORDES,330434,Buffa Walter,Adaro,11 C,Picadora 3,1Z08500YCSF627259,Marcelo,,Cosecha de forraje: Maíz para ensilado - 14 ene 2026,Maíz para ensilado,27.84063439876524,ha,62.27167137027331,%,12.940617085611501,t/ha,360.2749891749247,t,34.299470863429185,t/ha,954.9190283798326,t,24040.72100002711,s,5.843011565945962,km/h,4.169021546210702,ha/h,525.904972663277,l,18.889834374126373,l/ha,78.75212651008587,l/h,139.89656602982458,t/h,139.8965660298254,t/h,0.6659961249753865,t/l,7.5222342220912335,%,29.41626280059393,%,37.72832862972551,%,45.48111583754689,%,23.918186584020248,%,15.521485278972836,mm,,,0.06845559124701348,l/t,,,65.3695466807639,l,4.895105331350707,%,4.313755851048642,%,2026-01-14 07:40:47.333000,2026-01-14 16:57:06.523000,24.22636516196387,ha,ARROYITO,2026-01-14 00:00:00,2026-01-20 00:00:00,2026-10-06 13:13:42.015724,20261006_1313,2026-01-14 a 2026-01-20
SILAJES CORDES,330434,Buffa Walter,Adaro,4,Picadora 3,1Z08500YCSF627259,Marcelo,,Cosecha de forraje: Maíz para ensilado - 14 ene 2026,Maíz para ensilado,8.97480025117527,ha,65.89297976582924,%,11.866197833209505,t/ha,106.4967552939841,t,34.791071608539916,t/ha,312.2429182109808,t,6637.743999999232,s,7.0998037077025025,km/h,4.867509338147844,ha/h,166.41938965288318,l,18.542963073867853,l/ha,90.2580459189823,l/h,164.7880169818836,t/h,164.78801698188272,t/h,0.6170897134562046,t/l,7.7949956849525375,%,26.329524830583193,%,34.10702023417043,%,44.954003440481344,%,24.085710361374385,%,16.868922238185974,mm,,,0.06937089186010714,l/t,,,21.66056971329829,l,5.438236969736031,%,4.438787461424622,%,2026-01-14 16:59:35.898000,2026-01-14 19:38:51.343000,4.083038076896047,ha,ARROYITO,2026-01-14 00:00:00,2026-01-20 00:00:00,2026-10-06 13:13:42.015724,20261006_1313,2026-01-14 a 2026-01-20
SILAJES CORDES,330434,Buffa Walter,Adaro,5a,Picadora 3,1Z08500YCSF627259,Marcelo,,Cosecha de forraje: Maíz para ensilado - 14 ene 2026,Maíz para ensilado,8.001083278008336,ha,64.4598074828972,%,14.005873486345767,t/ha,112.06216014550142,t,39.40854704038514,t/ha,315.3110667354305,t,6158.471000000001,s,6.680464358967379,km/h,4.676984969293497,ha/h,160.29179251209973,l,20.034334076562846,l/ha,93.70027934588938,l/h,176.21693684388205,t/h,176.21693684388188,t/h,0.6626842749257836,t/l,7.834048444885392,%,29.308776660501707,%,35.54019251710228,%,43.78928242505746,%,23.231653156360945,%,16.992599999999037,mm,,,0.06412128795759377,l/t,,,20.21012383024027,l,5.358297804284606,%,4.384280732012173,%,2026-01-14 19:48:09.273000,2026-01-15 10:19:34.955000,6.422955497986135,ha,ARROYITO,2026-01-14 00:00:00,2026-01-20 00:00:00,2026-10-06 13:13:42.015724,20261006_1313,2026-01-14 a 2026-01-20
SILAJES CORDES,330434,Buffa Walter,La Laura,5,Picadora 3,1Z08500YCSF627259,Marcelo,,Cosecha de forraje: Maíz para ensilado - 14 ene 2026,Maíz para ensilado,0.003354054526510727,ha,63.10235803466725,%,79.88226987648005,t/ha,0.2679294888671594,t,216.49695108303536,t/ha,0.7261425787558262,t,8.999,s,8.171171692604055,km/h,1.3417708962594304,ha/h,0.14877522916666666,l,44.356830812002265,l/ha,59.5167046338482,l/h,102.35484544767671,t/h,102.35484544767674,t/h,0.637015257395379,t/l,7.838904508310954,%,30.577956397607963,%,36.89764196533276,%,44.43814231931032,%,25.39084898210967,%,16.992599999999996,mm,,,0.05032120233913001,l/t,,,0.03654036763262958,l,5.3509526265446326,%,5.109337822524532,%,2026-01-14 19:53:27.837000,2026-01-15 09:04:04.689000,0.00220051513079069,ha,ARROYITO,2026-01-14 00:00:00,2026-01-20 00:00:00,2026-10-06 13:13:42.015724,20261006_1313,2026-01-14 a 2026-01-20
SILAJES CORDES,330434,Buffa Walter,Los Tumbos,Maiz1,Picadora 3,1Z08500YCSF627259,Marcelo,,Cosecha de forraje: Maíz para ensilado - 14 ene 2026,Maíz para ensilado,3.8419243020257916,ha,66.03936428543432,%,14.650536148183761,t/ha,56.28625086541452,t,43.139758252228674,t/ha,165.73968561275504,t,3186.3340000002036,s,6.541957536209008,km/h,4.340323610786544,ha/h,85.40266424808837,l,22.226533050646232,l/ha,96.49007018507726,l/h,184.02453679178947,t/h,184.02453679179055,t/h,0.643784547447676,t/l,7.764593720345957,%,30.05503129295536,%,33.96063571456592,%,43.89243052051101,%,22.534439361213302,%,16.992202325652446,mm,,,0.05977693301492882,l/t,,,9.899758683338108,l,6.3222922868314715,%,4.396989962250059,%,2026-01-14 06:32:05.098000,2026-01-14 07:37:22.157000,0.4156952323234048,ha,ARROYITO,2026-01-14 00:00:00,2026-01-20 00:00:00,2026-10-06 13:13:42.015724,20261006_1313,2026-01-14 a 2026-01-20
LyS AGRO SA,5669981,Busto gabriel 14/01/26,Alfa bustos,Laguna,1Z08500YCMF622008,1Z08500YCMF622008,Operador desconocido,,Cosecha de forraje: Alfalfa - 14 ene 2026,Alfalfa,11.172522033910656,ha,64.78833141350395,%,2.539991171346025,t/ha,28.378107327802,t,7.213492780402348,t/ha,80.59290703050068,t,7769.052999996735,s,9.32998737957788,km/h,5.177089063763055,ha/h,122.2640562127567,l,10.943281726512943,l/ha,56.65434414800791,l/h,36.839752522701936,t/h,36.83975252270228,t/h,0.22758913860622682,t/l,,,,,35.21166858649507,%,,,,,11.988799999996825,mm,0,l/t,,,0,l,,,,,,,2026-01-14 19:07:37.651000,2026-01-14 22:11:14.796000,9.741423441381233,ha,ARROYITO,2026-01-14 00:00:00,2026-01-20 00:00:00,2026-10-06 13:13:42.015724,20261006_1313,2026-01-14 a 2026-01-20
LyS AGRO SA,5669981,Busto gabriel 14/01/26,Alfa bustos,Lote alfa entrada,1Z08500YCMF622008,1Z08500YCMF622008,Operador desconocido,,Cosecha de forraje: Alfalfa - 14 ene 2026,Alfalfa,15.306260686904334,ha,64.68852035143658,%,2.906490917955647,t/ha,44.48750767434901,t,8.231008575347996,t/ha,125.98596297042147,t,10510.728999997364,s,9.502481558861358,km/h,5.2425039664587,ha/h,169.60692330071552,l,11.08088557813653,l/ha,58.09158659525203,l/h,42.04575700046822,t/h,42.04575700046902,t/h,0.253324376431586,t/l,,,,,35.31147964856517,%,,,,,11.988799999994857,mm,0,l/t,,,0,l,,,,,,,2026-01-14 15:00:26.275000,2026-01-14 18:32:33.724000,13.291767612964604,ha,ARROYITO,2026-01-14 00:00:00,2026-01-20 00:00:00,2026-10-06 13:13:42.015724,20261006_1313,2026-01-14 a 2026-01-20
LyS AGRO SA,5669981,Busto gabriel 14/01/26,Lote 3,Alfa 3,1Z08500YCMF622008,1Z08500YCMF622008,Operador desconocido,,Cosecha de forraje: Alfalfa - 14 ene 2026,Alfalfa,3.445446534558149,ha,63.20700222533991,%,1.980943280100484,t/ha,6.825234159578466,t,5.384022504045043,t/ha,18.55036167854508,t,2592.835000000115,s,8.690610693176183,km/h,4.7838013311330405,ha/h,33.38576469921023,l,9.689822310213756,l/ha,46.354184866044946,l/h,24.795193813816514,t/h,24.795193813816514,t/h,0.187217569673904,t/l,,,,,36.79299777466008,%,,,,,11.988799999999737,mm,0,l/t,,,0,l,,,,,,,2026-01-14 22:35:33.349000,2026-01-14 23:58:56.150000,2.8475974437660825,ha,ARROYITO,2026-01-14 00:00:00,2026-01-20 00:00:00,2026-10-06 13:13:42.015724,20261006_1313,2026-01-14 a 2026-01-20
COOPERATIVA TAMBERA LAS CAÑITAS LTDA,526845,Calleri devoto,1,1,Benjamin Cabrera 3576411960,1Z08500YCLF621052,Operador desconocido,,Cosecha de forraje: Maíz para ensilado - 16 ene 2026,Maíz para ensilado,3.948780840255638,ha,64.96354206330227,%,17.069981210920663,t/ha,67.40561474920725,t,48.72062478964652,t/ha,192.38706969464005,t,4601.408999999484,s,4.46260816349276,km/h,3.089328535872686,ha/h,120.5237533939594,l,30.52250793817733,l/ha,94.29405475981456,l/h,145.3332995592683,t/h,145.33329955926916,t/h,0.5394471048605524,t/l,,,,,35.036457936697516,%,,,,,16.992600000003257,mm,0.31397128552452114,l/t,,,60.28473948460504,l,,,,,,,2026-01-16 09:32:26.944000,2026-01-16 11:52:24.444000,3.068289889749808,ha,ARROYITO,2026-01-14 00:00:00,2026-01-20 00:00:00,2026-10-06 13:13:42.015724,20261006_1313,2026-01-14 a 2026-01-20
COOPERATIVA TAMBERA LAS CAÑITAS LTDA,526845,Calleri devoto,1,2,Benjamin Cabrera 3576411960,1Z08500YCLF621052,Operador desconocido,,Cosecha de forraje: Maíz para ensilado - 16 ene 2026,Maíz para ensilado,9.379060607206341,ha,64.88326577699954,%,14.569278336451973,t/ha,136.64614452084146,t,41.488135667551745,t/ha,389.1197389059669,t,9943.063999995833,s,4.860392661476896,km/h,3.39579612340403,ha/h,256.3757922601659,l,27.334911564936576,l/ha,92.82378672579918,l/h,136.37317905048877,t/h,136.3731790504887,t/h,0.5142066958404371,t/l,,,,,35.116734223000826,%,,,,,16.597973095890836,mm,0.32746549915161116,l/t,,,127.423289530587,l,,,,,,,2026-01-16 11:54:06.239000,2026-01-16 16:23:18.454000,7.883595217367346,ha,ARROYITO,2026-01-14 00:00:00,2026-01-20 00:00:00,2026-10-06 13:13:42.015724,20261006_1313,2026-01-14 a 2026-01-20
COOPERATIVA TAMBERA LAS CAÑITAS LTDA,526845,Calleri devoto,1,O,Benjamin Cabrera 3576411960,1Z08500YCLF621052,Operador desconocido,,Cosecha de forraje: Maíz para ensilado - 14 ene 2026,Maíz para ensilado,48.92986428654284,ha,64.95320926581418,%,13.220543520226379,t/ha,646.87940023901,t,37.722551033270285,t/ha,1845.759302600101,t,46465.44599999538,s,5.262463377843742,km/h,3.7909097668744045,ha/h,1180.6080076455498,l,24.128430078364335,l/ha,91.46988124303013,l/h,140.6157285214581,t/h,140.61572852145702,t/h,0.5380423067717403,t/l,,,,,35.04679073418506,%,,,,,16.99259999998655,mm,0.24543516390426087,l/t,,,440.08206034025386,l,,,,,,,2026-01-14 11:38:33.324000,2026-01-15 22:37:54.826000,48.38411089851002,ha,ARROYITO,2026-01-14 00:00:00,2026-01-20 00:00:00,2026-10-06 13:13:42.015724,20261006_1313,2026-01-14 a 2026-01-20
PICADO EL ARBOLITO,458447,cassavella,playosa,alfa 1,Picadora 8400 Rasino,1Z08400YCJF517676,Ricardo,pwue 510,Cosecha de forraje: Maíz para ensilado - 16 ene 2026,Maíz para ensilado,0.27173817475891116,ha,0.0,%,46.70856426875213,t/ha,12.692499999999997,t,46.70856426875213,t/ha,12.692499999999997,t,231.00300000000064,s,7.058042746429546,km/h,4.23482564785772,ha/h,4.587580597222223,l,16.882355971119527,l/ha,71.49383406276093,l/h,197.8026259399223,t/h,197.80262593992222,t/h,2.7667088852205253,t/l,,,,,100.00000000000001,%,,,,,17.46153846153846,mm,0,l/t,0,l/t,0,l,0,l,,,,,2026-01-16 16:09:23.187000,2026-01-17 16:14:54.994000,,,ARROYITO,2026-01-14 00:00:00,2026-01-20 00:00:00,2026-10-06 13:13:42.015724,20261006_1313,2026-01-14 a 2026-01-20
COOPERATIVA AGROPECUARIA LTDA. DE BALNEARIA,2839981,Chacra la Agustina S.A (Porchietto),,lote 2,8500,1Z08500YTJ0619027,Emiliano,2,Cosecha de forraje: Maíz para ensilado - 14 ene 2026,Maíz para ensilado,29.36777200763583,ha,15.661628634672413,%,26.133831409385582,t/ha,767.492402516828,t,30.98688175537795,t/ha,910.01567861951,t,33830.36600000246,s,4.282748280063169,km/h,3.1248803271106307,ha/h,785.6431563611072,l,26.753939849685295,l/ha,83.60286030898395,l/h,96.83774757358516,t/h,96.83774757358516,t/h,0.9768969490826492,t/l,,,,,84.33837136532759,%,,,,,20.0,mm,0,l/t,0,l/t,0,l,0,l,,,,,2026-01-14 07:41:09.794000,2026-01-19 14:53:49.118000,,,ARROYITO,2026-01-14 00:00:00,2026-01-20 00:00:00,2026-10-06 13:13:42.015724,20261006_1313,2026-01-14 a 2026-01-20
COOPERATIVA AGROPECUARIA LTDA. DE BALNEARIA,2839981,Chacra la Agustina S.A (Porchietto),Tambo Porchietto,Lote 1 diego,8500,1Z08500YTJ0619027,Emiliano,2,Cosecha de forraje: Maíz para ensilado - 14 ene 2026,Maíz para ensilado,0.2418741301202774,ha,65.00000000000006,%,18.394867119352025,t/ha,4.449242483171364,t,52.5567631981486,t/ha,12.712121380489602,t,312.00000000000017,s,3.718153491827161,km/h,2.7886151188703656,ha/h,6.39906509722223,l,26.477431756993393,l/ha,73.83536650641025,l/h,146.6783236210339,t/h,146.6783236210338,t/h,0.6952957057903243,t/l,,,,,35.000000000000036,%,,,,,20.0,mm,0,l/t,0,l/t,0,l,0,l,,,,,2026-01-14 07:36:06.800000,2026-01-14 07:47:02.788000,,,ARROYITO,2026-01-14 00:00:00,2026-01-20 00:00:00,2026-10-06 13:13:42.015724,20261006_1313,2026-01-14 a 2026-01-20
COOPERATIVA TAMBERA LAS CAÑITAS LTDA,526845,Cicare,,Lote sorgo 2,8500,1Z08500YHRF625480,Santiago,,Cosecha de forraje: Maíz para ensilado - 18 ene 2026,Maíz para ensilado,15.541749383361076,ha,64.92998405556555,%,8.71118652651507,t/ha,135.38707782680888,t,24.839414217312417,t/ha,386.04795059496564,t,12423.095999996858,s,8.252809788201679,km/h,4.503732224247017,ha/h,294.89648060659624,l,18.974471491755708,l/ha,85.45593869547673,l/h,108.1819107058858,t/h,108.18191070588739,t/h,0.4430782614417071,t/l,5.6930927445450195,%,38.21784417173073,%,35.070015944433166,%,36.682300359181255,%,22.398616947134016,%,16.180196346295748,mm,,,,,,,,,7.581128504125643,%,3.4569223783072944,%,2026-01-18 10:28:57.230000,2026-01-18 17:00:19.920000,11.788275489891452,ha,ARROYITO,2026-01-14 00:00:00,2026-01-20 00:00:00,2026-10-06 13:13:42.015724,20261006_1313,2026-01-14 a 2026-01-20
SILAJES SACANTA,425003,clara,el arañad0,2,silaje sacanta sa,1Z08600YVSF627342,Operador desconocido,12,Cosecha de forraje: Alfalfa - 16 ene 2026,Alfalfa,0.001187538791222056,ha,0.0,%,6.956399161086186,t/ha,0.008260993851014415,t,6.956399161086186,t/ha,0.008260993851014415,t,1.2000000000000006,s,3.8752125000000026,km/h,3.562616373666169,ha/h,0.010513888888888889,l,8.853511958181508,l/ha,31.541666666666668,l/h,23.12849283286435,t/h,23.128492832864353,t/h,0.7332679365769416,t/l,,,,,99.99999999999986,%,,,,,19.98979999999999,mm,,,,,,,,,,,,,2026-01-16 14:51:02.589000,2026-01-16 14:51:03.789000,,,ARROYITO,2026-01-14 00:00:00,2026-01-20 00:00:00,2026-10-06 13:13:42.015724,20261006_1313,2026-01-14 a 2026-01-20
SILAJES SACANTA,425003,clara,tambo,2,silaje sacanta sa,1Z08600YVSF627342,Operador desconocido,12,Cosecha de forraje: Alfalfa - 17 ene 2026,Alfalfa,14.526210504834125,ha,70.08820078948283,%,4.887478448979137,t/ha,70.99654078771113,t,16.339633783248555,t/ha,237.35295990736768,t,7789.416999996549,s,7.763875223575559,km/h,6.713513709360565,ha/h,137.47231119231233,l,9.463742188409222,l/ha,63.53496292373868,l/h,106.55350320924967,t/h,106.5535032092498,t/h,0.49559636912581134,t/l,,,,,29.911799210517618,%,,,,,19.87404058167962,mm,,,,,,,,,,,,,2026-01-17 10:17:58.721000,2026-01-17 13:31:33.140000,,,ARROYITO,2026-01-14 00:00:00,2026-01-20 00:00:00,2026-10-06 13:13:42.015724,20261006_1313,2026-01-14 a 2026-01-20
SILAJES SACANTA,425003,Clara1,Casa,11,silaje sacanta sa,1Z08600YVSF627342,Operador desconocido,12,Cosecha de forraje: Alfalfa - 16 ene 2026,Alfalfa,27.466314471092343,ha,0.0,%,13.560125231722202,t/ha,372.4466638818759,t,13.560125231722202,t/ha,372.4466638818759,t,14008.93499999986,s,8.426694598385652,km/h,7.058261894707269,ha/h,266.5169735938724,l,9.703117514260748,l/ha,68.48922526501516,l/h,93.46669451216626,t/h,93.46669451216472,t/h,1.3646919519165386,t/l,,,,,100.00000000000054,%,,,,,19.15660583655149,mm,,,,,,,,,,,,,2026-01-16 14:41:48.854000,2026-01-16 20:37:09.494000,,,ARROYITO,2026-01-14 00:00:00,2026-01-20 00:00:00,2026-10-06 13:13:42.015724,20261006_1313,2026-01-14 a 2026-01-20
LyS AGRO SA,5669981,Clavel 19/01/26,Tambo maiz,Lote chico maiz,1Z08500YCMF622008,1Z08500YCMF622008,Operador desconocido,,Cosecha de forraje: Maíz para ensilado - 19 ene 2026,Maíz para ensilado,2.1300692501177996,ha,64.65018084449812,%,5.50737956343757,t/ha,11.73109985680556,t,15.579654139702749,t/ha,33.18574221045131,t,1925.784000000052,s,7.477144751154387,km/h,3.9818844171639984,ha/h,34.635066550925956,l,16.260065980958334,l/ha,64.74570335163762,l/h,60.34507765301854,t/h,60.345077653018684,t/h,0.32621125549981866,t/l,,,,,35.34981915550174,%,,,,,11.988800000000035,mm,,,,,,,,,,,,,2026-01-19 22:59:52.143000,2026-01-19 23:46:50.830000,1.138974802665143,ha,ARROYITO,2026-01-14 00:00:00,2026-01-20 00:00:00,2026-10-06 13:13:42.015724,20261006_1313,2026-01-14 a 2026-01-20
LyS AGRO SA,5669981,Clavel 19/01/26,Tambo maiz,Maiz,1Z08500YCMF622008,1Z08500YCMF622008,Operador desconocido,,Cosecha de forraje: Maíz para ensilado - 19 ene 2026,Maíz para ensilado,17.19168737601311,ha,64.88626990067822,%,6.9611375036458325,t/ha,119.67369974411947,t,19.82454579435393,t/ha,340.8173936679883,t,16197.329999997073,s,6.930284918142261,km/h,3.820965026313176,ha/h,313.33769430508585,l,18.226305737128254,l/ha,69.64207678046424,l/h,73.24826169158182,t/h,73.24826169158182,t/h,0.3681235939139227,t/l,,,,,35.113730099321636,%,,,,,11.98879999999938,mm,,,,,,,,,,,,,2026-01-19 16:00:52.436000,2026-01-19 22:56:55.754000,14.359031048391477,ha,ARROYITO,2026-01-14 00:00:00,2026-01-20 00:00:00,2026-10-06 13:13:42.015724,20261006_1313,2026-01-14 a 2026-01-20
SILAJES CORDES,330434,Clemente,el 25,Maiz,Picadora 3,1Z08500YCSF627259,Marcelo,,Cosecha de forraje: Maíz para ensilado - 19 ene 2026,Maíz para ensilado,17.04096675500899,ha,63.36325930978799,%,8.401833166277944,t/ha,143.17535966767437,t,22.93280736220761,t/ha,390.7972078584053,t,10664.775999997077,s,8.119569432398537,km/h,5.7522970213390145,ha/h,235.76606959003792,l,13.83536953327354,l/ha,79.5851549553753,l/h,129.8985886448877,t/h,129.89858864488795,t/h,0.5941953160877627,t/l,7.845861994267736,%,27.513718206516874,%,36.63674069021246,%,46.17507524702829,%,25.661661211785358,%,17.584500694610163,mm,,,0.07344646733945047,l/t,,,28.68144859870258,l,5.072845396727685,%,4.39955812065094,%,2026-01-19 11:46:41.542000,2026-01-19 15:39:13.707000,10.423327914598318,ha,ARROYITO,2026-01-14 00:00:00,2026-01-20 00:00:00,2026-10-06 13:13:42.015724,20261006_1313,2026-01-14 a 2026-01-20
SILAJES CORDES,330434,Cordero~3,Fabrica,Alfa,Picadora 3,1Z08500YCSF627259,Marcelo,1~2,Cosecha de forraje: Maíz para ensilado - 18 ene 2026,Maíz para ensilado,0.4201072956005902,ha,62.40840588835551,%,5.329089909264625,t/ha,2.238789549793556,t,14.176280722327412,t/ha,5.9555589559317506,t,181.97399999999823,s,9.041646818334677,km/h,8.311001924242715,ha/h,3.601669405092593,l,8.57321318341688,l/ha,71.25199126432051,l/h,116.4712279501885,t/h,116.47122795018831,t/h,0.6132899951598951,t/l,10.996399503247012,%,22.75261027663559,%,37.59159411164446,%,42.49382908987398,%,27.65749072458045,%,21.99640000000038,mm,,,,,,,,,3.059664554782798,%,4.955360735699136,%,2026-01-18 14:32:09.794000,2026-01-18 14:49:58.058000,,,ARROYITO,2026-01-14 00:00:00,2026-01-20 00:00:00,2026-10-06 13:13:42.015724,20261006_1313,2026-01-14 a 2026-01-20
SILAJES CORDES,330434,Cordero~3,Fabrica,Alfa,Picadora 3,1Z08500YCSF627259,Marcelo,,Cosecha de forraje: Alfalfa - 18 ene 2026,Alfalfa,0.03255784918767044,ha,56.09503706572264,%,6.819588601618923,t/ha,0.22203113721346524,t,15.532614414974832,t/ha,0.5057085176129865,t,14.242,s,8.621097681130927,km/h,8.119508852381234,ha/h,0.2588771111111112,l,8.059264573269205,l/ha,65.43727004634182,l/h,110.75840475156633,t/h,110.75840475156637,t/h,0.7533171744688516,t/l,11.460389378719098,%,23.292337930927943,%,43.9049629342774,%,25.113061589855565,%,17.891470019515385,%,21.898638222222242,mm,,,,,,,,,7.065335352708243,%,6.020456354645676,%,2026-01-18 14:49:58.112000,2026-01-18 14:50:12.653000,,,ARROYITO,2026-01-14 00:00:00,2026-01-20 00:00:00,2026-10-06 13:13:42.015724,20261006_1313,2026-01-14 a 2026-01-20
SILAJES CORDES,330434,Cordero~3,Fabrica,Alfa,Picadora 3,1Z08500YCSF627259,Marcelo,1~3,Cosecha de forraje: Alfalfa - 18 ene 2026,Alfalfa,1.059772363740253,ha,68.24437335964323,%,3.6675132630514,t/ha,3.88672919983271,t,11.54917616517924,t/ha,12.239497723824593,t,403.25899999999547,s,10.210500136169562,km/h,9.460868844749605,ha/h,7.300526194444435,l,6.880432269598788,l/ha,65.17373276231969,l/h,108.62682034789836,t/h,108.62682034789823,t/h,0.5253785333503672,t/l,22.000185217696405,%,,,31.75562664035688,%,39.31717611997401,%,29.298557192527,%,21.996400000000598,mm,,,,,,,,,9.689067673495442,%,12.277500892293935,%,2026-01-18 14:50:12.653000,2026-01-18 14:57:51.908000,,,ARROYITO,2026-01-14 00:00:00,2026-01-20 00:00:00,2026-10-06 13:13:42.015724,20261006_1313,2026-01-14 a 2026-01-20
SILAJES CORDES,330434,Cordero~3,La Laura,Lote 12a,Picadora 3,1Z08500YCSF627259,Marcelo,1~2,Cosecha de forraje: Maíz para ensilado - 17 ene 2026,Maíz para ensilado,27.21290535674363,ha,63.676525811635656,%,9.513569021960484,t/ha,258.89185339945874,t,26.191241984799937,t/ha,712.739789307931,t,17382.073000002118,s,7.905406919131153,km/h,5.635965962418031,ha/h,415.04127676272924,l,15.251896872030818,l/ha,85.95917163307494,l/h,143.74662665119996,t/h,143.74662665120013,t/h,0.6018210151098222,t/l,8.109256796941382,%,27.218912909454822,%,36.32347418836333,%,45.12865608470542,%,24.733473213922984,%,16.66591813616103,mm,,,0.0770162147948604,l/t,,,52.3305767931935,l,4.589890768355269,%,4.2521349665535455,%,2026-01-17 11:40:02.768000,2026-01-17 19:42:44.767000,20.22022074322661,ha,ARROYITO,2026-01-14 00:00:00,2026-01-20 00:00:00,2026-10-06 13:13:42.015724,20261006_1313,2026-01-14 a 2026-01-20
PICADO EL ARBOLITO,458447,cosabela ruben,la ruta,1,Picadora 8400 Rasino,1Z08400YCJF517676,Ricardo,pwue 510,Cosecha de forraje: Maíz para ensilado - 16 ene 2026,Maíz para ensilado,15.17289685560608,ha,0.0,%,32.10467707792481,t/ha,487.1209538858939,t,32.10467707792481,t/ha,487.1209538858939,t,19023.535000001422,s,4.895862743260221,km/h,2.8705423359683744,ha/h,388.0657161944406,l,25.583066464308704,l/ha,73.43727536968743,l/h,92.18241688461602,t/h,92.18241688461609,t/h,1.2552537716107353,t/l,,,,,99.9999999999998,%,,,,,10.31734247096897,mm,0,l/t,0,l/t,0,l,0,l,,,,,2026-01-16 16:06:03.200000,2026-01-17 14:17:49.944000,,,ARROYITO,2026-01-14 00:00:00,2026-01-20 00:00:00,2026-10-06 13:13:42.015724,20261006_1313,2026-01-14 a 2026-01-20
PICADO EL ARBOLITO,458447,cosabela ruben,ruben,5,Picadora 8400 Rasino,1Z08400YCJF517676,Ricardo,pwue 510,Cosecha de forraje: Maíz para ensilado - 19 ene 2026,Maíz para ensilado,24.672248522312163,ha,0.0,%,87.75913797635302,t/ha,2165.215262256465,t,87.75913797635302,t/ha,2165.215262256465,t,46925.170000004066,s,3.3533107218395477,km/h,1.8925561979203949,ha/h,929.1216135694476,l,37.66347822325609,l/ha,71.28024914666736,l/h,166.11032297000966,t/h,166.1103229700094,t/h,2.330331259870874,t/l,,,,,100.00000000000018,%,,,,,18.0,mm,0,l/t,0,l/t,0,l,0,l,,,,,2026-01-19 13:50:13.787000,2026-01-20 23:46:25.541000,,,ARROYITO,2026-01-14 00:00:00,2026-01-20 00:00:00,2026-10-06 13:13:42.015724,20261006_1313,2026-01-14 a 2026-01-20
PICADO EL ARBOLITO,458447,cosabella ruben,ruta,1,Picadora 8400 Rasino,1Z08400YCJF517676,Ricardo,pwue 510,Cosecha de forraje: Maíz para ensilado - 16 ene 2026,Maíz para ensilado,0.8354382106590271,ha,0.0,%,54.57473080382264,t/ha,45.59381544994367,t,54.57473080382264,t/ha,45.59381544994367,t,4387.929000000012,s,1.6127168781483117,km/h,0.685420743674862,ha/h,71.53190401388846,l,85.62201620807026,l/ha,58.68710602427645,l/h,37.40665257341149,t/h,37.406652573411556,t/h,0.6373913301831209,t/l,,,,,100.00000000000004,%,,,,,16.064251968503935,mm,0,l/t,0,l/t,0,l,0,l,,,,,2026-01-16 16:27:08.169000,2026-01-17 12:50:57.202000,,,ARROYITO,2026-01-14 00:00:00,2026-01-20 00:00:00,2026-10-06 13:13:42.015724,20261006_1313,2026-01-14 a 2026-01-20
PICADO EL ARBOLITO,458447,cosavella,ruta,6,Picadora 8400 Rasino,1Z08400YCJF517676,Ricardo,pwue 510,Cosecha de forraje: Maíz para ensilado - 18 ene 2026,Maíz para ensilado,30.817855117126467,ha,0.0,%,25.335241438204392,t/ha,780.7778000000017,t,25.335241438204392,t/ha,780.7778000000017,t,34205.48200000397,s,5.799285839825119,km/h,3.2432422714633273,ha/h,587.5413083333317,l,19.066272700421784,l/ha,61.83654158125149,l/h,82.1694499144807,t/h,82.16944991448088,t/h,1.328817036226269,t/l,,,,,99.99999999999986,%,,,,,9.0,mm,0,l/t,0,l/t,0,l,0,l,,,,,2026-01-18 08:17:52.400000,2026-01-18 19:57:36.059000,,,ARROYITO,2026-01-14 00:00:00,2026-01-20 00:00:00,2026-10-06 13:13:42.015724,20261006_1313,2026-01-14 a 2026-01-20
PICADO EL ARBOLITO,458447,cossabella,ruta,1,Picadora 8400 Rasino,1Z08400YCJF517676,Ricardo,pwue 510,Cosecha de forraje: Maíz para ensilado - 16 ene 2026,Maíz para ensilado,18.009177415912628,ha,0.0,%,32.68781338918982,t/ha,588.6806306641637,t,32.68781338918982,t/ha,588.6806306641637,t,20142.593000001783,s,5.476860070704385,km/h,3.218703704000842,ha/h,412.5800274027742,l,22.909432111997944,l/ha,73.73867399544122,l/h,105.2123860314707,t/h,105.21238603147053,t/h,1.4268277462919334,t/l,,,,,99.99999999999991,%,,,,,10.439838354151359,mm,0,l/t,0,l/t,0,l,0,l,,,,,2026-01-16 16:09:18.189000,2026-01-17 14:27:09.930000,,,ARROYITO,2026-01-14 00:00:00,2026-01-20 00:00:00,2026-10-06 13:13:42.015724,20261006_1313,2026-01-14 a 2026-01-20
PICADO EL ARBOLITO,458447,cossavella,playosa,maiz,Picadora 8400 Rasino,1Z08400YCJF517676,Ricardo,pwue 510,Cosecha de forraje: Maíz para ensilado - 17 ene 2026,Maíz para ensilado,12.83266746684265,ha,0.0,%,30.991654776966666,t/ha,397.70559999999875,t,30.991654776966666,t/ha,397.70559999999875,t,22587.560000001635,s,3.4463307388296136,km/h,2.045118084612169,ha/h,422.2742401805559,l,32.90859808223805,l/ha,67.30196907722184,l/h,63.38622498401321,t/h,63.38622498401302,t/h,0.9418182833742109,t/l,,,,,100.00000000000037,%,,,,,9.988412151581585,mm,0,l/t,0,l/t,0,l,0,l,,,,,2026-01-17 16:02:43,2026-01-17 22:21:12.565000,,,ARROYITO,2026-01-14 00:00:00,2026-01-20 00:00:00,2026-10-06 13:13:42.015724,20261006_1313,2026-01-14 a 2026-01-20
SILAJES SACANTA,425003,daniel panero,la salada,lote 8,silaje sacanta sa,1Z08600YVSF627342,Operador desconocido,12,Cosecha de forraje: Maíz para ensilado - 14 ene 2026,Maíz para ensilado,15.41307499770908,ha,74.93840848845562,%,11.308545269602448,t/ha,174.29945635537075,t,45.12301329464069,t/ha,695.4843880329208,t,12078.55799999849,s,6.63087618103258,km/h,4.593848867700899,ha/h,312.85600744675094,l,20.296919789463885,l/ha,93.24636490617837,l/h,185.53031743085344,t/h,185.53031743085288,t/h,0.48066673842666097,t/l,,,,,25.061591511543746,%,,,,,18.999199999998382,mm,,,,,,,,,,,,,2026-01-14 14:56:00.663000,2026-01-14 20:41:41.198000,5.083293707926972,ha,ARROYITO,2026-01-14 00:00:00,2026-01-20 00:00:00,2026-10-06 13:13:42.015724,20261006_1313,2026-01-14 a 2026-01-20
SILAJES CORDES,330434,Destefanis,Tambo,7.,Picadora 1,1Z08500YAMF622083,Diego garcia,,Cosecha de forraje: Maíz para ensilado - 14 ene 2026,Maíz para ensilado,24.030084239139256,ha,64.50671557868714,%,6.355416798269603,t/ha,152.72120103725928,t,17.905969824684867,t/ha,430.2819632706629,t,15030.619000004888,s,7.854437413683238,km/h,5.755421445841559,ha/h,359.5547282049009,l,14.962821942943183,l/ha,86.11734630072301,l/h,100.98938560267197,t/h,100.98938560266855,t/h,0.41419896430605363,t/l,5.832167476400287,%,33.19928388727857,%,35.49328442131111,%,41.13050559206718,%,23.958551267626998,%,13.995400000004407,mm,,,0.05801122892631264,l/t,,,24.96118547415748,l,6.403214655521156,%,5.032899336663787,%,2026-01-14 07:13:55.776000,2026-01-14 13:27:46.269000,21.926510985762377,ha,ARROYITO,2026-01-14 00:00:00,2026-01-20 00:00:00,2026-10-06 13:13:42.015724,20261006_1313,2026-01-14 a 2026-01-20
SILAJES CORDES,330434,Destefanis,Tambo,C,Picadora 1,1Z08500YAMF622083,Diego garcia,,Cosecha de forraje: Maíz para ensilado - 14 ene 2026,Maíz para ensilado,0.0009389063069645368,ha,69.54194589154707,%,28.634567961886862,t/ha,0.026885176456620235,t,94.01312329384798,t/ha,0.08826951439802848,t,2.4000000000000004,s,2.1963745453745456,km/h,1.4083594604468055,ha/h,0.03891165178571429,l,41.44359399556575,l/ha,58.36747767857142,l/h,132.4042715970428,t/h,132.40427159704274,t/h,0.690928686468423,t/l,6.378933056969107,%,27.049919079915984,%,30.458054108453,%,47.888483354578675,%,26.602484353756278,%,13.99540000000001,mm,,,0.09635164611596224,l/t,,,0.008504913014106667,l,6.3424697862044495,%,5.774232023537015,%,2026-01-14 13:48:10.251000,2026-01-14 13:48:12.651000,,,ARROYITO,2026-01-14 00:00:00,2026-01-20 00:00:00,2026-10-06 13:13:42.015724,20261006_1313,2026-01-14 a 2026-01-20
SILAJES CORDES,330434,Destefanis,Tambo,E,Picadora 1,1Z08500YAMF622083,Diego garcia,,Cosecha de forraje: Maíz para ensilado - 14 ene 2026,Maíz para ensilado,2.6173801384646844,ha,68.21261987938433,%,5.9416610953288,t/ha,15.551585740401924,t,18.6918867575231,t/ha,48.92377314957202,t,1730.537000000109,s,7.913076726222171,km/h,5.444881270075284,ha/h,33.76662567245368,l,12.90092530932888,l/ha,70.24400658340473,l/h,84.9402967590968,t/h,84.94029675909705,t/h,0.38898789225957164,t/l,6.100455403804199,%,26.27629033765767,%,31.787380120615104,%,47.326080260860806,%,26.930313766386057,%,13.995400000000107,mm,,,0.08743993179863326,l/t,,,4.277891387530393,l,6.692037261829715,%,5.74596431319828,%,2026-01-14 13:44:57.861000,2026-01-14 14:27:09.974000,,,ARROYITO,2026-01-14 00:00:00,2026-01-20 00:00:00,2026-10-06 13:13:42.015724,20261006_1313,2026-01-14 a 2026-01-20
COOPERATIVA TAMBERA LAS CAÑITAS LTDA,526845,Echegaray,,3,Benjamin Cabrera 3576411960,1Z08500YCLF621052,Operador desconocido,,Cosecha de forraje: Maíz para ensilado - 17 ene 2026,Maíz para ensilado,0.3354571651106206,ha,64.73545747171205,%,5.680557148907179,t/ha,1.905583597421272,t,16.108410152635436,t/ha,5.403681604242223,t,243.58299999999952,s,7.060529291744954,km/h,4.957841041444777,ha/h,4.892216141203706,l,14.58372826703655,l/ha,72.3038065395917,l/h,75.68477275913904,t/h,75.68477275913891,t/h,0.3663661947202404,t/l,,,,,35.26454252828798,%,,,,,13.995399999999888,mm,,,,,,,,,,,,,2026-01-17 11:22:05.107000,2026-01-17 12:36:39.207000,,,ARROYITO,2026-01-14 00:00:00,2026-01-20 00:00:00,2026-10-06 13:13:42.015724,20261006_1313,2026-01-14 a 2026-01-20
COOPERATIVA TAMBERA LAS CAÑITAS LTDA,526845,Echegaray,,5,Benjamin Cabrera 3576411960,1Z08500YCLF621052,Operador desconocido,,Cosecha de forraje: Maíz para ensilado - 17 ene 2026,Maíz para ensilado,13.500346761976425,ha,64.91415581216089,%,6.420484615642504,t/ha,86.67876869110874,t,18.299359084162813,t/ha,247.04769315812135,t,9246.502999997867,s,7.581602602072823,km/h,5.256176128761903,ha/h,208.38985780976816,l,15.435889276318036,l/ha,81.1337527403967,l/h,94.12873553370657,t/h,94.12873553370652,t/h,0.40605859243576614,t/l,,,,,35.08584418783938,%,,,,,13.995400000001547,mm,,,,,,,,,,,,,2026-01-17 11:14:46.517000,2026-01-17 16:34:49.729000,0.001745364690295769,ha,ARROYITO,2026-01-14 00:00:00,2026-01-20 00:00:00,2026-10-06 13:13:42.015724,20261006_1313,2026-01-14 a 2026-01-20
COOPERATIVA TAMBERA LAS CAÑITAS LTDA,526845,Echegaray,,Lote 2,Benjamin Cabrera 3576411960,1Z08500YCLF621052,Operador desconocido,,Cosecha de forraje: Maíz para ensilado - 17 ene 2026,Maíz para ensilado,0.8860731070909454,ha,64.97291949144119,%,5.964425285107358,t/ha,5.284916844386874,t,17.028040015067653,t/ha,15.08808832381994,t,634.949999999994,s,7.0247263842408705,km/h,5.023802166355505,ha/h,13.499704225727502,l,15.182235806333447,l/ha,76.53978299491233,l/h,82.97985399265478,t/h,82.97985399265497,t/h,0.37944906244847637,t/l,,,,,35.02708050855882,%,,,,,13.995399999999648,mm,,,,,,,,,,,,,2026-01-17 11:09:17.123000,2026-01-17 16:33:21.534000,0.00014572992909312425,ha,ARROYITO,2026-01-14 00:00:00,2026-01-20 00:00:00,2026-10-06 13:13:42.015724,20261006_1313,2026-01-14 a 2026-01-20
ELORZA MARCELO Y JOSE MARIA SRL,355244,Elorza Agro(1),San Sebastian,4,Elorza Picadora 8400,1Z08400YCHF516657,Angel,Z8+,Cosecha de forraje: Maíz para ensilado - 14 ene 2026,Maíz para ensilado,0.0500288464050293,ha,0.0,%,47.08470928337622,t/ha,2.3555936887634856,t,47.08470928337622,t/ha,2.3555936887634856,t,150.99800000000016,s,5.885717784328031,km/h,1.1927565070935064,ha/h,2.579125472222216,l,51.552767204381134,l/ha,61.48989854170229,l/h,56.16059338235299,t/h,56.16059338235299,t/h,0.9133303959554439,t/l,,,,,99.99999999999997,%,,,,,12.0,mm,1.3742842029049196,l/t,0,l/t,3.2372551949301855,l,0,l,,,,,2026-01-14 10:00:49,2026-01-14 10:02:33.002000,,,,2026-01-14 00:00:00,2026-01-20 00:00:00,2026-10-06 13:13:42.015724,20261006_1313,2026-01-14 a 2026-01-20
ELORZA MARCELO Y JOSE MARIA SRL,355244,Elorza Agro(1),San Sebastian,5,Elorza Picadora 8400,1Z08400YCHF516657,Angel,Z8+,Cosecha de forraje: Maíz para ensilado - 14 ene 2026,Maíz para ensilado,78.89303801499366,ha,0.0,%,19.37088423468742,t/ha,1528.2279063112362,t,19.37088423468742,t/ha,1528.2279063112362,t,107705.30799999974,s,4.483488678548788,km/h,2.6368198792896598,ha/h,2218.0293417777943,l,28.11591466892125,l/ha,74.13660272342416,l/h,51.07956074662971,t/h,51.079560746628886,t/h,0.6889924662071162,t/l,,,,,100.00000000000004,%,,,,,12.0,mm,1.3160057428380487,l/t,0,l/t,2011.156701070998,l,0,l,,,,,2026-01-14 06:39:54.200000,2026-01-16 12:52:03.927000,,,,2026-01-14 00:00:00,2026-01-20 00:00:00,2026-10-06 13:13:42.015724,20261006_1313,2026-01-14 a 2026-01-20
COOPERATIVA TAMBERA LAS CAÑITAS LTDA,526845,Ercole,,Lote 1,8500,1Z08500YHRF625480,Santiago,,Cosecha de forraje: Maíz para ensilado - 19 ene 2026,Maíz para ensilado,19.277387999704445,ha,64.9419993187158,%,8.13401486188218,t/ha,156.80256048786515,t,23.20159365569453,t/ha,447.2661231123045,t,15920.348999997279,s,7.990537650447916,km/h,4.359013018555554,ha/h,353.4529990222048,l,18.335528044353833,l/ha,79.92480544742821,l/h,99.16883084662298,t/h,99.1688308466232,t/h,0.43427215527585394,t/l,6.602043026684494,%,30.291218034949686,%,35.05800068128415,%,43.84523388776789,%,24.173700249009222,%,12.979400000001387,mm,0.364936427218926,l/t,,,130.03459325765107,l,,,7.067842961498442,%,4.997498185192189,%,2026-01-19 09:56:20.500000,2026-01-20 22:00:13.375000,15.91827816786929,ha,ARROYITO,2026-01-14 00:00:00,2026-01-20 00:00:00,2026-10-06 13:13:42.015724,20261006_1313,2026-01-14 a 2026-01-20
LyS AGRO SA,5669981,Eugenio catibelli 16/01/26,Lote1 maiz,Maiz,1Z08500YCMF622008,1Z08500YCMF622008,Operador desconocido,,Cosecha de forraje: Maíz para ensilado - 16 ene 2026,Maíz para ensilado,14.259783715572073,ha,64.88354180230965,%,3.6930521700677614,t/ha,52.66212519549037,t,10.516584984959339,t/ha,149.96422731195298,t,10829.14499999703,s,8.598706705345826,km/h,4.740468557404687,ha/h,186.38078911805493,l,13.070285923377908,l/ha,61.959724505045074,l/h,48.73418045386241,t/h,48.73418045386342,t/h,0.275291139447583,t/l,,,,,35.11645819768968,%,,,,,14.985999999995403,mm,,,,,,,,,,,,,2026-01-16 10:36:30.490000,2026-01-16 14:23:04.318000,12.481822999836503,ha,ARROYITO,2026-01-14 00:00:00,2026-01-20 00:00:00,2026-10-06 13:13:42.015724,20261006_1313,2026-01-14 a 2026-01-20
LyS AGRO SA,5669981,Eugenio catibelli 16/01/26,Lote2,Maiz 2,1Z08500YCMF622008,1Z08500YCMF622008,Operador desconocido,,Cosecha de forraje: Maíz para ensilado - 16 ene 2026,Maíz para ensilado,12.693846479629386,ha,64.9163025846692,%,3.293596259653499,t/ha,41.80840528592308,t,9.387825406948686,t/ha,119.16761449337089,t,9587.072999997356,s,8.648207676351943,km/h,4.7665060381496085,ha/h,156.45341852662082,l,12.324360085365587,l/ha,58.749141338132326,l/h,43.94607600813714,t/h,43.94607600813758,t/h,0.26181023675429965,t/l,,,,,35.08369741533175,%,,,,,14.985999999990481,mm,1.6108916385820844,l/t,,,181.53196101035712,l,,,,,,,2026-01-16 15:23:20.245000,2026-01-16 18:38:11.545000,11.84633947515199,ha,ARROYITO,2026-01-14 00:00:00,2026-01-20 00:00:00,2026-10-06 13:13:42.015724,20261006_1313,2026-01-14 a 2026-01-20
LyS AGRO SA,5669981,Eugenio catibelli 16/01/26,Tambo 2,Maiz,1Z08500YCMF622008,1Z08500YCMF622008,Operador desconocido,,Cosecha de forraje: Maíz para ensilado - 16 ene 2026,Maíz para ensilado,17.30515876982622,ha,64.97182277760396,%,3.8473518137263136,t/ha,66.57903397991274,t,10.983591265109808,t/ha,190.07279070560165,t,13386.212999997908,s,8.410448613621217,km/h,4.653860626555318,ha/h,238.93260349564957,l,13.80723803255454,l/ha,64.25696144118311,l/h,50.46899883159213,t/h,50.468998831592444,t/h,0.2748986132378201,t/l,,,,,35.028177222396074,%,,,,,14.985999999991877,mm,0.5347206413379019,l/t,,,97.35168131513718,l,,,,,,,2026-01-16 19:38:18.606000,2026-01-17 07:12:46.669000,15.585437783589015,ha,ARROYITO,2026-01-14 00:00:00,2026-01-20 00:00:00,2026-10-06 13:13:42.015724,20261006_1313,2026-01-14 a 2026-01-20
LyS AGRO SA,5669981,Eugenio catibelli 16/01/26,Tambo 2,Maiz 2,1Z08500YCMF622008,1Z08500YCMF622008,Operador desconocido,,Cosecha de forraje: Maíz para ensilado - 17 ene 2026,Maíz para ensilado,12.606489629566513,ha,64.89611069695228,%,4.218728091163452,t/ha,53.18335193121299,t,12.01783669821804,t/ha,151.50273370590958,t,9463.247999998433,s,8.743084673819924,km/h,4.795749056396515,ha/h,177.64145770171993,l,14.091270680546188,l/ha,67.5781980696576,l/h,56.76421208287128,t/h,56.764212082871474,t/h,0.2939923643499046,t/l,,,,,35.10388930304711,%,,,,,14.98599999999646,mm,0.29078036537106844,l/t,,,30.59671140721535,l,,,,,,,2026-01-17 07:20:34.256000,2026-01-17 10:52:18.247000,10.633681910344901,ha,ARROYITO,2026-01-14 00:00:00,2026-01-20 00:00:00,2026-10-06 13:13:42.015724,20261006_1313,2026-01-14 a 2026-01-20
COOPERATIVA TAMBERA LAS CAÑITAS LTDA,526845,Fabricio Vidotto,,Lote 1,8500,1Z08500YHRF625480,Santiago,,Cosecha de forraje: Maíz para ensilado - 14 ene 2026,Maíz para ensilado,26.910604897768938,ha,64.96572228541865,%,8.060838508602243,t/ha,216.922040249716,t,23.008433552627576,t/ha,619.1708646513307,t,19028.86199999949,s,9.240402998774574,km/h,5.091117778455274,ha/h,483.2940806425432,l,17.959242554321378,l/ha,91.43261905589411,l/h,115.24445205866814,t/h,115.24445205866556,t/h,0.4411506378907895,t/l,6.886965172525419,%,24.843969261990292,%,35.03427771457969,%,49.071875117630135,%,27.887898313205845,%,17.983200000006317,mm,,,,,,,,,7.064587187219182,%,4.673390821991455,%,2026-01-14 08:36:36.966000,2026-01-17 23:31:55.127000,26.36437703933725,ha,ARROYITO,2026-01-14 00:00:00,2026-01-20 00:00:00,2026-10-06 13:13:42.015724,20261006_1313,2026-01-14 a 2026-01-20
COOP DE PROV DE SERV AGROP SAN MARTIN LTDA,534599,Fym monzoni,Casa,Casa 3,1Z08600YKRF627041,1Z08600YKRF627041,Operador desconocido,12,Cosecha de forraje: Maíz para ensilado - 17 ene 2026,Maíz para ensilado,32.866149842170245,ha,62.919243005371676,%,14.082528752904297,t/ha,462.83850014962354,t,37.97799692963356,t/ha,1248.1905377948183,t,26290.451000032233,s,6.384053771511353,km/h,4.500422584293499,ha/h,784.4134840247846,l,23.86691132948843,l/ha,107.41118676456712,l/h,166.57024090795414,t/h,166.57024090795454,t/h,0.5751774287411895,t/l,,,,,37.08075699462715,%,,,,,19.924337144808526,mm,0.24515413205385828,l/t,,,8.3201408424009,l,,,,,,,2026-01-17 13:42:03.894000,2026-01-18 07:46:57.671000,28.133467417115913,ha,ARROYITO,2026-01-14 00:00:00,2026-01-20 00:00:00,2026-10-06 13:13:42.015724,20261006_1313,2026-01-14 a 2026-01-20
COOP DE PROV DE SERV AGROP SAN MARTIN LTDA,534599,Fym monzoni,Casa,Tapera 4,1Z08600YKRF627041,1Z08600YKRF627041,Operador desconocido,12,Cosecha de forraje: Maíz para ensilado - 18 ene 2026,Maíz para ensilado,23.12983484541105,ha,64.43092887624509,%,13.208433400563072,t/ha,305.5088831216349,t,37.13460313486197,t/ha,858.9172375592408,t,17698.954999997368,s,6.719454798164785,km/h,4.704507429026027,ha/h,531.3696145482215,l,22.973212427128335,l/ha,108.08155692660247,l/h,170.02385294475587,t/h,170.0238529447576,t/h,0.5586736514325722,t/l,,,,,35.56907112375503,%,,,,,19.989799999992403,mm,0.1203045638709462,l/t,,,87.01801149764668,l,,,,,,,2026-01-18 07:59:02.376000,2026-01-18 15:32:14.748000,19.730209000805225,ha,ARROYITO,2026-01-14 00:00:00,2026-01-20 00:00:00,2026-10-06 13:13:42.015724,20261006_1313,2026-01-14 a 2026-01-20
MEDITERRANEA FORRAJES SRL,5937812,Gabrielloni Pablo,Recria,Maiz lote 10 ha,8600,1Z08600YCRF625499,Operador desconocido,VARIEDAD1,Cosecha de forraje: Maíz para ensilado - 14 ene 2026,Maíz para ensilado,8.087885215647116,ha,62.69388522868304,%,10.990999509838838,t/ha,88.89394244081024,t,29.461656828143678,t/ha,238.2824986888122,t,5059.36699999992,s,8.088298004213822,km/h,5.754946572630516,ha/h,137.90170961557556,l,17.050403899005154,l/ha,98.12416348054607,l/h,165.35535717024482,t/h,165.3553571702462,t/h,0.6257031769812502,t/l,,,,,37.306114771316906,%,,,,,16.179604297784095,mm,,,,,,,,,,,,,2026-01-14 08:08:59.251000,2026-01-14 10:03:44.226000,4.566860692973149,ha,ARROYITO,2026-01-14 00:00:00,2026-01-20 00:00:00,2026-10-06 13:13:42.015724,20261006_1313,2026-01-14 a 2026-01-20
MEDITERRANEA FORRAJES SRL,5937812,Gabrielloni Pablo,Recria,Maiz lote N2,8600,1Z08600YCRF625499,Operador desconocido,VARIEDAD1,Cosecha de forraje: Maíz para ensilado - 14 ene 2026,Maíz para ensilado,17.06313406909698,ha,64.64748911923559,%,11.662924087299261,t/ha,199.00603733928787,t,32.990369840024286,t/ha,562.9191035694279,t,11185.289999996738,s,7.5209104681772025,km/h,5.491791687901513,ha/h,307.48577677897606,l,18.020474757674222,l/ha,98.96469348623356,l/h,177.951145196178,t/h,177.95114519617684,t/h,0.6341038424949491,t/l,,,,,35.35251088076522,%,,,,,18.692086845162663,mm,,,,,,,,,,,,,2026-01-14 10:16:15.536000,2026-01-14 15:02:57.184000,13.92358733896529,ha,ARROYITO,2026-01-14 00:00:00,2026-01-20 00:00:00,2026-10-06 13:13:42.015724,20261006_1313,2026-01-14 a 2026-01-20
COOP DE PROV DE SERV AGROP SAN MARTIN LTDA,534599,Galanzino D,Villa T,Lote 1,1Z08600YKRF627041,1Z08600YKRF627041,Operador desconocido,12,Cosecha de forraje: Maíz para ensilado - 14 ene 2026,Maíz para ensilado,40.00144903456859,ha,62.31150816245633,%,12.112196335361345,t/ha,484.5054044056452,t,32.137651959040205,t/ha,1285.55264693025,t,31143.383000024056,s,6.727591247211931,km/h,4.623942637328405,ha/h,911.1634408918337,l,22.7782608601104,l/ha,105.3253715952452,l/h,143.1632917318608,t/h,143.16329173186216,t/h,0.5122240351908249,t/l,,,,,37.68849183754439,%,,,,,14.985999999985252,mm,,,,,,,,,,,,,2026-01-14 06:57:12.627000,2026-01-14 18:15:18.342000,30.132298493479542,ha,ARROYITO,2026-01-14 00:00:00,2026-01-20 00:00:00,2026-10-06 13:13:42.015724,20261006_1313,2026-01-14 a 2026-01-20
COOPERATIVA AGROPECUARIA LTDA. DE BALNEARIA,2839981,"Garprof S.R.L (Gariglio, Cristian y Alexis)",Tambo Gariglio,Lote 1,8600,1Z08600YEMF622022,Operador desconocido,MAIZ,Cosecha de forraje: Maíz para ensilado - 19 ene 2026,Maíz para ensilado,9.555044840709915,ha,60.58334368990472,%,12.83010279225773,t/ha,122.59220749094008,t,32.549952211373835,t/ha,311.01625294264187,t,7956.066999999377,s,6.130815704818079,km/h,4.323513292002187,ha/h,201.92485386019234,l,21.132800235523575,l/ha,91.36794271550876,l/h,137.33692654130283,t/h,137.33692654130357,t/h,0.5904500047084075,t/l,,,,,39.41665631009599,%,,,,,17.983200000002643,mm,,,,,,,,,,,,,2026-01-19 07:22:09.918000,2026-01-19 10:21:09.098000,6.238367780558605,ha,ARROYITO,2026-01-14 00:00:00,2026-01-20 00:00:00,2026-10-06 13:13:42.015724,20261006_1313,2026-01-14 a 2026-01-20
LyS AGRO SA,5669981,German acastello 17/01/26,Alfa 1,Alfa lote 1,1Z08500YCMF622008,1Z08500YCMF622008,Operador desconocido,,Cosecha de forraje: Alfalfa - 18 ene 2026,Alfalfa,12.676924879834155,ha,63.712759552341986,%,2.0731825644170505,t/ha,26.28157963129689,t,5.713254959156923,t/ha,72.42650393657227,t,9475.132999996531,s,8.687093663071453,km/h,4.816393813936158,ha/h,133.6298646803837,l,10.541410473146149,l/ha,50.771584193019706,l/h,26.66567799113098,t/h,26.665677991130877,t/h,0.18383373528551267,t/l,,,,,36.28724044765887,%,,,,,11.988799999994303,mm,1.5882389771022123,l/t,,,114.92895416602228,l,,,,,,,2026-01-18 18:01:53.394000,2026-01-18 21:46:44.241000,11.674987355488325,ha,ARROYITO,2026-01-14 00:00:00,2026-01-20 00:00:00,2026-10-06 13:13:42.015724,20261006_1313,2026-01-14 a 2026-01-20
LyS AGRO SA,5669981,German acastello 17/01/26,Alfa 2,Alfa lote2,1Z08500YCMF622008,1Z08500YCMF622008,Operador desconocido,,Cosecha de forraje: Alfalfa - 18 ene 2026,Alfalfa,10.81779111743911,ha,64.43042657496774,%,2.4700201595463134,t/ha,26.72016214183564,t,6.944193932356886,t/ha,75.1208394392249,t,8128.060999998641,s,8.67506319837872,km/h,4.791135407914361,ha/h,129.59086143415178,l,11.97985269932391,l/ha,57.39709644932816,l/h,32.62818128617169,t/h,32.628181286171625,t/h,0.19896314974724222,t/l,,,,,35.569573425031834,%,,,,,11.988800000003167,mm,1.3213966923182143,l/t,,,99.26442875915964,l,,,,,,,2026-01-18 21:50:51.839000,2026-01-19 09:35:50.164000,9.705094644994546,ha,ARROYITO,2026-01-14 00:00:00,2026-01-20 00:00:00,2026-10-06 13:13:42.015724,20261006_1313,2026-01-14 a 2026-01-20
LyS AGRO SA,5669981,German acastello 17/01/26,Maiz 4 km,Maiz 4km,1Z08500YCMF622008,1Z08500YCMF622008,Operador desconocido,,Cosecha de forraje: Maíz para ensilado - 17 ene 2026,Maíz para ensilado,33.899171735009446,ha,64.79313235938407,%,7.316695858149984,t/ha,248.02992942825864,t,20.78201313686018,t/ha,704.4930323256456,t,27723.54599999824,s,7.961905810657764,km/h,4.401853941412605,ha/h,640.8781094869628,l,18.90538521575097,l/ha,83.22027759916443,l/h,90.21961704413692,t/h,90.21961704413675,t/h,0.3794371621486235,t/l,,,,,35.20686764061663,%,,,,,12.740617495089456,mm,0.8173884437012411,l/t,,,546.8720304775411,l,,,,,,,2026-01-17 13:51:51.199000,2026-01-18 12:09:14.097000,30.449558743002576,ha,ARROYITO,2026-01-14 00:00:00,2026-01-20 00:00:00,2026-10-06 13:13:42.015724,20261006_1313,2026-01-14 a 2026-01-20
LyS AGRO SA,5669981,German acastello 17/01/26,Maiz cruce,Maiz cruce,1Z08500YCMF622008,1Z08500YCMF622008,Operador desconocido,,Cosecha de forraje: Maíz para ensilado - 18 ene 2026,Maíz para ensilado,10.21267900456863,ha,64.8888416134572,%,9.180929764723421,t/ha,93.76188865061008,t,26.14818247706231,t/ha,267.0429941911236,t,9040.49999999699,s,7.403281652988697,km/h,4.066771131736264,ha/h,172.5958237535927,l,16.900151632728715,l/ha,68.7290487819416,l/h,69.71232335504192,t/h,69.71232335504133,t/h,0.3550072874088094,t/l,,,,,35.111158386542584,%,,,,,11.98852951645118,mm,1.0045929676706113,l/t,0.07586883382625631,l/t,180.14900317839562,l,0.571497652422702,l,,,,,2026-01-18 13:47:57.770000,2026-01-19 12:06:58.979000,8.162666166052006,ha,ARROYITO,2026-01-14 00:00:00,2026-01-20 00:00:00,2026-10-06 13:13:42.015724,20261006_1313,2026-01-14 a 2026-01-20
SILAJES SAS,449524,gola,carilobo,tambo,1Z08400YJGF515635,1Z08400YJGF515635,Mayco,2,Cosecha de forraje: Alfalfa - 19 ene 2026,Alfalfa,33.25300855410755,ha,67.49455968682679,%,2.82238725612922,t/ha,93.85286757106908,t,8.68281502707561,t/ha,288.7297223690789,t,23428.541000003326,s,11.18714988337574,km/h,5.1094949986609866,ha/h,364.6445381249965,l,10.966018929178842,l/ha,56.030818873861044,l/h,44.36584422941779,t/h,44.36584422941769,t/h,0.2573817999678847,t/l,20.157330622498275,%,,,32.50544031317231,%,47.0863968768042,%,31.115546542630142,%,18.0,mm,1.2755637975906555,l/t,0,l/t,368.29318114239504,l,0,l,8.27726920148775,%,,,2026-01-19 10:40:38.600000,2026-01-19 18:41:57.365000,,,ARROYITO,2026-01-14 00:00:00,2026-01-20 00:00:00,2026-10-06 13:13:42.015724,20261006_1313,2026-01-14 a 2026-01-20
SILAJES SAS,449524,gola,john deere,cpf,1Z08600YCRF625485,1Z08600YCRF625485,Juan,,Cosecha de forraje: Alfalfa - 19 ene 2026,Alfalfa,0.012638567057470436,ha,61.906817914190896,%,2.9152079036504257,t/ha,0.03684405057675372,t,7.652833772415225,t/ha,0.09672085281234429,t,8.205000000000004,s,15.583261563413165,km/h,5.545257941120481,ha/h,0.14939427083333334,l,11.820507036438832,l/ha,65.54776051188296,l/h,42.43693724856054,t/h,42.43693724856055,t/h,0.2466229151307786,t/l,24.180968786508586,%,,,38.093182085809104,%,36.89211738096645,%,33.80394444368798,%,18.487991006423982,mm,0.45685165844108533,l/t,,,0.0441870820131556,l,,,13.693689477731004,%,14.23556362840785,%,2026-01-19 12:37:02.292000,2026-01-19 13:06:48.687000,,,ARROYITO,2026-01-14 00:00:00,2026-01-20 00:00:00,2026-10-06 13:13:42.015724,20261006_1313,2026-01-14 a 2026-01-20
SILAJES SAS,449524,grosso alfa,john deere,cft,1Z08600YCRF625485,1Z08600YCRF625485,Juan,,Cosecha de forraje: Maíz para ensilado - 17 ene 2026,Maíz para ensilado,18.902996239159275,ha,63.22712914583153,%,13.495581091679888,t/ha,255.10691862129397,t,36.69983000565789,t/ha,693.736748574736,t,17517.8479999957,s,5.56389426303096,km/h,3.8845803297865222,ha/h,509.3558740884267,l,26.946288753255885,l/ha,104.67502325164524,l/h,139.69080243993275,t/h,139.69080243993199,t/h,0.48820384199226546,t/l,6.115042143828525,%,32.692644042862725,%,36.77287085416836,%,42.99331345468007,%,23.1660691308996,%,11.988800000001174,mm,0.4466534297320464,l/t,,,309.8355562669459,l,,,7.050582477566388,%,3.8045671755294257,%,2026-01-17 13:18:07.031000,2026-01-18 12:12:41.369000,13.487186864812195,ha,ARROYITO,2026-01-14 00:00:00,2026-01-20 00:00:00,2026-10-06 13:13:42.015724,20261006_1313,2026-01-14 a 2026-01-20
SILAJES SAS,449524,grosso maiz,Tambo,Los zorro~1,1Z08600YCRF625485,1Z08600YCRF625485,Juan,,Cosecha de forraje: Maíz para ensilado - 17 ene 2026,Maíz para ensilado,15.6437017527447,ha,62.938086105086946,%,10.60388959134589,t/ha,165.884086186049,t,28.611284407525403,t/ha,447.58640003428224,t,11379.078999994912,s,7.066061653540158,km/h,4.9491989914039864,ha/h,329.3281873562197,l,21.051806826887294,l/ha,104.18958111486164,l/h,138.49895149434354,t/h,138.49895149434423,t/h,0.49143428641759135,t/l,6.000293909366099,%,30.206812371893186,%,37.06191389491355,%,46.79507199702784,%,25.209716957191812,%,12.852573500773241,mm,0.2900565807685984,l/t,,,129.82538079246947,l,,,7.5358973965231675,%,3.971179714979517,%,2026-01-17 09:01:30.861000,2026-01-17 13:11:14.676000,10.89728262591102,ha,ARROYITO,2026-01-14 00:00:00,2026-01-20 00:00:00,2026-10-06 13:13:42.015724,20261006_1313,2026-01-14 a 2026-01-20
SILAJES CORDES,330434,Grupo Chiavassa,Boggino,santo parte 1,Picadora 1,1Z08500YAMF622083,Diego garcia,,Cosecha de forraje: Maíz para ensilado - 17 ene 2026,Maíz para ensilado,34.8007055852054,ha,68.32971693803573,%,10.723212474889836,t/ha,373.175360266243,t,33.85890948277703,t/ha,1178.3139403462428,t,32724.550000006013,s,5.44131555650341,km/h,3.828370472526542,ha/h,933.1846010190313,l,26.815285379120777,l/ha,102.65884675779706,l/h,127.1176442810584,t/h,127.11764428105897,t/h,0.3898484858515043,t/l,6.19293092325964,%,30.2590023476639,%,31.67028306196436,%,40.292929935147896,%,23.814265145124562,%,15.97660000000322,mm,,,0.06491430030496899,l/t,,,76.48942497716706,l,6.226982475372442,%,5.085416019174092,%,2026-01-17 16:29:19.171000,2026-01-20 21:21:05.131000,26.364022054059525,ha,ARROYITO,2026-01-14 00:00:00,2026-01-20 00:00:00,2026-10-06 13:13:42.015724,20261006_1313,2026-01-14 a 2026-01-20
SILAJES CORDES,330434,Grupo Chiavassa,Boggino,Santo parte 2,Picadora 1,1Z08500YAMF622083,Diego garcia,,Cosecha de forraje: Maíz para ensilado - 17 ene 2026,Maíz para ensilado,27.5045051122832,ha,67.7790643845482,%,11.41929735181398,t/ha,314.08212239164965,t,35.440613792536894,t/ha,974.7765432392855,t,27109.134000002818,s,5.113602917035797,km/h,3.6524883025851493,ha/h,768.0895680420246,l,27.924733536181797,l/ha,101.99965978075905,l/h,126.41435686712948,t/h,126.4143568671279,t/h,0.3970693319720185,t/l,6.240084646774909,%,30.11023632520191,%,32.22093561545091,%,40.52573390227921,%,23.806822685008896,%,15.976600000005714,mm,,,0.06940598307865582,l/t,,,67.65532426553682,l,6.347066834130522,%,5.027479934390834,%,2026-01-17 17:58:33.595000,2026-01-20 10:51:06.959000,19.569044782232066,ha,ARROYITO,2026-01-14 00:00:00,2026-01-20 00:00:00,2026-10-06 13:13:42.015724,20261006_1313,2026-01-14 a 2026-01-20
SILAJES CORDES,330434,Grupo Mharnes,Giraudo Hnos.,1,Picadora 2,1Z08500YJRF627030,Elias,1~2,Cosecha de forraje: Maíz para ensilado - 20 ene 2026,Maíz para ensilado,13.779263016181574,ha,57.63103377276375,%,8.944081345616851,t/ha,123.24284929937782,t,21.10998247549216,t/ha,290.8800007967903,t,9317.636999999848,s,7.495148009844061,km/h,5.323738600060817,ha/h,219.19786030700317,l,15.908026328954131,l/ha,84.69017381823572,l/h,130.16233643018882,t/h,130.16233643018907,t/h,0.6505266038497559,t/l,5.4650692344252585,%,34.964545833932725,%,42.36896622723671,%,44.856214826902274,%,20.57598562303356,%,10.99807455790047,mm,,,0.05123325126921732,l/t,,,17.629839421017625,l,6.379494685720615,%,2.511101443088346,%,2026-01-20 10:53:46.534000,2026-01-20 16:23:26.276000,8.70632064281176,ha,ARROYITO,2026-01-14 00:00:00,2026-01-20 00:00:00,2026-10-06 13:13:42.015724,20261006_1313,2026-01-14 a 2026-01-20
SILAJES CORDES,330434,Grupo Mharnes,Giraudo Hnos.,L4,Picadora 2,1Z08500YJRF627030,Elias,1~2,Cosecha de forraje: Maíz para ensilado - 17 ene 2026,Maíz para ensilado,15.700000000000333,ha,58.95073464421794,%,9.968434964672866,t/ha,156.50442894536735,t,24.284076409832068,t/ha,381.2599996343715,t,14195.049999999375,s,5.88996513809295,km/h,3.9816279233288303,ha/h,324.6533336313738,l,20.678773075317366,l/ha,82.33518029686462,l/h,129.3615165974253,t/h,129.36151659742686,t/h,0.6446487862252663,t/l,5.575881161971905,%,35.70311473452063,%,41.04926535578203,%,44.173907852767854,%,20.523218103893083,%,12.833400295389028,mm,,,0.05098881517127961,l/t,,,26.556820455170005,l,6.699792178000896,%,2.702655331471574,%,2026-01-17 16:34:21.843000,2026-01-18 13:31:59.286000,0.3161368070838058,ha,ARROYITO,2026-01-14 00:00:00,2026-01-20 00:00:00,2026-10-06 13:13:42.015724,20261006_1313,2026-01-14 a 2026-01-20
SILAJES CORDES,330434,Grupo Mharnes,Giraudo Hnos.,L5,Picadora 2,1Z08500YJRF627030,Elias,1~2,Cosecha de forraje: Maíz para ensilado - 19 ene 2026,Maíz para ensilado,27.50000000000021,ha,57.5554672607598,%,7.215879266016129,t/ha,198.43667981544507,t,17.000727302965295,t/ha,467.5200008315492,t,18018.407999995634,s,7.459270789384996,km/h,5.494265892091849,ha/h,420.0206427716422,l,15.273798128103223,l/ha,83.91830809793383,l/h,128.3449216189102,t/h,128.3449216189093,t/h,0.6489024538027037,t/l,5.693024561066168,%,36.70236421046135,%,42.44453273924066,%,40.317637553602864,%,18.120130324729182,%,11.699485197702408,mm,,,0.05259535905334666,l/t,,,34.153360103014606,l,6.233184358662201,%,2.1657825095273995,%,2026-01-19 07:50:39.144000,2026-01-19 16:24:15.274000,20.331333950080914,ha,ARROYITO,2026-01-14 00:00:00,2026-01-20 00:00:00,2026-10-06 13:13:42.015724,20261006_1313,2026-01-14 a 2026-01-20
SILAJES CORDES,330434,Grupo Mharnes,Giraudo Hnos.,L7,Picadora 2,1Z08500YJRF627030,Elias,1~2,Cosecha de forraje: Maíz para ensilado - 18 ene 2026,Maíz para ensilado,18.099999999999575,ha,57.56695105338592,%,11.15356209632638,t/ha,201.8794739435028,t,26.28508290874601,t/ha,475.7600006482917,t,12968.442000001045,s,6.949375320029363,km/h,5.024504871131974,ha/h,320.8967765295527,l,17.729103675666185,l/ha,89.07996777919016,l/h,141.6209295268684,t/h,141.62092952686731,t/h,0.6761695591906742,t/l,6.011750356003466,%,32.66520007860106,%,42.433048946615095,%,46.220296657684365,%,20.191678405073418,%,11.988799999997292,mm,,,0.04797388499014402,l/t,,,26.316792178749186,l,6.632573000081511,%,2.1238440272283223,%,2026-01-18 07:30:22.415000,2026-01-18 13:32:46.281000,2.523311654289486,ha,ARROYITO,2026-01-14 00:00:00,2026-01-20 00:00:00,2026-10-06 13:13:42.015724,20261006_1313,2026-01-14 a 2026-01-20
SILAJES CORDES,330434,Grupo Mharnes,Giraudo Hnos.,Lote 8 y 9,Picadora 2,1Z08500YJRF627030,Elias,1~2,Cosecha de forraje: Maíz para ensilado - 18 ene 2026,Maíz para ensilado,46.19999999999972,ha,57.225907405902305,%,10.045801176591278,t/ha,464.1160143585142,t,23.485714289535743,t/ha,1085.0400001765447,t,30760.146999993234,s,7.223147615774623,km/h,5.406970161279081,ha/h,779.4983780048875,l,16.87234072601905,l/ha,91.22824285651913,l/h,143.16744949761195,t/h,143.16744949761124,t/h,0.6716596938876475,t/l,5.704121711579039,%,36.35652884717983,%,42.77409259409752,%,41.48630965524185,%,19.432427988431023,%,11.491809749833932,mm,,,0.04747470203739904,l/t,,,59.88501041849086,l,6.257286705107746,%,2.2681730743456066,%,2026-01-18 13:40:10.021000,2026-01-20 10:44:12.008000,30.902804551431736,ha,ARROYITO,2026-01-14 00:00:00,2026-01-20 00:00:00,2026-10-06 13:13:42.015724,20261006_1313,2026-01-14 a 2026-01-20
SILAJES CORDES,330434,Grupo Mharnes,Giraudo Hnos.,UNVM,Picadora 2,1Z08500YJRF627030,Elias,1~2,Cosecha de forraje: Maíz para ensilado - 19 ene 2026,Maíz para ensilado,1.0677053225611755,ha,47.45807947321391,%,6.033161513329644,t/ha,6.4416386596532975,t,11.482567543860345,t/ha,12.259998483247895,t,754.3479999999854,s,7.056094052174858,km/h,5.09544555194732,ha/h,14.676606157407413,l,13.745933308828757,l/ha,70.04165473583517,l/h,99.5747207062167,t/h,99.574720706217,t/h,0.7469734218630774,t/l,5.806070385852871,%,31.448087928507487,%,52.54192052678606,%,48.83731062474415,%,15.06502842666333,%,10.998199999999605,mm,,,0.06783014377079286,l/t,,,1.4261308149756076,l,6.68316415949589,%,0.1482884948067187,%,2026-01-19 17:39:04.899000,2026-01-19 17:52:27.794000,,,ARROYITO,2026-01-14 00:00:00,2026-01-20 00:00:00,2026-10-06 13:13:42.015724,20261006_1313,2026-01-14 a 2026-01-20
SILAJES CORDES,330434,Grupo Mharnes,Piva,Lote 1,Picadora 2,1Z08500YJRF627030,Elias,1~2,Cosecha de forraje: Maíz para ensilado - 20 ene 2026,Maíz para ensilado,11.022212525935647,ha,55.30108953379952,%,9.643904534890378,t/ha,106.29716536339633,t,21.575256386132097,t/ha,237.80706118949826,t,8559.03299999892,s,6.425944249121912,km/h,4.635930715701756,ha/h,203.7331775547827,l,18.483806074090037,l/ha,85.69185785325415,l/h,134.52285977310774,t/h,134.52285977310848,t/h,0.7014227105853466,t/l,5.340219812235672,%,35.26922499508058,%,44.698910466200424,%,45.26625417925501,%,18.87105809482089,%,10.998199999999164,mm,,,0.05060233053646225,l/t,,,16.342189910317494,l,6.524092142070338,%,1.5801369312063487,%,2026-01-20 16:41:06.336000,2026-01-20 20:51:35.983000,1.2088924440578024,ha,ARROYITO,2026-01-14 00:00:00,2026-01-20 00:00:00,2026-10-06 13:13:42.015724,20261006_1313,2026-01-14 a 2026-01-20
COOP DE PROV DE SERV AGROP SAN MARTIN LTDA,534599,Gustavo rho,16 central,Casa,1Z08600YKRF627041,1Z08600YKRF627041,Operador desconocido,12,Cosecha de forraje: Maíz para ensilado - 19 ene 2026,Maíz para ensilado,0.04053151355905936,ha,52.99786823105188,%,12.489379280280938,t/ha,0.5062134456429419,t,26.571942186954217,t/ha,1.0770010350410761,t,33.20400000000002,s,6.419763543569923,km/h,4.394453945687682,ha/h,0.8936985833333329,l,22.049474713820043,l/ha,96.89540115648713,l/h,112.47238890494408,t/h,112.4723889049441,t/h,0.54861410865316,t/l,,,,,47.00213176894814,%,,,,,14.986000000000013,mm,0.2233857848988147,l/t,,,0.24058672154948677,l,,,,,,,2026-01-19 07:50:50.827000,2026-01-19 21:08:00.027000,,,ARROYITO,2026-01-14 00:00:00,2026-01-20 00:00:00,2026-10-06 13:13:42.015724,20261006_1313,2026-01-14 a 2026-01-20
COOP DE PROV DE SERV AGROP SAN MARTIN LTDA,534599,Gustavo rho,Casa,Casa cementerio,1Z08600YKRF627041,1Z08600YKRF627041,Operador desconocido,12,Cosecha de forraje: Maíz para ensilado - 19 ene 2026,Maíz para ensilado,46.83149071933528,ha,61.8572022064037,%,13.835675585429202,t/ha,647.9453127747613,t,36.27336321865658,t/ha,1698.7356729335932,t,37017.081000004924,s,6.457339862736011,km/h,4.554403205957694,ha/h,1116.3999852173615,l,23.839035318181224,l/ha,108.57257888005697,l/h,161.82632564725864,t/h,161.82632564726066,t/h,0.5680310713669082,t/l,,,,,38.14279779359725,%,,,,,14.985889442666151,mm,0.1085294177202106,l/t,,,184.32880251309282,l,,,,,,,2026-01-19 07:16:07.287000,2026-01-19 21:26:18.487000,42.78132844828917,ha,ARROYITO,2026-01-14 00:00:00,2026-01-20 00:00:00,2026-10-06 13:13:42.015724,20261006_1313,2026-01-14 a 2026-01-20
COOP DE PROV DE SERV AGROP SAN MARTIN LTDA,534599,Gustavo rho,Tambo,Tapera cem,1Z08600YKRF627041,1Z08600YKRF627041,Operador desconocido,12,Cosecha de forraje: Maíz para ensilado - 19 ene 2026,Maíz para ensilado,0.4849664492152661,ha,60.003824050558016,%,9.154390187834966,t/ha,4.439572104125396,t,22.88816360695783,t/ha,11.099991433524417,t,421.36099999999,s,6.28620013978817,km/h,4.14342859727171,ha/h,9.91508408564814,l,20.444886654926233,l/ha,84.7119280339997,l/h,89.57937758910396,t/h,89.57937758910393,t/h,0.4221632339034202,t/l,,,,,39.99617594944175,%,,,,,14.985999999999617,mm,0.25670547446126424,l/t,,,2.849428567458854,l,,,,,,,2026-01-19 07:39:11.517000,2026-01-19 21:25:37.492000,0.0648972765398393,ha,ARROYITO,2026-01-14 00:00:00,2026-01-20 00:00:00,2026-10-06 13:13:42.015724,20261006_1313,2026-01-14 a 2026-01-20
COOPERATIVA TAMBERA LAS CAÑITAS LTDA,526845,Javier Nigro,,Lotw cabada 3,Benjamin Cabrera 3576411960,1Z08500YCLF621052,Operador desconocido,,Cosecha de forraje: Maíz para ensilado - 20 ene 2026,Maíz para ensilado,10.047011677650916,ha,64.83128195410475,%,8.619353287254016,t/ha,86.59874313083992,t,24.50857968722653,t/ha,246.23798632020296,t,6905.786999997933,s,7.432036984916957,km/h,5.237526445509323,ha/h,170.97754743274814,l,17.017751438776575,l/ha,89.13092320369506,l/h,125.56263809278077,t/h,125.56263809278109,t/h,0.49305973183916046,t/l,,,,,35.16871804589463,%,,,,,14.986000000001923,mm,0.35788142688143004,l/t,,,87.88683783786485,l,,,,,,,2026-01-20 17:05:59.688000,2026-01-20 21:01:41.506000,0,ha,ARROYITO,2026-01-14 00:00:00,2026-01-20 00:00:00,2026-10-06 13:13:42.015724,20261006_1313,2026-01-14 a 2026-01-20
COOP DE PROV DE SERV AGROP SAN MARTIN LTDA,534599,Javier rho,Casa,24 este sur,1Z08600YKRF627041,1Z08600YKRF627041,Operador desconocido,12,Cosecha de forraje: Maíz para ensilado - 20 ene 2026,Maíz para ensilado,21.98821117554301,ha,63.68827693414382,%,14.471378870195032,t/ha,318.1997345991394,t,39.85318692794964,t/ha,876.3002901901468,t,18482.194000002586,s,6.115181705857464,km/h,4.282808306846452,ha/h,552.3527310656666,l,25.12099549071631,l/ha,107.58840816388856,l/h,165.96475453295187,t/h,165.9647545329512,t/h,0.5587724609774074,t/l,,,,,36.31172306585633,%,,,,,14.985832344594105,mm,0.11838899381963491,l/t,,,103.72920341041328,l,,,,,,,2026-01-20 06:37:22.471000,2026-01-20 14:15:46.601000,17.49749000505251,ha,ARROYITO,2026-01-14 00:00:00,2026-01-20 00:00:00,2026-10-06 13:13:42.015724,20261006_1313,2026-01-14 a 2026-01-20
COOP DE PROV DE SERV AGROP SAN MARTIN LTDA,534599,Javier rho,Casa,25 suroeste bossio,1Z08600YKRF627041,1Z08600YKRF627041,Operador desconocido,12,Cosecha de forraje: Maíz para ensilado - 20 ene 2026,Maíz para ensilado,2.1406499255804934,ha,62.42513163315869,%,13.888008648771432,t/ha,29.72936468045381,t,36.96089767549781,t/ha,79.12034285844263,t,1665.5840000000399,s,6.47923919775641,km/h,4.626297421258697,ha/h,50.42801890046272,l,23.559947461816474,l/ha,108.99532418758955,l/h,163.81751156069868,t/h,163.81751156069888,t/h,0.5658567714660878,t/l,,,,,37.57486836684194,%,,,,,14.985395118124298,mm,0.10362678600270835,l/t,,,8.198986837852706,l,,,,,,,2026-01-20 07:01:35.501000,2026-01-20 14:47:44.155000,2.113038534554874,ha,ARROYITO,2026-01-14 00:00:00,2026-01-20 00:00:00,2026-10-06 13:13:42.015724,20261006_1313,2026-01-14 a 2026-01-20
SILAJES SAS,449524,jorge alfa 01,john deere,cpf,1Z08600YCRF625485,1Z08600YCRF625485,Juan,,Cosecha de forraje: Maíz para ensilado - 17 ene 2026,Maíz para ensilado,2.94144914677422,ha,63.45046940469296,%,13.630255484846474,t/ha,40.09270336621629,t,37.29255961113923,t/ha,109.69416764921222,t,2647.5979999999063,s,5.6046263813360095,km/h,3.9992604738588384,ha/h,78.88397296844607,l,26.82004740515591,l/ha,107.26035549445837,l/h,146.93900272376638,t/h,146.93900272376592,t/h,0.49822586796498636,t/l,6.309430669496711,%,33.10950293806726,%,36.54953059530749,%,42.76572416827608,%,23.34751976832723,%,11.988800000001897,mm,0.4770277626668482,l/t,,,52.31247143048825,l,,,6.993824921783522,%,3.925357880936726,%,2026-01-17 13:28:10.556000,2026-01-18 10:49:51.360000,2.93744114545745,ha,ARROYITO,2026-01-14 00:00:00,2026-01-20 00:00:00,2026-10-06 13:13:42.015724,20261006_1313,2026-01-14 a 2026-01-20
COOP DE PROV DE SERV AGROP SAN MARTIN LTDA,534599,Jorge v,Paquita,Lote1234,1Z08600YKRF627041,1Z08600YKRF627041,Operador desconocido,12,Cosecha de forraje: Maíz para ensilado - 20 ene 2026,Maíz para ensilado,14.986319886649422,ha,61.11405657689985,%,16.55029595399524,t/ha,248.0280293852923,t,42.56112748485732,t/ha,637.8346712245387,t,14357.757999997262,s,5.895187166162231,km/h,3.7576027950847655,ha/h,393.8576422525458,l,26.281144752783117,l/ha,98.75410298108224,l/h,154.9359152232099,t/h,154.93591522321188,t/h,0.6095738616892,t/l,,,,,38.88594342310042,%,,,,,19.249008649745313,mm,0.06992149463817257,l/t,,,44.598353544066924,l,,,,,,,2026-01-20 16:50:32.273000,2026-01-20 22:30:40.127000,11.788759539301473,ha,ARROYITO,2026-01-14 00:00:00,2026-01-20 00:00:00,2026-10-06 13:13:42.015724,20261006_1313,2026-01-14 a 2026-01-20
COOP DE PROV DE SERV AGROP SAN MARTIN LTDA,534599,Jorge v,Pedana,La quinta,1Z08600YKRF627041,1Z08600YKRF627041,Operador desconocido,12,Cosecha de forraje: Maíz para ensilado - 20 ene 2026,Maíz para ensilado,3.716345029922749,ha,59.50967112671611,%,16.43073382599794,t/ha,61.06227599223104,t,40.57940323828529,t/ha,150.8070635418326,t,3253.859000000117,s,5.981136018157956,km/h,4.111684651277558,ha/h,95.19708205255839,l,25.61578144280575,l/ha,105.32401538886491,l/h,159.4366182282915,t/h,159.43661822829046,t/h,0.6148860119688354,t/l,,,,,40.49032887328432,%,,,,,19.123855659134545,mm,0.0664257964145924,l/t,,,10.017479300712257,l,,,,,,,2026-01-20 16:58:54.212000,2026-01-20 22:53:40.957000,2.4207819834022724,ha,ARROYITO,2026-01-14 00:00:00,2026-01-20 00:00:00,2026-10-06 13:13:42.015724,20261006_1313,2026-01-14 a 2026-01-20
COOPERATIVA AGROPECUARIA LTDA. DE BALNEARIA,2839981,Juan Carlos Meia,Tambo Meia,Lote 32 .,8500,1Z08500YTJ0619027,Emiliano,2,Cosecha de forraje: Maíz para ensilado - 14 ene 2026,Maíz para ensilado,0.4246872853016853,ha,65.00000000000001,%,12.834042950498912,t/ha,5.450454860092615,t,36.66869414428261,t/ha,15.572728171693187,t,648.9759999999993,s,3.351544418998497,km/h,2.3558255268084913,ha/h,12.944978986111126,l,30.481202131858968,l/ha,71.80839407004291,l/h,86.38504569983412,t/h,86.38504569983405,t/h,0.42104779512894513,t/l,,,,,35.0,%,,,,,20.0,mm,0,l/t,0,l/t,0,l,0,l,,,,,2026-01-14 07:48:54.790000,2026-01-14 09:01:46.697000,,,ARROYITO,2026-01-14 00:00:00,2026-01-20 00:00:00,2026-10-06 13:13:42.015724,20261006_1313,2026-01-14 a 2026-01-20
EL PRADO SA,573387,La Fortuna SA,,Lote 2 hector magneano,EQUIPO 2-3491414795,1Z08600YKLF621070,Cristiangutierrez,,Cosecha de forraje: Maíz para ensilado - 13 ene 2026,Maíz para ensilado,22.59595499337472,ha,64.5048222621826,%,21.414787105139723,t/ha,483.8875656204384,t,60.33153929618126,t/ha,1363.24874661753,t,26289.36200002021,s,5.241389131469046,km/h,3.094234009029517,ha/h,694.5585529471624,l,30.736236297719973,l/ha,95.11112481953147,l/h,182.14090534343282,t/h,182.14090534342762,t/h,0.6702614125441242,t/l,,,,,35.495177737815816,%,,,,,18.333911091282847,mm,0.006252724284629804,l/t,,,8.52401854396659,l,,,,,,,2026-01-13 22:51:40.655000,2026-01-14 11:29:16.670000,0.675209803001454,ha,ARROYITO,2026-01-14 00:00:00,2026-01-20 00:00:00,2026-10-06 13:13:42.015724,20261006_1313,2026-01-14 a 2026-01-20
LOS ALGARROBOS GRANDES SRL,2754901,Los Algarrobos Grandes S.R.L,Tambo Don Fernando,Lote 5,Picadora JD 8500i,1Z08500YKGF516084,Felix,,Cosecha de forraje: Alfalfa - 20 ene 2026,Alfalfa,25.301399501824,ha,49.43318587958698,%,3.77753345806217,t/ha,95.57688315393769,t,7.470380572260155,t/ha,189.0110832894188,t,12346.791999995312,s,8.213536596455242,km/h,7.377197059852435,ha/h,134.92168981347837,l,5.331423282387556,l/ha,39.339618204364584,l/h,51.11938227837477,t/h,51.119382278374914,t/h,0.6557923631487899,t/l,26.42673608694036,%,,,50.56681412041204,%,,,,,11.551066533922157,mm,0.06349494277099604,l/t,,,12.001247916545578,l,,,10.722883773630771,%,12.232801098219124,%,2026-01-20 16:04:28.267000,2026-01-20 21:00:34.599000,2.563351837086155,ha,ARROYITO,2026-01-14 00:00:00,2026-01-20 00:00:00,2026-10-06 13:13:42.015724,20261006_1313,2026-01-14 a 2026-01-20
LOS ALGARROBOS GRANDES SRL,2754901,Los Algarrobos Grandes S.R.L,Tambo Don Fernando,Lote 8 (Marconetti),Picadora JD 8500i,1Z08500YKGF516084,Felix,VICTORIA,Cosecha de forraje: Alfalfa - 19 ene 2026,Alfalfa,54.99491147755801,ha,64.94130251784011,%,3.521831122979926,t/ha,193.68279084718975,t,10.045527574925062,t/ha,552.4528997283718,t,31402.732999995074,s,7.083597198428706,km/h,6.304553297295614,ha/h,466.0545191001668,l,8.474565819642573,l/ha,53.428351881375114,l/h,61.18987571901234,t/h,61.189875719012406,t/h,0.3973934335021251,t/l,21.956215553690374,%,,,35.05869748215971,%,,,,,9.944551820161122,mm,0.9659948950782968,l/t,,,533.6660048157211,l,,,9.420585403992266,%,13.353646205064024,%,2026-01-19 10:57:03.086000,2026-01-20 15:17:26.837000,37.19170127598709,ha,ARROYITO,2026-01-14 00:00:00,2026-01-20 00:00:00,2026-10-06 13:13:42.015724,20261006_1313,2026-01-14 a 2026-01-20
LOS ALGARROBOS GRANDES SRL,2754901,Los Algarrobos Grandes S.R.L,Tambo Don Fernando,Lote 8 (Marconetti),Picadora JD 8500i,1Z08500YKGF516084,Felix,,Cosecha de forraje: Alfalfa - 19 ene 2026,Alfalfa,13.798281129759046,ha,64.95888124150831,%,3.481940406868365,t/ha,48.044792611037295,t,9.9367272799319,t/ha,137.10975651824626,t,8011.550999998244,s,6.866934350984933,km/h,6.2002740876446,ha/h,117.51800343836514,l,8.516858174813645,l/ha,52.80685504944105,l/h,60.1533432161434,t/h,60.15334321614315,t/h,0.3945722206060865,t/l,21.573866409582887,%,,,35.04111875849174,%,,,,,9.991599467541523,mm,0.4360699100489073,l/t,,,59.789439191738964,l,,,9.260393664274833,%,13.287269935897008,%,2026-01-19 10:56:58.885000,2026-01-20 15:30:54.127000,8.456701978488537,ha,ARROYITO,2026-01-14 00:00:00,2026-01-20 00:00:00,2026-10-06 13:13:42.015724,20261006_1313,2026-01-14 a 2026-01-20
LOS ALGARROBOS GRANDES SRL,2754901,Los Algarrobos Grandes S.R.L,Tambo Don Fernando,Lote Piquete,Picadora JD 8500i,1Z08500YKGF516084,Felix,,Cosecha de forraje: Alfalfa - 20 ene 2026,Alfalfa,2.0621631092465527,ha,57.134044945637534,%,3.3741573442913992,t/ha,6.958062800191043,t,7.871415299186397,t/ha,16.232142247541105,t,1080.4640000001018,s,7.393808142093786,km/h,6.870925077824774,ha/h,10.755770990918839,l,5.215771217461358,l/ha,35.837173258252115,l/h,47.92443054115093,t/h,47.92443054115071,t/h,0.5735759509050872,t/l,25.176114519868822,%,,,42.865955054361926,%,,,,,11.387762613984966,mm,0.07867112291344866,l/t,,,1.2770008579048895,l,,,13.541414288555798,%,14.344123689245109,%,2026-01-20 21:10:44.119000,2026-01-20 21:32:16.758000,,,ARROYITO,2026-01-14 00:00:00,2026-01-20 00:00:00,2026-10-06 13:13:42.015724,20261006_1313,2026-01-14 a 2026-01-20
LOS ALGARROBOS GRANDES SRL,2754901,Los Algarrobos Grandes S.R.L,Tambo Don Gabriel,Lote 2,Picadora JD 8500i,1Z08500YKGF516084,Felix,,Cosecha de forraje: Maíz para ensilado - 13 ene 2026,Maíz para ensilado,46.42480669472023,ha,59.055025684594526,%,8.826276891746822,t/ha,409.7581985334224,t,21.556435287409652,t/ha,1000.7533412452389,t,50091.43200002771,s,5.98264118700764,km/h,3.336476831824195,ha/h,779.8102692096771,l,16.797315903068938,l/ha,56.043855347423126,l/h,67.95132528137282,t/h,67.95132528137292,t/h,0.5006914656460563,t/l,6.718149142914215,%,33.35068879371949,%,40.944974315404906,%,,,23.29377184936236,%,13.009004852700295,mm,0.7707158495065398,l/t,,,771.2964615443354,l,,,,,,,2026-01-13 18:20:29.360000,2026-01-14 20:44:09.035000,34.30956942073878,ha,ARROYITO,2026-01-14 00:00:00,2026-01-20 00:00:00,2026-10-06 13:13:42.015724,20261006_1313,2026-01-14 a 2026-01-20
LOS ALGARROBOS GRANDES SRL,2754901,Los Algarrobos Grandes S.R.L,Tambo El Cinco,Lote 1,Picadora JD 8500i,1Z08500YKGF516084,Felix,,Cosecha de forraje: Alfalfa - 15 ene 2026,Alfalfa,2.1027631294907274,ha,66.30193060572358,%,2.3012688588730494,t/ha,4.839023307483448,t,6.829082200370529,t/ha,14.359942259200555,t,1008.668999999984,s,7.874011147547415,km/h,7.503199945836301,ha/h,10.303487406355238,l,4.90107729737367,l/ha,36.77376291219358,l/h,47.413258417897545,t/h,47.413258417897595,t/h,0.42285047557652805,t/l,25.62221444651675,%,,,33.69806939427647,%,,,,,11.491413204044147,mm,0.2134914770424597,l/t,,,1.5061762993279602,l,,,14.52691848139798,%,15.075999910477963,%,2026-01-15 16:16:08.932000,2026-01-16 14:58:13.661000,0.011218576302531749,ha,ARROYITO,2026-01-14 00:00:00,2026-01-20 00:00:00,2026-10-06 13:13:42.015724,20261006_1313,2026-01-14 a 2026-01-20
LOS ALGARROBOS GRANDES SRL,2754901,Los Algarrobos Grandes S.R.L,Tambo El Cinco,Lote 1,Picadora JD 8500i,1Z08500YKGF516084,Felix,VICTORIA,Cosecha de forraje: Alfalfa - 15 ene 2026,Alfalfa,23.47025873998782,ha,67.39079947994288,%,2.146875197489065,t/ha,50.38771636753081,t,6.583648673534951,t/ha,154.5199378210429,t,12274.275999996631,s,8.009069777104944,km/h,6.883740553330784,ha/h,130.9000350814501,l,5.577272774518969,l/ha,38.392498774945906,l/h,44.27379275910349,t/h,44.27379275910332,t/h,0.3728421151234984,t/l,24.163550613837987,%,,,32.609200520056646,%,,,,,10.325682582131988,mm,0.8054813561878116,l/t,,,120.41333095770136,l,,,12.094711048821752,%,14.06959186682893,%,2026-01-15 16:16:27.132000,2026-01-16 15:24:35.655000,13.10813675272435,ha,ARROYITO,2026-01-14 00:00:00,2026-01-20 00:00:00,2026-10-06 13:13:42.015724,20261006_1313,2026-01-14 a 2026-01-20
LOS ALGARROBOS GRANDES SRL,2754901,Los Algarrobos Grandes S.R.L,Tambo El Cinco,Lote 2,Picadora JD 8500i,1Z08500YKGF516084,Felix,,Cosecha de forraje: Alfalfa - 16 ene 2026,Alfalfa,23.75624691466625,ha,70.68594513996008,%,2.49494118507767,t/ha,59.27043883027516,t,8.511074967246188,t/ha,202.1911984311354,t,12426.57699999661,s,7.835931099813176,km/h,6.882192212129441,ha/h,164.57096437722822,l,6.927513835241169,l/ha,47.676481766312904,l/h,56.91595966086134,t/h,56.91595966086135,t/h,0.34449832969662036,t/l,21.755749346926045,%,,,29.314054860039725,%,,,,,9.982200000002376,mm,1.0940594120846976,l/t,,,221.15699878674664,l,,,8.591431845233608,%,12.27407118507451,%,2026-01-16 15:25:59.045000,2026-01-16 20:58:32.606000,10.368297943455156,ha,ARROYITO,2026-01-14 00:00:00,2026-01-20 00:00:00,2026-10-06 13:13:42.015724,20261006_1313,2026-01-14 a 2026-01-20
SILAJES CORDES,330434,Los Pinos SRL,La Laura,6,Picadora 3,1Z08500YCSF627259,Marcelo,1~3,Cosecha de forraje: Alfalfa - 18 ene 2026,Alfalfa,17.73263372923952,ha,63.66845963103535,%,4.364107178814408,t/ha,77.38711415706071,t,12.011896920677492,t/ha,213.002568487754,t,6762.604999997122,s,11.061734160069022,km/h,9.439434154337489,ha/h,124.93624644448504,l,7.045810721304015,l/ha,66.50846636767025,l/h,110.88762599007953,t/h,110.88762599007872,t/h,0.5999996441937987,t/l,20.74265444968786,%,,,36.33154036896467,%,38.19251322807018,%,29.729607712936883,%,21.99616316697098,mm,,,0.07459959183612747,l/t,,,15.493083646564322,l,8.911705296550956,%,11.831144845238544,%,2026-01-18 15:10:43.707000,2026-01-18 17:31:12.683000,,,ARROYITO,2026-01-14 00:00:00,2026-01-20 00:00:00,2026-10-06 13:13:42.015724,20261006_1313,2026-01-14 a 2026-01-20
SILAJES SAS,449524,lote2 jorge,john deere,cft,1Z08600YCRF625485,1Z08600YCRF625485,Juan,,Cosecha de forraje: Maíz para ensilado - 17 ene 2026,Maíz para ensilado,0.892152613790748,ha,62.96160032859864,%,9.750260246707986,t/ha,8.698720164240553,t,26.32473414945215,t/ha,23.4856803787803,t,617.5250000000021,s,7.15563468423459,km/h,5.200242273020026,ha/h,17.863946347222175,l,20.026349202608213,l/ha,104.14186769766366,l/h,135.79845678808041,t/h,135.79845678808172,t/h,0.4833260024466921,t/l,6.2845572934175316,%,33.81868146749023,%,37.03839967140125,%,42.255151424232395,%,23.06826097892848,%,13.9954,mm,0.4808722928019152,l/t,,,11.275100036505753,l,,,7.078471110653682,%,3.949450640491096,%,2026-01-17 08:56:11.896000,2026-01-17 09:20:57.126000,,,ARROYITO,2026-01-14 00:00:00,2026-01-20 00:00:00,2026-10-06 13:13:42.015724,20261006_1313,2026-01-14 a 2026-01-20
SILAJES SAS,449524,lote3 maiz,john deere,cft,1Z08400YJGF515635,1Z08400YJGF515635,Mayco,1,Cosecha de forraje: Maíz para ensilado - 17 ene 2026,Maíz para ensilado,24.11773687183342,ha,64.46902088320444,%,9.237476199805572,t/ha,222.7870203467345,t,25.99837220764631,t/ha,627.0219000000006,t,25766.336000002353,s,5.911969836554093,km/h,3.3694122799004873,ha/h,534.7767778055553,l,22.175234482417864,l/ha,74.71750737473258,l/h,87.60193808669786,t/h,87.60193808669776,t/h,0.4165711671105613,t/l,,,,,35.53097911679549,%,,,,,16.0,mm,0.5317463933547398,l/t,0,l/t,333.4166338794363,l,0,l,,,,,2026-01-17 13:05:38.289000,2026-01-18 22:16:28.194000,,,ARROYITO,2026-01-14 00:00:00,2026-01-20 00:00:00,2026-10-06 13:13:42.015724,20261006_1313,2026-01-14 a 2026-01-20
SILAJES SAS,449524,lote3 maiz,john deere,cft,1Z08600YCRF625485,1Z08600YCRF625485,Juan,,Cosecha de forraje: Maíz para ensilado - 18 ene 2026,Maíz para ensilado,27.994084120784034,ha,65.75513187404212,%,9.45839340762621,t/ha,264.77906070055724,t,27.61988562150912,t/ha,773.1934014949597,t,20185.042999994803,s,6.993966222240913,km/h,4.9926309265156315,ha/h,575.3588262660128,l,20.553327338189693,l/ha,102.61517771144646,l/h,135.95051315129243,t/h,135.95051315129314,t/h,0.45245090719581194,t/l,6.31296728330413,%,31.167402358401393,%,34.24486812595803,%,44.473581983899955,%,23.696318477508292,%,13.733662185137918,mm,0.24554841721607462,l/t,,,189.84161000921463,l,,,7.2735472358702316,%,4.248629129333728,%,2026-01-18 14:45:40.918000,2026-01-18 22:18:18.643000,18.12771655572821,ha,ARROYITO,2026-01-14 00:00:00,2026-01-20 00:00:00,2026-10-06 13:13:42.015724,20261006_1313,2026-01-14 a 2026-01-20
SILAJES SAS,449524,luca sorgo,john deere,cft,1Z08600YCRF625485,1Z08600YCRF625485,Juan,,Cosecha de forraje: Alfalfa - 20 ene 2026,Alfalfa,10.294332133483017,ha,67.43527029404721,%,5.610274989817351,t/ha,57.75403410535287,t,17.228071722001246,t/ha,177.35149232574753,t,8086.884999995478,s,13.934481000860835,km/h,4.582606232258968,ha/h,198.45263382450577,l,19.27815906223886,l/ha,88.34421186508982,l/h,76.39131964609415,t/h,76.39131964609338,t/h,0.27873387004672245,t/l,14.986400034060079,%,,,32.564729705952885,%,49.41099795399192,%,34.5407603567956,%,14.035348711436326,mm,0.3435329570089769,l/t,,,60.920861084611104,l,,,10.67440168351295,%,9.575724846620654,%,2026-01-20 19:26:16.436000,2026-01-20 22:15:00.256000,,,ARROYITO,2026-01-14 00:00:00,2026-01-20 00:00:00,2026-10-06 13:13:42.015724,20261006_1313,2026-01-14 a 2026-01-20
SILAJES SAS,449524,lucas gola,Tambo,el molle,1Z08400YJGF515635,1Z08400YJGF515635,Mayco,1,Cosecha de forraje: Maíz para ensilado - 16 ene 2026,Maíz para ensilado,27.131631086365584,ha,60.74319841238174,%,8.33470039069342,t/ha,226.134016215681,t,21.23122631906475,t/ha,576.0378000000003,t,24724.583000000817,s,6.532982313038778,km/h,3.9498571672157703,ha/h,502.5615600416672,l,18.525988971458425,l/ha,73.17501031867494,l/h,83.86475593691837,t/h,83.86475593691846,t/h,0.4498989596420646,t/l,,,,,39.2568015876182,%,,,,,16.0,mm,0.7951580492365166,l/t,0,l/t,458.04109333449514,l,0,l,,,,,2026-01-16 20:21:06,2026-01-17 12:54:19.303000,,,ARROYITO,2026-01-14 00:00:00,2026-01-20 00:00:00,2026-10-06 13:13:42.015724,20261006_1313,2026-01-14 a 2026-01-20
SILAJES SAS,449524,lucas gola,Tambo,Molle~1,1Z08600YCRF625485,1Z08600YCRF625485,Juan,,Cosecha de forraje: Alfalfa - 19 ene 2026,Alfalfa,24.754087344513017,ha,68.49016129549933,%,4.637427936188795,t/ha,114.79529618630215,t,14.717396619127875,t/ha,364.3157213937321,t,16827.621999995114,s,15.73218500517987,km/h,5.295492978101762,ha/h,395.90227342293315,l,15.992180358286658,l/ha,84.69694555314942,l/h,77.00708726797298,t/h,77.0070872679727,t/h,0.28517572932759194,t/l,14.839915870404827,%,,,31.509838704500318,%,54.02921782674496,%,36.058319278308915,%,15.475684493447522,mm,0.5985597974946177,l/t,,,217.96909719810446,l,,,10.788891301459866,%,9.977327635752268,%,2026-01-19 12:33:13.522000,2026-01-20 16:11:11.725000,,,ARROYITO,2026-01-14 00:00:00,2026-01-20 00:00:00,2026-10-06 13:13:42.015724,20261006_1313,2026-01-14 a 2026-01-20
SILAJES SAS,449524,maiz lucaaas,john deere,cft,1Z08600YCRF625485,1Z08600YCRF625485,Juan,,Cosecha de forraje: Alfalfa - 19 ene 2026,Alfalfa,29.91917046293504,ha,62.73163022009482,%,2.066442608813197,t/ha,61.82624866495423,t,5.544762545334815,t/ha,165.89469577036994,t,17287.946000012493,s,18.50512190929511,km/h,6.230225567290028,ha/h,321.1902439657476,l,10.735386334040957,l/ha,66.88387841307762,l/h,33.74006648078759,t/h,33.74006648078825,t/h,0.18656937230664777,t/l,21.40469692709152,%,,,37.26836977990912,%,39.431611081049475,%,32.46361863076508,%,13.670390421136435,mm,0.9523566244587264,l/t,,,157.92101222492454,l,,,10.794608549851162,%,12.835554952134792,%,2026-01-19 12:27:07.367000,2026-01-19 18:15:40.937000,,,ARROYITO,2026-01-14 00:00:00,2026-01-20 00:00:00,2026-10-06 13:13:42.015724,20261006_1313,2026-01-14 a 2026-01-20
LyS AGRO SA,5669981,Malasi srl,Campo1,Eugenio alfa,1Z08500YCMF622008,1Z08500YCMF622008,Operador desconocido,,Cosecha de forraje: Maíz para ensilado - 16 ene 2026,Maíz para ensilado,0.4936363958145281,ha,64.96685158457159,%,3.6549329029132376,t/ha,1.8042079051380213,t,10.432784571836008,t/ha,5.150002174350542,t,416.591999999997,s,7.688228913890957,km/h,4.265782888131139,ha/h,6.72001366590909,l,13.613286465275097,l/ha,58.07132445479724,l/h,44.31211094410958,t/h,44.31211094410958,t/h,0.267072242213293,t/l,,,,,35.03314841542852,%,,,,,14.985999999999958,mm,2.7242528927039342,l/t,,,6.924587682923725,l,,,,,,,2026-01-16 15:30:04.034000,2026-01-16 15:56:37.364000,0.23861058349732886,ha,ARROYITO,2026-01-14 00:00:00,2026-01-20 00:00:00,2026-10-06 13:13:42.015724,20261006_1313,2026-01-14 a 2026-01-20
LyS AGRO SA,5669981,Malasi srl,Campo1,Eugenio catibelli sorgo,1Z08500YCMF622008,1Z08500YCMF622008,Operador desconocido,,Cosecha de forraje: Maíz para ensilado - 16 ene 2026,Maíz para ensilado,0.2898963476738351,ha,64.96850590795935,%,4.179598050738995,t/ha,1.211650209653915,t,11.93097285476224,t/ha,3.458745454791243,t,258.99499999999927,s,7.376327377851451,km/h,4.02952509363427,ha/h,4.275310175925926,l,14.747720039357347,l/ha,59.426307972483514,l/h,47.59437574181597,t/h,47.59437574181596,t/h,0.2803140911488028,t/l,,,,,35.03149409204057,%,,,,,14.986000000000024,mm,0.9196993905567081,l/t,,,3.181006086862284,l,,,,,,,2026-01-16 19:45:39.785000,2026-01-16 20:14:23.514000,0.10888661268619473,ha,ARROYITO,2026-01-14 00:00:00,2026-01-20 00:00:00,2026-10-06 13:13:42.015724,20261006_1313,2026-01-14 a 2026-01-20
PICADO EL ARBOLITO,458447,mana,la pena,2,Picadora 8400 Rasino,1Z08400YCJF517676,Ricardo,pwue 510,Cosecha de forraje: Maíz para ensilado - 19 ene 2026,Maíz para ensilado,0.005024423057556153,ha,0.0,%,122.7402849060257,t/ha,0.616699117572847,t,122.7402849060257,t/ha,0.616699117572847,t,5.0,s,6.696998410604668,km/h,3.6175846014404294,ha/h,0.09605515277777747,l,19.11764827074456,l/ha,69.15970999999976,l/h,444.02336465244986,t/h,444.0233646524498,t/h,6.420260649624633,t/l,,,,,99.99999999999999,%,,,,,18.0,mm,0,l/t,0,l/t,0,l,0,l,,,,,2026-01-19 15:08:43.696000,2026-01-19 15:08:48.696000,,,ARROYITO,2026-01-14 00:00:00,2026-01-20 00:00:00,2026-10-06 13:13:42.015724,20261006_1313,2026-01-14 a 2026-01-20
SILAJES SAS,449524,mario gola,tambo,cft,1Z08600YCRF625485,1Z08600YCRF625485,Juan,,Cosecha de forraje: Alfalfa - 14 ene 2026,Alfalfa,7.980885258388277e-05,ha,61.33041669635085,%,296.12229553669465,t/ha,0.02363318063128903,t,765.7757602698315,t/ha,0.061115684763685736,t,0.806,s,13.061285152934339,km/h,0.35646633908433994,ha/h,0.015263284722222223,l,191.2480160791663,l/ha,68.17348014888337,l/h,6.874276384745217,t/h,6.874276384745217,t/h,0.03233255156457113,t/l,12.524448901847688,%,,,38.66958330364907,%,41.80542289960376,%,25.234989584453572,%,16.274142857142856,mm,0.3352471546862574,l/t,,,0.020488859423727898,l,,,6.280213876230489,%,8.318795556949905,%,2026-01-14 11:09:30.254000,2026-01-14 11:55:09.793000,,,ARROYITO,2026-01-14 00:00:00,2026-01-20 00:00:00,2026-10-06 13:13:42.015724,20261006_1313,2026-01-14 a 2026-01-20
SILAJES SAS,449524,Matias gola alfa,Tambo,Carrilobo,1Z08400YJGF515635,1Z08400YJGF515635,Mayco,2,Cosecha de forraje: Alfalfa - 19 ene 2026,Alfalfa,0.027626555722904206,ha,67.97548779258632,%,3.813485931124401,t/ha,0.1053534815747195,t,11.908021912794592,t/ha,0.3289776309233841,t,24.013,s,8.316746819239238,km/h,4.141739915981141,ha/h,0.3307155000000004,l,11.970927658050977,l/ha,49.58046891267235,l/h,49.31992967659944,t/h,49.319929676599465,t/h,0.3185622735393998,t/l,22.194407463887078,%,,,32.024512207413686,%,42.385290052077515,%,32.83603566756833,%,18.0,mm,1.0780167290227365,l/t,0,l/t,0.3546433896096756,l,0,l,10.661966039407822,%,,,2026-01-19 10:46:21.591000,2026-01-19 12:22:20.795000,,,ARROYITO,2026-01-14 00:00:00,2026-01-20 00:00:00,2026-10-06 13:13:42.015724,20261006_1313,2026-01-14 a 2026-01-20
MIRETTI RODOLFO,6187951,Miretti,tambo,LOTE 2,8500,1Z08500YAJF517667,mauri,1ra,Cosecha de forraje: Maíz para ensilado - 16 ene 2026,Maíz para ensilado,2.1811115927124023,ha,64.99999999999999,%,24.131642404662706,t/ha,52.63380500000002,t,68.94754972760772,t/ha,150.38230000000004,t,2524.9899999999957,s,4.143942131697689,km/h,3.1079565987732236,ha/h,57.09275270833349,l,26.190806726759405,l/ha,81.39989059362645,l/h,214.2731337549855,t/h,214.2731337549854,t/h,0.9213230664970589,t/l,,,,,34.999999999999986,%,,,,,22.0,mm,0.010647771775454139,l/t,0,l/t,1.6012364094678773,l,0,l,,,,,2026-01-16 14:10:50.600000,2026-01-16 14:53:05.569000,,,ARROYITO,2026-01-14 00:00:00,2026-01-20 00:00:00,2026-10-06 13:13:42.015724,20261006_1313,2026-01-14 a 2026-01-20
COOP DE PROV DE SERV AGROP SAN MARTIN LTDA,534599,Monzoni f y m,Tambo,Casa 1,1Z08600YKRF627041,1Z08600YKRF627041,Operador desconocido,12,Cosecha de forraje: Maíz para ensilado - 18 ene 2026,Maíz para ensilado,0.9408808093225884,ha,65.69156192872921,%,9.561845686327121,t/ha,8.996557107969164,t,27.870244825671723,t/ha,26.22257850759669,t,692.3049999999827,s,7.166258088372799,km/h,4.892599235252394,ha/h,18.68720656481481,l,19.861396236011185,l/ha,97.17385203535295,l/h,124.48643383200407,t/h,124.48643383200418,t/h,0.4404312505917047,t/l,,,,,34.308438071270785,%,,,,,19.989799999999892,mm,0.20838501672620455,l/t,,,5.464392460909748,l,,,,,,,2026-01-18 07:56:36.396000,2026-01-18 10:47:59.126000,0.4812642850672441,ha,ARROYITO,2026-01-14 00:00:00,2026-01-20 00:00:00,2026-10-06 13:13:42.015724,20261006_1313,2026-01-14 a 2026-01-20
SILAJES SAS,449524,Motivar,Ambroggio David,Lote 1,1Z08400YJGF515635,1Z08400YJGF515635,Mayco,2,Cosecha de forraje: Alfalfa - 20 ene 2026,Alfalfa,35.43171075588188,ha,68.69479098899252,%,1.7541954163294682,t/ha,62.15414460067951,t,5.603525648759162,t/ha,198.5425,t,9468.843000000179,s,10.565764870290337,km/h,13.469467241197883,ha/h,170.06464930555546,l,4.800309224821191,l/ha,64.65760785134866,l/h,75.48198524293007,t/h,75.4819852429302,t/h,0.3654555047144363,t/l,21.54463383542521,%,,,31.305209011007534,%,47.44927926862182,%,28.255768102780284,%,18.0,mm,1.0228575602002048,l/t,0,l/t,203.08069714604937,l,0,l,7.607840312564409,%,,,2026-01-20 14:40:44.400000,2026-01-20 19:24:11.569000,,,ARROYITO,2026-01-14 00:00:00,2026-01-20 00:00:00,2026-10-06 13:13:42.015724,20261006_1313,2026-01-14 a 2026-01-20
SILAJES SAS,449524,Motivar,Delpino,Delpino 3 y 4,1Z08600YCRF625485,1Z08600YCRF625485,Juan,,Cosecha de forraje: Alfalfa - 14 ene 2026,Alfalfa,0.1344842356452081,ha,72.21898478004258,%,7.67088200589941,t/ha,1.0316127032879625,t,27.611957105112488,t/ha,3.7133729459493257,t,117.04500000000026,s,5.508617125857944,km/h,4.134747732263226,ha/h,2.942494083333329,l,21.873521712426335,l/ha,90.50347046007931,l/h,113.97531506167843,t/h,113.9753150616784,t/h,0.347957263221277,t/l,18.701683926961408,%,,,27.781015219957382,%,41.94256145099446,%,29.758539899466964,%,15.976600000000117,mm,0.3084448678881163,l/t,,,1.1362718954327389,l,,,10.271221821596898,%,9.562344785037745,%,2026-01-14 21:47:07.004000,2026-01-14 21:49:04.254000,0.1344842356452081,ha,ARROYITO,2026-01-14 00:00:00,2026-01-20 00:00:00,2026-10-06 13:13:42.015724,20261006_1313,2026-01-14 a 2026-01-20
SILAJES SAS,449524,Motivar,Delpino,Delpino 3 y 4,1Z08600YCRF625485,1Z08600YCRF625485,Juan,,Cosecha de forraje: Maíz para ensilado - 14 ene 2026,Maíz para ensilado,16.742964017792723,ha,69.8764060826375,%,6.558377950372944,t/ha,109.8066860381794,t,21.771565399415152,t/ha,364.520536093429,t,10441.497999999912,s,7.8816947992264526,km/h,5.77254810220267,ha/h,276.9978656366284,l,16.544305968467544,l/ha,95.50280202053976,l/h,125.40143872657148,t/h,125.4014387265709,t/h,0.39432975315827473,t/l,7.110412759324244,%,26.41057182820736,%,30.123593917362815,%,47.701477410540534,%,24.95229400706152,%,15.976442726439288,mm,0.2660637225160858,l/t,,,96.97898601991537,l,,,7.161389422488168,%,5.127132507336437,%,2026-01-14 21:49:04.283000,2026-01-15 13:54:48.948000,16.587647157244035,ha,ARROYITO,2026-01-14 00:00:00,2026-01-20 00:00:00,2026-10-06 13:13:42.015724,20261006_1313,2026-01-14 a 2026-01-20
SILAJES SAS,449524,Motivar,Delpino,Delpino 5,1Z08600YCRF625485,1Z08600YCRF625485,Juan,,Cosecha de forraje: Maíz para ensilado - 16 ene 2026,Maíz para ensilado,0.028308740025721067,ha,66.98207883258199,%,8.329399911798841,t/ha,0.23579481667337737,t,25.226905926525365,t/ha,0.7141419215273286,t,23.39499999999999,s,5.79951815047433,km/h,4.35612156839478,ha/h,0.5633179583333334,l,19.89908267981929,l/ha,86.68282325283185,l/h,109.89146901040328,t/h,109.89146901040326,t/h,0.4185821048045657,t/l,6.435310845408802,%,32.31096188608441,%,33.017921167417995,%,43.64888989971889,%,22.968336926125858,%,17.98320000000002,mm,0.3285061544619702,l/t,,,0.23460001638102485,l,,,7.2356589218469,%,4.6048512042089556,%,2026-01-16 09:09:11.105000,2026-01-16 09:09:34.500000,,,ARROYITO,2026-01-14 00:00:00,2026-01-20 00:00:00,2026-10-06 13:13:42.015724,20261006_1313,2026-01-14 a 2026-01-20
SILAJES SAS,449524,Motivar,Delpino,Delpino 6,1Z08600YCRF625485,1Z08600YCRF625485,Juan,,Cosecha de forraje: Maíz para ensilado - 16 ene 2026,Maíz para ensilado,43.40904957049814,ha,64.36221058973868,%,9.982577525143581,t/ha,433.3342026302983,t,28.011214192396764,t/ha,1215.9401854075923,t,30776.68499999152,s,7.3315078141892,km/h,5.0775322607329745,ha/h,852.4545079367851,l,19.638087082987795,l/ha,99.71302070295374,l/h,139.92864865609954,t/h,139.928648656098,t/h,0.4983018633442616,t/l,6.0838082469733505,%,31.358942799156626,%,35.63778941026115,%,45.52625839230187,%,24.394277054495337,%,16.042371760896955,mm,0.34224200704145524,l/t,,,416.0603872583895,l,,,7.52906299181024,%,4.057441566617387,%,2026-01-16 08:58:46.379000,2026-01-16 20:56:47.959000,21.96660171787845,ha,ARROYITO,2026-01-14 00:00:00,2026-01-20 00:00:00,2026-10-06 13:13:42.015724,20261006_1313,2026-01-14 a 2026-01-20
SILAJES SAS,449524,Motivar,Prataviera,Lote 1,1Z08400YJGF515635,1Z08400YJGF515635,Mayco,2,Cosecha de forraje: Alfalfa - 14 ene 2026,Alfalfa,0.07561307629394531,ha,70.58996101292671,%,4.328808013667181,t/ha,0.3273144905992584,t,14.718810864446096,t/ha,1.1129345688495138,t,184.00500000000017,s,2.457196565862682,km/h,1.4743179395176071,ha/h,3.13800975,l,41.64242526609166,l/ha,61.39417461482021,l/h,21.774215091210817,t/h,21.774215091210827,t/h,0.10430639694451503,t/l,24.31524287920799,%,,,29.410038987073325,%,37.7248690931592,%,33.95936680561375,%,18.0,mm,0.159666888758514,l/t,0,l/t,0.17769880000000016,l,0,l,12.51953623351822,%,,,2026-01-14 09:52:43.200000,2026-01-14 10:14:29.185000,,,ARROYITO,2026-01-14 00:00:00,2026-01-20 00:00:00,2026-10-06 13:13:42.015724,20261006_1313,2026-01-14 a 2026-01-20
SILAJES SAS,449524,Motivar,Prataviera,Lote 2,1Z08400YJGF515635,1Z08400YJGF515635,Mayco,2,Cosecha de forraje: Alfalfa - 14 ene 2026,Alfalfa,26.848305364593507,ha,76.09885626593841,%,1.8599783896948057,t/ha,49.937267778071046,t,7.7819639528132045,t/ha,208.93254454138804,t,20911.678000002386,s,8.956654607406593,km/h,4.6219680090085955,ha/h,321.2978040833308,l,11.967252102126098,l/ha,55.31225637176841,l/h,35.96828338447623,t/h,35.96828338447631,t/h,0.15542361990472706,t/l,22.41044123018881,%,,,23.90114373406245,%,46.255337400192765,%,31.754102061472153,%,18.0,mm,1.4293823201902445,l/t,0,l/t,298.6444852798218,l,0,l,7.8679694004945855,%,,,2026-01-14 14:46:10.149000,2026-01-16 15:44:17.634000,,,ARROYITO,2026-01-14 00:00:00,2026-01-20 00:00:00,2026-10-06 13:13:42.015724,20261006_1313,2026-01-14 a 2026-01-20
SILAJES SAS,449524,Motivar,Prataviera,Prataviera Bajo,1Z08400YJGF515635,1Z08400YJGF515635,Mayco,2,Cosecha de forraje: Alfalfa - 14 ene 2026,Alfalfa,59.25132079013062,ha,75.13405456110377,%,1.685046019877456,t/ha,99.84120226989197,t,6.776521021564178,t/ha,401.5178208897627,t,41717.2030000042,s,9.373032953253043,km/h,5.112902876017222,ha/h,635.1025697638876,l,10.719231368575507,l/ha,54.80638889308507,l/h,34.64691021826938,t/h,34.64691021826939,t/h,0.15719313625826983,t/l,23.235026799310482,%,,,24.865945438895903,%,43.62056669906145,%,31.078934605031208,%,18.0,mm,0.430392217027694,l/t,0,l/t,172.8101451088735,l,0,l,9.09492225630117,%,,,2026-01-14 09:55:15.207000,2026-01-16 15:43:09.633000,,,ARROYITO,2026-01-14 00:00:00,2026-01-20 00:00:00,2026-10-06 13:13:42.015724,20261006_1313,2026-01-14 a 2026-01-20
SILAJES SAS,449524,Motivar,Tambo,Los zorro,1Z08600YCRF625485,1Z08600YCRF625485,Juan,,Cosecha de forraje: Alfalfa - 14 ene 2026,Alfalfa,14.17930007061062,ha,72.03499275115236,%,6.179884217554585,t/ha,87.6264327223372,t,22.098632632428224,t/ha,313.3431432453877,t,10304.995999996221,s,6.969878807892588,km/h,4.953399239962551,ha/h,250.15056902009957,l,17.642203820053606,l/ha,87.38887899351779,l/h,108.24052390930703,t/h,108.24052390930744,t/h,0.3447126920906506,t/l,17.560068472525295,%,,,27.965007248847055,%,48.362817069581,%,30.858920355360823,%,16.074102870990483,mm,0.44843690202062797,l/t,,,140.4454818579705,l,,,10.046374518394124,%,9.433073148782306,%,2026-01-14 17:43:43.568000,2026-01-14 20:55:47.217000,6.802437208090421,ha,ARROYITO,2026-01-14 00:00:00,2026-01-20 00:00:00,2026-10-06 13:13:42.015724,20261006_1313,2026-01-14 a 2026-01-20
SILAJES SAS,449524,Motivar,Tambo,Los zorro,1Z08600YCRF625485,1Z08600YCRF625485,Juan,,Cosecha de forraje: Maíz para ensilado - 14 ene 2026,Maíz para ensilado,5.571920840629056,ha,68.2562929772589,%,7.120136621450467,t/ha,39.672837629186006,t,22.430072884523394,t/ha,124.97859056210457,t,3658.770000000267,s,7.64658443772556,km/h,5.482024195634934,ha/h,96.09701337204314,l,17.24790429137915,l/ha,94.55342864933547,l/h,122.69127028681221,t/h,122.69127028681282,t/h,0.41094133458152005,t/l,2.3653646501953647,%,23.105145180442584,%,31.74370702274138,%,42.99257287122043,%,19.98757449779492,%,16.413894865992965,mm,0.2598423492905021,l/t,,,32.435183232785455,l,,,2.5950975734499817,%,0.27003178471507583,%,2026-01-14 21:49:06.589000,2026-01-15 14:41:42.817000,4.580606887164766,ha,ARROYITO,2026-01-14 00:00:00,2026-01-20 00:00:00,2026-10-06 13:13:42.015724,20261006_1313,2026-01-14 a 2026-01-20
SILAJES SAS,449524,nico gola alfa,Fabrica,Carrilobo1,1Z08600YCRF625485,1Z08600YCRF625485,Juan,,Cosecha de forraje: Alfalfa - 14 ene 2026,Alfalfa,13.42263668825294,ha,67.8289953251774,%,2.5238388396823486,t/ha,33.876571804758015,t,7.845073118458047,t/ha,105.3015662618419,t,7062.486999999642,s,15.120414333187911,km/h,6.841310037366885,ha/h,156.50217202586148,l,11.659935589775218,l/ha,79.7747053259188,l/h,52.43347030932713,t/h,52.43347030932732,t/h,0.20978138571494176,t/l,17.946541673016032,%,,,32.171004674821994,%,45.925964338580435,%,30.90575261626453,%,16.320639776315755,mm,0.9786982968203922,l/t,,,103.03634606853964,l,,,8.229631115670333,%,10.519239772732368,%,2026-01-14 09:31:13.354000,2026-01-14 12:35:42.502000,0.021949141592358827,ha,ARROYITO,2026-01-14 00:00:00,2026-01-20 00:00:00,2026-10-06 13:13:42.015724,20261006_1313,2026-01-14 a 2026-01-20
SILAJES SAS,449524,nico gola alfa,john deere,cft,1Z08600YCRF625485,1Z08600YCRF625485,Juan,,Cosecha de forraje: Alfalfa - 14 ene 2026,Alfalfa,0.0001982557115352214,ha,59.23972843655329,%,119.13412540279502,t/ha,0.023619020799857428,t,292.28000902141343,t/ha,0.05794618115606126,t,0.9950000000000001,s,12.710481467945776,km/h,0.7173070970118564,ha/h,0.014748194444444446,l,74.38975820792095,l/ha,53.36030150753769,l/h,5.122233494288303,t/h,5.122233494288303,t/h,0.032537486164929165,t/l,12.716727137396488,%,,,40.76027156344681,%,35.96262882948158,%,22.91566990759871,%,15.103122222222222,mm,0.4612329508891404,l/t,,,0.026726688127366845,l,,,6.233866500313644,%,7.73491619493323,%,2026-01-14 09:44:23.259000,2026-01-14 12:31:23.932000,,,ARROYITO,2026-01-14 00:00:00,2026-01-20 00:00:00,2026-10-06 13:13:42.015724,20261006_1313,2026-01-14 a 2026-01-20
SILAJES SAS,449524,nico sorgo,john deere,cft,1Z08600YCRF625485,1Z08600YCRF625485,Juan,,Cosecha de forraje: Alfalfa - 14 ene 2026,Alfalfa,10.98657167737606,ha,59.49120822415295,%,2.2396429659228527,t/ha,24.605997976842534,t,5.528782438922862,t/ha,60.742364553844055,t,6195.0369999970735,s,14.143339206488282,km/h,6.384410301112421,ha/h,112.05581259027741,l,10.199342968928791,l/ha,65.11679031540761,l/h,33.924322146857776,t/h,33.92432214685736,t/h,0.20921035715180655,t/l,20.313476198727177,%,,,40.508791775847136,%,40.949552356132756,%,31.627960815755287,%,13.66309656085866,mm,0.8807803791132984,l/t,,,53.5006828799731,l,,,11.28712466928984,%,12.102844050769864,%,2026-01-14 12:41:18.467000,2026-01-14 14:51:13.552000,9.119632225889174e-05,ha,ARROYITO,2026-01-14 00:00:00,2026-01-20 00:00:00,2026-10-06 13:13:42.015724,20261006_1313,2026-01-14 a 2026-01-20
COOPERATIVA TAMBERA LAS CAÑITAS LTDA,526845,Nigro,Javier,1,Benjamin Cabrera 3576411960,1Z08500YCLF621052,Operador desconocido,,Cosecha de forraje: Maíz para ensilado - 17 ene 2026,Maíz para ensilado,24.399881013973648,ha,64.89418732154849,%,9.008383136917741,t/ha,219.80347666907957,t,25.66065973013954,t/ha,626.1170441554699,t,17239.540999997607,s,7.132797147499625,km/h,5.095072997704572,ha/h,441.1277168538488,l,18.079679928077457,l/ha,92.11728900868428,l/h,127.48420354236984,t/h,127.48420354237022,t/h,0.4843793367975228,t/l,,,,,35.10581267845189,%,,,,,16.935990479762744,mm,0.4066798486215275,l/t,,,254.06472328902848,l,,,,,,,2026-01-17 19:32:37.425000,2026-01-20 08:54:07.627000,0.0024512926343279832,ha,ARROYITO,2026-01-14 00:00:00,2026-01-20 00:00:00,2026-10-06 13:13:42.015724,20261006_1313,2026-01-14 a 2026-01-20
COOPERATIVA TAMBERA LAS CAÑITAS LTDA,526845,Nigro,Javier,5,Benjamin Cabrera 3576411960,1Z08500YCLF621052,Operador desconocido,,Cosecha de forraje: Maíz para ensilado - 20 ene 2026,Maíz para ensilado,24.43380885351239,ha,64.9366135265067,%,8.214912018163815,t/ha,200.72159000023635,t,23.42874674804659,t/ha,572.4535197191202,t,15449.43200000025,s,7.972753335617801,km/h,5.693478582037414,ha/h,388.55294864510483,l,15.902393708249138,l/ha,90.53993798104443,l/h,129.67676327353533,t/h,129.6767632735354,t/h,0.5012894143003022,t/l,,,,,35.06338647349487,%,,,,,17.70623521354941,mm,0.4092426107490275,l/t,,,234.09550197945063,l,,,,,,,2026-01-20 08:52:23.628000,2026-01-20 16:54:25.487000,0.0021025649354673255,ha,ARROYITO,2026-01-14 00:00:00,2026-01-20 00:00:00,2026-10-06 13:13:42.015724,20261006_1313,2026-01-14 a 2026-01-20
PAIRETTI ROBERTO PABLO,358684,pairetti,Tbo2,4oeste,PAIRETTI 8500,1Z08500YAGF516057,Operador desconocido,,Cosecha de forraje: Alfalfa - 20 ene 2026,Alfalfa,0.7249876232730782,ha,0.0,%,42.009963005523396,t/ha,30.45670323316435,t,42.009963005523396,t/ha,30.45670323316435,t,269.9909999999987,s,10.730943709613175,km/h,9.6668238711034,ha/h,5.432308333333337,l,7.492966995502995,l/ha,72.43319221751871,l/h,406.0677839982321,t/h,406.0677839982322,t/h,5.606100898864154,t/l,,,,,99.99999999999977,%,,,,,16.992599999999886,mm,,,,,,,,,,,,,2026-01-20 09:06:31.081000,2026-01-20 10:00:59.945000,0.24949759829768486,ha,ARROYITO,2026-01-14 00:00:00,2026-01-20 00:00:00,2026-10-06 13:13:42.015724,20261006_1313,2026-01-14 a 2026-01-20
PAIRETTI ROBERTO PABLO,358684,Pairetti Roberto,Bossana,4_0este,PAIRETTI 8500,1Z08500YAGF516057,Operador desconocido,,Cosecha de forraje: Alfalfa - 20 ene 2026,Alfalfa,19.361501419869285,ha,0.0,%,40.34068208897591,t/ha,781.0561735442025,t,40.34068208897591,t/ha,781.0561735442025,t,7347.700000000279,s,10.533566993764747,km/h,9.486031415480513,ha/h,142.52370222740728,l,7.361284812732594,l/ha,69.82937899188137,l/h,378.2902164265908,t/h,378.2902164265932,t/h,5.417350431693999,t/l,,,,,100.00000000000034,%,,,,,15.903362832040376,mm,,,,,,,,,,,,,2026-01-20 09:06:23.286000,2026-01-20 13:34:08.037000,9.77512641987108,ha,ARROYITO,2026-01-14 00:00:00,2026-01-20 00:00:00,2026-10-06 13:13:42.015724,20261006_1313,2026-01-14 a 2026-01-20
COOPERATIVA AGROPECUARIA LTDA. DE BALNEARIA,2839981,porchetto cristian,tranquera,lote1,8500,1Z08500YTJ0619027,Emiliano,2,Cosecha de forraje: Maíz para ensilado - 14 ene 2026,Maíz para ensilado,0.4327361999130249,ha,65.00000000000001,%,12.904594071682428,t/ha,5.584285000000004,t,36.870268776235484,t/ha,15.955099999999996,t,306.9930000000002,s,6.777287248150459,km/h,5.066412307231235,ha/h,7.63066223611111,l,17.66183113836584,l/ha,89.48211864765635,l/h,187.099901300681,t/h,187.09990130068127,t/h,0.7318218035615713,t/l,,,,,35.00000000000001,%,,,,,20.0,mm,0,l/t,0,l/t,0,l,0,l,,,,,2026-01-14 07:27:23.800000,2026-01-14 07:32:30.793000,,,ARROYITO,2026-01-14 00:00:00,2026-01-20 00:00:00,2026-10-06 13:13:42.015724,20261006_1313,2026-01-14 a 2026-01-20
COOPERATIVA AGROPECUARIA LTDA. DE BALNEARIA,2839981,"Putero, Emanuel Alberto",Tambo Putero,Lote 3,8600,1Z08600YEMF622022,Operador desconocido,,Cosecha de forraje: Maíz para ensilado - 19 ene 2026,Maíz para ensilado,19.7264279322901,ha,61.11282911943482,%,11.165662096980464,t/ha,220.2586286723883,t,28.712970998259642,t/ha,566.4043531191045,t,13970.469999996616,s,7.059694024061878,km/h,5.083145497342736,ha/h,359.6862282709854,l,18.232040331479592,l/ha,92.68624618755561,l/h,142.66547769137577,t/h,142.66547769137605,t/h,0.5964385714434587,t/l,,,,,38.887170880565876,%,,,,,17.98320000000348,mm,,,,,,,,,,,,,2026-01-19 12:52:15.702000,2026-01-19 19:32:00.126000,16.48434631720144,ha,ARROYITO,2026-01-14 00:00:00,2026-01-20 00:00:00,2026-10-06 13:13:42.015724,20261006_1313,2026-01-14 a 2026-01-20
PICADO EL ARBOLITO,458447,racino fernando,alto alegre,maiz,Picadora 8400 Rasino,1Z08400YCJF517676,Ricardo,pwue 510,Cosecha de forraje: Maíz para ensilado - 14 ene 2026,Maíz para ensilado,0.0009904931030273439,ha,0.0,%,5.653749615099951,t/ha,0.005600000000000001,t,5.653749615099951,t/ha,0.005600000000000001,t,1.002,s,5.931096425313436,km/h,3.558657855188062,ha/h,0.007528916666666673,l,7.601180304693983,l/ha,27.050000000000022,l/h,20.11976047904192,t/h,20.119760479041922,t/h,0.7437989086521961,t/l,,,,,100.0,%,,,,,20.0,mm,0,l/t,0,l/t,0,l,0,l,,,,,2026-01-14 10:35:37.531000,2026-01-14 10:35:38.533000,,,ARROYITO,2026-01-14 00:00:00,2026-01-20 00:00:00,2026-10-06 13:13:42.015724,20261006_1313,2026-01-14 a 2026-01-20
PICADO EL ARBOLITO,458447,racino2,los abuelos,maiz,Picadora 8400 Rasino,1Z08400YCJF517676,Ricardo,pwue 510,Cosecha de forraje: Maíz para ensilado - 14 ene 2026,Maíz para ensilado,35.13336519589233,ha,0.0,%,5.411187869380316,t/ha,190.1132395585212,t,5.411187869380316,t/ha,190.1132395585212,t,51477.055000005144,s,4.284191077102263,km/h,2.456764226535048,ha/h,951.2965326527811,l,27.079537459252492,l/ha,66.52803890101451,l/h,13.294483579346206,t/h,13.294483579345659,t/h,0.19983278928642698,t/l,,,,,99.99999999999919,%,,,,,19.8579035144103,mm,0,l/t,0,l/t,0,l,0,l,,,,,2026-01-14 09:36:22.600000,2026-01-15 09:16:28.047000,,,ARROYITO,2026-01-14 00:00:00,2026-01-20 00:00:00,2026-10-06 13:13:42.015724,20261006_1313,2026-01-14 a 2026-01-20
SILAJES CORDES,330434,Rancho Pe S.A.,Santa Rosa,6,Picadora 2,1Z08500YJRF627030,Elias,1~2,Cosecha de forraje: Maíz para ensilado - 14 ene 2026,Maíz para ensilado,36.426186646252575,ha,59.84254435699008,%,8.97322111447087,t/ha,326.8602271338105,t,22.345093758530833,t/ha,813.9465558762577,t,27244.574999988796,s,7.00995666922408,km/h,4.813193846915099,ha/h,627.8606372370322,l,17.23663030442944,l/ha,82.96324292282937,l/h,135.14535250369937,t/h,135.14535250369926,t/h,0.654220949760319,t/l,5.870910625787853,%,32.70913384824322,%,40.15745564300968,%,43.992731389930405,%,24.104906112345137,%,14.986000000002647,mm,,,0.04899086893842164,l/t,,,50.67281290204094,l,7.4598525335245425,%,2.640094853086906,%,2026-01-14 06:59:47.506000,2026-01-14 19:53:25.238000,21.90971380476043,ha,ARROYITO,2026-01-14 00:00:00,2026-01-20 00:00:00,2026-10-06 13:13:42.015724,20261006_1313,2026-01-14 a 2026-01-20
SILAJES CORDES,330434,Rancho Pe S.A.,Santa Teresa,2,Picadora 2,1Z08500YJRF627030,Elias,,Cosecha de forraje: Alfalfa - 15 ene 2026,Alfalfa,9.976182355207792,ha,58.110531440056256,%,7.0994212869677735,t/ha,70.82512137523449,t,16.9479860476354,t/ha,169.07619936472813,t,6249.408999997809,s,6.339061597754095,km/h,5.746824456322271,ha/h,90.00310317054584,l,9.021798115344534,l/ha,51.84669004926391,l/h,95.42868396960158,t/h,95.42868396960145,t/h,0.7685165410878498,t/l,21.84733857013635,%,,,41.8894685599436,%,35.634966939228356,%,33.35329529503469,%,19.980895424288487,mm,,,0.05157646313554062,l/t,,,8.702352372057447,l,12.573411637493383,%,13.167537918407776,%,2026-01-15 17:10:06.913000,2026-01-16 09:18:14.028000,,,ARROYITO,2026-01-14 00:00:00,2026-01-20 00:00:00,2026-10-06 13:13:42.015724,20261006_1313,2026-01-14 a 2026-01-20
SILAJES CORDES,330434,Rancho Pe S.A.,Santa Teresa,Alfa entrada 2,Picadora 2,1Z08500YJRF627030,Elias,,Cosecha de forraje: Alfalfa - 15 ene 2026,Alfalfa,52.74539174731159,ha,55.494587726284045,%,6.776784174984462,t/ha,357.4441360965373,t,15.22687652752365,t/ha,803.1475675321785,t,28079.199000037053,s,7.4418494442956,km/h,6.7623963692865425,ha/h,443.2003161731613,l,8.402668394665413,l/ha,56.82217424440476,l/h,101.63029156865684,t/h,101.63029156865584,t/h,0.794416934422475,t/l,21.86326572211438,%,,,44.505412273718726,%,36.922070493747874,%,34.87579696093763,%,19.989739791863524,mm,,,0.056986180245218114,l/t,,,45.768312046897215,l,11.567721557230167,%,12.831865439246753,%,2026-01-15 19:36:22.588000,2026-01-16 18:55:29.383000,,,ARROYITO,2026-01-14 00:00:00,2026-01-20 00:00:00,2026-10-06 13:13:42.015724,20261006_1313,2026-01-14 a 2026-01-20
SILAJES CORDES,330434,Rancho Pe S.A.,Santa Teresa,Alfa entrada parte 1,Picadora 2,1Z08500YJRF627030,Elias,,Cosecha de forraje: Alfalfa - 15 ene 2026,Alfalfa,1.753498804294456,ha,59.045011255429614,%,4.954663315505984,t/ha,8.687996199421349,t,12.097826094904798,t/ha,21.21352359197783,t,829.2910000000501,s,6.645368496419414,km/h,7.61133541236992,ha/h,12.27845928703704,l,7.002910283637386,l/ha,53.3014990314988,l/h,91.92162889922434,t/h,91.92162889922449,t/h,0.7050614875974696,t/l,22.145632459696827,%,,,40.954988744570535,%,35.45456472850768,%,33.30732155937119,%,18.26062826001159,mm,,,0.054078047167297034,l/t,,,1.147185929391547,l,12.600893823047395,%,13.40252966091632,%,2026-01-15 17:10:16.712000,2026-01-15 17:24:28.803000,,,ARROYITO,2026-01-14 00:00:00,2026-01-20 00:00:00,2026-10-06 13:13:42.015724,20261006_1313,2026-01-14 a 2026-01-20
SILAJES CORDES,330434,Rancho Pe S.A.,Santa Teresa,Lote alfa 2,Picadora 2,1Z08500YJRF627030,Elias,,Cosecha de forraje: Alfalfa - 16 ene 2026,Alfalfa,2.1128935419725416,ha,55.258359087544235,%,3.2367168813428355,t/ha,6.838838195782782,t,7.234238207033976,t/ha,15.285175188733106,t,665.7290000000119,s,9.92587705404252,km/h,11.425695367185726,ha/h,8.018272199074069,l,3.7949248458530516,l/ha,43.35965523008032,l/h,82.21655095382823,t/h,82.21655095382786,t/h,0.8438111517824126,t/l,23.664734601781134,%,,,44.74164091245582,%,29.334184991407948,%,32.97204336974413,%,19.989800000000237,mm,,,0.02996173393149083,l/t,,,0.4579703521010465,l,14.705117889228305,%,14.512096972934804,%,2026-01-16 19:05:05.903000,2026-01-16 19:27:27.333000,,,ARROYITO,2026-01-14 00:00:00,2026-01-20 00:00:00,2026-10-06 13:13:42.015724,20261006_1313,2026-01-14 a 2026-01-20
SILAJES CORDES,330434,Rancho Pe S.A.,Santa Teresa,Lote alfa 3,Picadora 2,1Z08500YJRF627030,Elias,,Cosecha de forraje: Alfalfa - 16 ene 2026,Alfalfa,29.56593843235799,ha,57.9917330611788,%,3.883283624454587,t/ha,114.8129245560083,t,9.244093859216019,t/ha,273.31030990451933,t,10648.520999996512,s,10.945445833956017,km/h,9.995377917057493,ha/h,173.5165188456369,l,5.868874411229466,l/ha,58.661617687987324,l/h,91.26459549864526,t/h,91.26459549864336,t/h,0.6516150644656604,t/l,21.08393094908273,%,,,42.008266938820675,%,35.10176691573025,%,30.398262826290406,%,19.989799999999303,mm,,,0.06392268048183972,l/t,,,17.456588075662673,l,12.461458263715917,%,12.171855339179084,%,2026-01-16 19:58:02.493000,2026-01-17 10:17:04.389000,,,ARROYITO,2026-01-14 00:00:00,2026-01-20 00:00:00,2026-10-06 13:13:42.015724,20261006_1313,2026-01-14 a 2026-01-20
SILAJES CORDES,330434,Rancho Pe S.A.,Santa Teresa,Lote alfa pileta,Picadora 2,1Z08500YJRF627030,Elias,,Cosecha de forraje: Alfalfa - 17 ene 2026,Alfalfa,13.750216543044646,ha,53.214128157913926,%,3.6995668716155334,t/ha,50.86984560018784,t,7.907444546726647,t/ha,108.72907481960893,t,4402.82599999954,s,11.472052684169034,km/h,11.242956127488325,ha/h,64.48908361111124,l,4.690041310202618,l/ha,52.72992868671698,l/h,87.90509944274135,t/h,87.90509944274054,t/h,0.7788095147805577,t/l,23.104619673258345,%,,,46.78587184208607,%,31.758094070728433,%,32.48511459792182,%,19.989799999999796,mm,,,0.058555437991368156,l/t,,,6.366678598458399,l,16.348349440852086,%,12.951471742535697,%,2026-01-17 10:38:50.409000,2026-01-17 12:09:10.921000,,,ARROYITO,2026-01-14 00:00:00,2026-01-20 00:00:00,2026-10-06 13:13:42.015724,20261006_1313,2026-01-14 a 2026-01-20
PICADO EL ARBOLITO,458447,Rasino Juan C,cabaña,Don Ramon,Picadora 8400 Rasino,1Z08400YCJF517676,Ricardo,pwue 510,Cosecha de forraje: Maíz para ensilado - 19 ene 2026,Maíz para ensilado,10.798239825187682,ha,0.0,%,68.62597163951399,t/ha,741.0397000000004,t,68.62597163951399,t/ha,741.0397000000004,t,18793.650000001235,s,3.5160798199895056,km/h,2.0682819598166264,ha/h,385.55891873611307,l,35.70856320094531,l/ha,73.85537707948767,l/h,141.9491647444656,t/h,141.94916474446512,t/h,1.9219882201900038,t/l,,,,,100.0,%,,,,,16.467920446034785,mm,0,l/t,0,l/t,0,l,0,l,,,,,2026-01-19 08:20:28.800000,2026-01-19 13:35:13.437000,,,ARROYITO,2026-01-14 00:00:00,2026-01-20 00:00:00,2026-10-06 13:13:42.015724,20261006_1313,2026-01-14 a 2026-01-20
PICADO EL ARBOLITO,458447,Rasino Juan C,Donosa,DONOSA,Picadora 8400 Rasino,1Z08400YCJF517676,Ricardo,pwue 510,Cosecha de forraje: Maíz para ensilado - 19 ene 2026,Maíz para ensilado,14.626160769058227,ha,0.0,%,89.22860614159595,t/ha,1305.0719386259586,t,89.22860614159595,t/ha,1305.0719386259586,t,26601.527000002163,s,3.3355298838517897,km/h,1.9791609637459961,ha/h,538.5670215972257,l,36.82600210982203,l/ha,72.88458582658996,l/h,176.60404002571252,t/h,176.60404002571275,t/h,2.4230643286619853,t/l,,,,,100.00000000000006,%,,,,,18.0,mm,0,l/t,0,l/t,0,l,0,l,,,,,2026-01-19 13:41:27.800000,2026-01-20 12:22:10.500000,,,ARROYITO,2026-01-14 00:00:00,2026-01-20 00:00:00,2026-10-06 13:13:42.015724,20261006_1313,2026-01-14 a 2026-01-20
PICADO EL ARBOLITO,458447,Rasino Juan C,Los abuelos,MONTE,Picadora 8400 Rasino,1Z08400YCJF517676,Ricardo,pwue 510,Cosecha de forraje: Maíz para ensilado - 15 ene 2026,Maíz para ensilado,21.56096812740326,ha,0.0,%,16.45307197456561,t/ha,354.7441604414809,t,16.45307197456561,t/ha,354.7441604414809,t,34057.208000000566,s,4.09743808785025,km/h,2.2778007017480095,ha/h,633.3231764027767,l,29.39023900941547,l/ha,66.94510704018835,l/h,37.49572711859729,t/h,37.495727118597344,t/h,0.5600922698525272,t/l,,,,,99.99999999999986,%,,,,,18.59967020361342,mm,0,l/t,0,l/t,0,l,0,l,,,,,2026-01-15 08:19:14.200000,2026-01-16 12:07:03.356000,,,ARROYITO,2026-01-14 00:00:00,2026-01-20 00:00:00,2026-10-06 13:13:42.015724,20261006_1313,2026-01-14 a 2026-01-20
LyS AGRO SA,5669981,Reyuno 12/01,Balanza 12/01/26,Alfa,1Z08500YCMF622008,1Z08500YCMF622008,Operador desconocido,,Cosecha de forraje: Alfalfa - 14 ene 2026,Alfalfa,25.459392813649806,ha,64.77400689902869,%,2.7644694259650437,t/ha,70.38171303696905,t,7.847811183182363,t/ha,199.8005076399936,t,7708.659999999655,s,9.028329277047169,km/h,11.889720668591394,ha/h,179.64398592221747,l,7.056098597367339,l/ha,83.89504133273633,l/h,91.66971797324479,t/h,91.66971797324504,t/h,0.38243501380952355,t/l,,,,,35.22599310097097,%,,,,,11.98844564196788,mm,0.8268311808374862,l/t,,,111.32794403682807,l,,,,,,,2026-01-14 09:27:06.614000,2026-01-14 13:02:56.058000,22.810271575766336,ha,ARROYITO,2026-01-14 00:00:00,2026-01-20 00:00:00,2026-10-06 13:13:42.015724,20261006_1313,2026-01-14 a 2026-01-20
PAIRETTI ROBERTO PABLO,358684,Roberto pairetti,Tambo 2,Boss 3,PAIRETTI 8500,1Z08500YAGF516057,Operador desconocido,,Cosecha de forraje: Alfalfa - 20 ene 2026,Alfalfa,0.4504631570183779,ha,0.0,%,41.92291194162879,t/ha,18.88472726462956,t,41.92291194162879,t/ha,18.88472726462956,t,164.82499999999996,s,10.91691484306324,km/h,9.838722070475793,ha/h,3.4540207847222226,l,7.667709846870571,l/ha,75.4404661004096,l/h,405.5444568178567,t/h,405.5444568178572,t/h,5.375688642725062,t/l,,,,,100.00000000000013,%,,,,,16.992599999999943,mm,,,,,,,,,,,,,2026-01-20 08:51:53.123000,2026-01-20 09:09:13.275000,0.3149351877045766,ha,ARROYITO,2026-01-14 00:00:00,2026-01-20 00:00:00,2026-10-06 13:13:42.015724,20261006_1313,2026-01-14 a 2026-01-20
LyS AGRO SA,5669981,Ronal mareng 08/01/26,Alfa,,1Z08500YCMF622008,1Z08500YCMF622008,Operador desconocido,,Cosecha de forraje: Maíz para ensilado - 15 ene 2026,Maíz para ensilado,0.00634871296204652,ha,62.212068857932564,%,14.433587970098785,t/ha,0.09163470703460488,t,38.19629054534443,t/ha,0.24249728488732317,t,14.185000000000002,s,2.969855555323906,km/h,1.611234872285336,ha/h,0.23923732947530862,l,31.86103227856546,l/ha,60.715853797046954,l/h,58.90353084458512,t/h,58.903530844585106,t/h,0.3395527610386254,t/l,,,,,37.78793114206747,%,,,,,11.988800000000007,mm,,,,,,,,,,,,,2026-01-15 08:46:13.604000,2026-01-15 08:46:27.789000,0,ha,ARROYITO,2026-01-14 00:00:00,2026-01-20 00:00:00,2026-10-06 13:13:42.015724,20261006_1313,2026-01-14 a 2026-01-20
LyS AGRO SA,5669981,Ronal marengo10/01/26,Maiz,13 hectareas,1Z08500YCMF622008,1Z08500YCMF622008,Operador desconocido,,Cosecha de forraje: Maíz para ensilado - 15 ene 2026,Maíz para ensilado,13.24868751219956,ha,64.92382781641241,%,7.89631578496865,t/ha,104.6158203326984,t,22.51190849343395,t/ha,298.2532409327375,t,11780.493999997483,s,7.370522924852308,km/h,4.048665110642064,ha/h,256.96736789867686,l,19.395684867807294,l/ha,78.52663262130021,l/h,88.972121428499,t/h,88.9721214284993,t/h,0.396556447927044,t/l,,,,,35.076172183588184,%,,,,,14.985999999995935,mm,,,,,,,,,,,,,2026-01-15 09:33:58.489000,2026-01-15 16:06:27.717000,11.615303202579577,ha,ARROYITO,2026-01-14 00:00:00,2026-01-20 00:00:00,2026-10-06 13:13:42.015724,20261006_1313,2026-01-14 a 2026-01-20
LyS AGRO SA,5669981,Ronal marengo10/01/26,Maiz,28 maiz,1Z08500YCMF622008,1Z08500YCMF622008,Operador desconocido,,Cosecha de forraje: Maíz para ensilado - 15 ene 2026,Maíz para ensilado,27.97935415028247,ha,64.91199445482134,%,6.579184530668022,t/ha,184.08133400362055,t,18.750522944932708,t/ha,524.6275219792695,t,24270.59099999405,s,7.520772930028525,km/h,4.150085500803637,ha/h,504.7112862881881,l,18.038276998801766,l/ha,74.86264469777099,l/h,76.88596413580336,t/h,76.88596413580339,t/h,0.35948058804946215,t/l,,,,,35.08800554517881,%,,,,,14.985999999995112,mm,,,,,,,,,,,,,2026-01-15 16:15:33.704000,2026-01-16 08:07:08.503000,22.635983426343202,ha,ARROYITO,2026-01-14 00:00:00,2026-01-20 00:00:00,2026-10-06 13:13:42.015724,20261006_1313,2026-01-14 a 2026-01-20
LyS AGRO SA,5669981,Ronal marengo10/01/26,Maiz,Maiz,1Z08500YCMF622008,1Z08500YCMF622008,Operador desconocido,,Cosecha de forraje: Maíz para ensilado - 15 ene 2026,Maíz para ensilado,5.506714684603922,ha,64.95863196569958,%,9.85996415589197,t/ha,54.29600940691862,t,28.138068542987416,t/ha,154.9483152420605,t,4988.191000000312,s,7.306632940244701,km/h,3.9742208878073697,ha/h,122.89922038425932,l,22.318065747599,l/ha,88.69692306956688,l/h,109.55043804025632,t/h,109.55043804025594,t/h,0.4322884265558643,t/l,,,,,35.04136803430056,%,,,,,17.390796097380107,mm,,,,,,,,,,,,,2026-01-15 08:46:59.604000,2026-01-15 10:53:01.886000,4.068143092327374,ha,ARROYITO,2026-01-14 00:00:00,2026-01-20 00:00:00,2026-10-06 13:13:42.015724,20261006_1313,2026-01-14 a 2026-01-20
COOPERATIVA TAMBERA LAS CAÑITAS LTDA,526845,Sereno sebastian,Devoto,1,Benjamin Cabrera 3576411960,1Z08500YCLF621052,Operador desconocido,,Cosecha de forraje: Maíz para ensilado - 16 ene 2026,Maíz para ensilado,3.756468587408718,ha,64.75940724612103,%,10.934001885045621,t/ha,41.07323461584158,t,31.02672523532405,t/ha,116.55091871665616,t,3281.1860000002052,s,5.977661937734276,km/h,4.12146306691267,ha/h,78.16868468634252,l,20.80908780878827,l/ha,85.76388686006061,l/h,120.48969059216337,t/h,120.48969059216348,t/h,0.49171296743832277,t/l,,,,,35.240592753879305,%,,,,,17.522823026661495,mm,0.36881620155517886,l/t,,,42.98586712884339,l,,,,,,,2026-01-16 17:49:32.058000,2026-01-16 19:34:01.224000,2.1773582567192467,ha,ARROYITO,2026-01-14 00:00:00,2026-01-20 00:00:00,2026-10-06 13:13:42.015724,20261006_1313,2026-01-14 a 2026-01-20
COOPERATIVA TAMBERA LAS CAÑITAS LTDA,526845,Sereno sebastian,Devoto,2,Benjamin Cabrera 3576411960,1Z08500YCLF621052,Operador desconocido,,Cosecha de forraje: Maíz para ensilado - 16 ene 2026,Maíz para ensilado,2.4956260256578764,ha,64.98763318811085,%,11.225367763155667,t/ha,28.014319937312223,t,32.06115091694915,t/ha,80.01264264088319,t,2209.1180000001004,s,5.813793788454598,km/h,4.066896242015044,ha/h,55.77854658116506,l,22.35052287790648,l/ha,90.89725749923072,l/h,129.69289629534228,t/h,129.69289629534265,t/h,0.4993826541329267,t/l,,,,,35.01236681188936,%,,,,,17.983200000002128,mm,0.36195371616283434,l/t,,,28.960873343876596,l,,,,,,,2026-01-16 19:50:37.788000,2026-01-16 20:34:52.493000,,,ARROYITO,2026-01-14 00:00:00,2026-01-20 00:00:00,2026-10-06 13:13:42.015724,20261006_1313,2026-01-14 a 2026-01-20
visconti,418068,Vazquez,Casa,Bolsa norte,Visconti,1Z08500YKHF516569,Operador desconocido,1,Cosecha de forraje: Maíz para ensilado - 19 ene 2026,Maíz para ensilado,1.4148070244160023,ha,0.0,%,25.522846516303265,t/ha,36.10990253435735,t,25.522846516303265,t/ha,36.10990253435735,t,938.6700000000777,s,8.388628182645547,km/h,5.426087216910273,ha/h,23.822288652777708,l,16.837836002836486,l/ha,91.36356669542302,l/h,137.20828259701747,t/h,137.20828259701676,t/h,1.5017833427456462,t/l,,,,,100.0000000000008,%,,,,,16.992599999998532,mm,,,,,,,,,,,,,2026-01-19 14:04:03.994000,2026-01-19 14:21:07.869000,,,ARROYITO,2026-01-14 00:00:00,2026-01-20 00:00:00,2026-10-06 13:13:42.015724,20261006_1313,2026-01-14 a 2026-01-20
visconti,418068,Vazquez,Casa,Tambo noreste,Visconti,1Z08500YKHF516569,Operador desconocido,1,Cosecha de forraje: Maíz para ensilado - 19 ene 2026,Maíz para ensilado,13.634344455370487,ha,0.0,%,34.42578124814392,t/ha,469.3729596824283,t,34.42578124814392,t/ha,469.3729596824283,t,10941.916999999872,s,6.3747862548294005,km/h,4.485835529490327,ha/h,307.77056953141505,l,22.5721787393637,l/ha,101.25959192645195,l/h,140.5336513089819,t/h,140.53365130898172,t/h,1.3878552010268423,t/l,,,,,100.00000000000021,%,,,,,17.92206352875439,mm,,,,,,,,,,,,,2026-01-19 08:33:14.015000,2026-01-19 13:45:28.229000,5.774597920754718,ha,ARROYITO,2026-01-14 00:00:00,2026-01-20 00:00:00,2026-10-06 13:13:42.015724,20261006_1313,2026-01-14 a 2026-01-20
MEDITERRANEA FORRAJES SRL,5937812,Verdecchia y meurzet,Don carlos,Maiz lote 10,8600,1Z08600YCRF625499,Operador desconocido,VARIEDAD1,Cosecha de forraje: Maíz para ensilado - 15 ene 2026,Maíz para ensilado,22.62010947161061,ha,52.30088518595281,%,10.600235284239435,t/ha,239.77848255432542,t,22.223127883114337,t/ha,502.6895855176485,t,11656.53199999903,s,9.53197839476808,km/h,6.985988122179485,ha/h,334.30070529902423,l,14.778916331885545,l/ha,103.24533395323739,l/h,152.72009548747698,t/h,152.72009548747874,t/h,0.7046485007344907,t/l,,,,,47.69911481404841,%,,,,,14.018834196486063,mm,,,,,,,,,,,,,2026-01-15 17:52:06.630000,2026-01-18 18:09:06.663000,19.797464954410206,ha,ARROYITO,2026-01-14 00:00:00,2026-01-20 00:00:00,2026-10-06 13:13:42.015724,20261006_1313,2026-01-14 a 2026-01-20
MEDITERRANEA FORRAJES SRL,5937812,Verdecchia y meurzet,Don carlos,Maiz molino,8600,1Z08600YCRF625499,Operador desconocido,VARIEDAD1,Cosecha de forraje: Maíz para ensilado - 15 ene 2026,Maíz para ensilado,27.05248247124106,ha,57.31386771562411,%,12.694274536899481,t/ha,343.41163939459494,t,29.738638423199777,t/ha,804.5039946621878,t,16170.217999993769,s,8.2607946386998,km/h,6.022734937556436,ha/h,469.87468307360194,l,17.368450818287677,l/ha,104.60890873985868,l/h,174.82190142077508,t/h,174.82190142077337,t/h,0.7124730215859956,t/l,,,,,42.68613228437668,%,,,,,16.43513172438829,mm,,,,,,,,,,,,,2026-01-15 09:32:53.186000,2026-01-15 17:20:31.865000,24.510635987560725,ha,ARROYITO,2026-01-14 00:00:00,2026-01-20 00:00:00,2026-10-06 13:13:42.015724,20261006_1313,2026-01-14 a 2026-01-20
MEDITERRANEA FORRAJES SRL,5937812,Verdecchia y meurzet,Don carlos,Maiz piquete,8600,1Z08600YCRF625499,Operador desconocido,VARIEDAD1,Cosecha de forraje: Maíz para ensilado - 15 ene 2026,Maíz para ensilado,1.453318803218981,ha,70.53065139296366,%,8.450972789886743,t/ha,12.281957661034376,t,28.677161828642873,t/ha,41.677058508520304,t,1042.6769999999756,s,7.362810438395116,km/h,5.017802916520102,ha/h,25.596029326122505,l,17.61212286624889,l/ha,88.37416148437448,l/h,141.0458356732294,t/h,141.04583567322928,t/h,0.4689053031729288,t/l,,,,,29.469348607036466,%,,,,,14.986000000000066,mm,,,,,,,,,,,,,2026-01-15 17:30:18.795000,2026-01-15 17:51:58.035000,0.36919343770976126,ha,ARROYITO,2026-01-14 00:00:00,2026-01-20 00:00:00,2026-10-06 13:13:42.015724,20261006_1313,2026-01-14 a 2026-01-20
COOP DE PROV DE SERV AGROP SAN MARTIN LTDA,534599,Zopetto,Tambo 2,,1Z08600YKRF627041,1Z08600YKRF627041,Operador desconocido,12,Cosecha de forraje: Maíz para ensilado - 16 ene 2026,Maíz para ensilado,16.40565387704593,ha,52.44242216372213,%,14.848633987677792,t/ha,243.60154974878208,t,31.222435336794096,t/ha,512.2244673338918,t,12796.73199999776,s,6.694367675215696,km/h,4.615268488656495,ha/h,377.67220504797484,l,23.020856582644182,l/ha,106.24743396774697,l/h,137.5686248056824,t/h,137.56862480568358,t/h,0.6185417529646288,t/l,,,,,47.55757783627856,%,,,,,15.195522856830635,mm,,,,,,,,,,,,,2026-01-16 17:21:37.994000,2026-01-17 07:20:48.774000,12.768203365033083,ha,ARROYITO,2026-01-14 00:00:00,2026-01-20 00:00:00,2026-10-06 13:13:42.015724,20261006_1313,2026-01-14 a 2026-01-20
COOP DE PROV DE SERV AGROP SAN MARTIN LTDA,534599,Zopetto,Tambo grande,Lotes sur,1Z08600YKRF627041,1Z08600YKRF627041,Operador desconocido,12,Cosecha de forraje: Maíz para ensilado - 17 ene 2026,Maíz para ensilado,13.304906985144973,ha,55.64718139940828,%,9.586816871024574,t/ha,127.55170675260051,t,21.614898835080826,t/ha,287.5842184940688,t,8157.025999997328,s,8.594614292110837,km/h,5.871952001444606,ha/h,234.65371447340766,l,17.63662945824421,l/ha,103.56144164607741,l/h,123.22823657205817,t/h,123.22823657205893,t/h,0.527799410828321,t/l,,,,,44.352818600591156,%,,,,,9.982199999999283,mm,,,,,,,,,,,,,2026-01-17 07:57:45.505000,2026-01-17 11:10:26.280000,10.328088830672755,ha,ARROYITO,2026-01-14 00:00:00,2026-01-20 00:00:00,2026-10-06 13:13:42.015724,20261006_1313,2026-01-14 a 2026-01-20
COOP DE PROV DE SERV AGROP SAN MARTIN LTDA,534599,Zoppetto,Tambo 2,9 piquete,1Z08600YKRF627041,1Z08600YKRF627041,Operador desconocido,12,Cosecha de forraje: Maíz para ensilado - 16 ene 2026,Maíz para ensilado,0.7944432021685058,ha,52.4033989887342,%,14.36071636708148,t/ha,11.408773496097881,t,30.17172668208463,t/ha,23.969723160268256,t,775.7069999999844,s,6.14164136319322,km/h,3.686953357139587,ha/h,20.272590185623137,l,25.51798559077255,l/ha,94.08362264133842,l/h,103.6885463977463,t/h,103.68854639774649,t/h,0.5254848678840874,t/l,,,,,47.59660101126593,%,,,,,9.982199999999898,mm,,,,,,,,,,,,,2026-01-16 20:46:26.238000,2026-01-16 21:44:27.813000,0.4344039401938603,ha,ARROYITO,2026-01-14 00:00:00,2026-01-20 00:00:00,2026-10-06 13:13:42.015724,20261006_1313,2026-01-14 a 2026-01-20
COOP DE PROV DE SERV AGROP SAN MARTIN LTDA,534599,Zoppetto,Tambo grande,10 sur,1Z08600YKRF627041,1Z08600YKRF627041,Operador desconocido,12,Cosecha de forraje: Maíz para ensilado - 17 ene 2026,Maíz para ensilado,0.3417699824161825,ha,58.30120013610749,%,9.59225917044111,t/ha,3.278346248013124,t,23.00368164491752,t/ha,7.861967871290922,t,243.5649999999978,s,7.402895701436829,km/h,5.0515137096802585,ha/h,6.52386778973767,l,19.08847507208333,l/ha,96.42569352351849,l/h,111.7217918875204,t/h,111.72179188752044,t/h,0.48293383539123513,t/l,,,,,41.69879986389254,%,,,,,9.982200000000164,mm,,,,,,,,,,,,,2026-01-17 08:07:06.240000,2026-01-17 08:17:03.960000,,,ARROYITO,2026-01-14 00:00:00,2026-01-20 00:00:00,2026-10-06 13:13:42.015724,20261006_1313,2026-01-14 a 2026-01-20
COOP DE PROV DE SERV AGROP SAN MARTIN LTDA,534599,Zoppetto,Tambo grande,12 sur,1Z08600YKRF627041,1Z08600YKRF627041,Operador desconocido,12,Cosecha de forraje: Maíz para ensilado - 16 ene 2026,Maíz para ensilado,0.009456068498166562,ha,64.59676880348233,%,5.390902446211931,t/ha,0.0509767427983137,t,15.227148099245213,t/ha,0.1439889554581895,t,14.999999999999995,s,3.067839490053363,km/h,2.269456439559975,ha/h,0.26749731250000003,l,28.288427960506535,l/ha,64.19935500000001,l/h,34.55734930996551,t/h,34.55734930996551,t/h,0.1905691773943101,t/l,,,,,35.40323119651769,%,,,,,9.982200000000004,mm,,,,,,,,,,,,,2026-01-16 20:46:26.238000,2026-01-16 20:46:41.238000,,,ARROYITO,2026-01-14 00:00:00,2026-01-20 00:00:00,2026-10-06 13:13:42.015724,20261006_1313,2026-01-14 a 2026-01-20
COOP DE PROV DE SERV AGROP SAN MARTIN LTDA,534599,Zoppetto,Tambo grande,22 este,1Z08600YKRF627041,1Z08600YKRF627041,Operador desconocido,12,Cosecha de forraje: Maíz para ensilado - 16 ene 2026,Maíz para ensilado,0.46672658810850726,ha,47.908905667383365,%,16.155485787419355,t/ha,7.540194760797716,t,31.013911292133624,t/ha,14.475017001277433,t,471.9669999999937,s,5.419874776922682,km/h,3.5600279621046615,ha/h,12.63844543999287,l,27.078906070495034,l/ha,96.40166279416769,l/h,102.13109585423884,t/h,102.13109585423896,t/h,0.5535134001032213,t/l,,,,,52.09109433261671,%,,,,,9.982199999999988,mm,,,,,,,,,,,,,2026-01-16 20:49:34.813000,2026-01-16 21:27:55.338000,0.17418890675072252,ha,ARROYITO,2026-01-14 00:00:00,2026-01-20 00:00:00,2026-10-06 13:13:42.015724,20261006_1313,2026-01-14 a 2026-01-20
